WARNING: Makefile 'package/feeds/morse/aws-kvs/Makefile' has a dependency on 'gst1-mod-videoparsersbad', which does not exist
WARNING: Makefile 'package/feeds/luci/luci-app-polipo/Makefile' has a dependency on 'polipo', which does not exist
WARNING: Makefile 'package/feeds/luci/luci-app-shairplay/Makefile' has a dependency on 'shairplay', which does not exist
WARNING: Makefile 'package/feeds/luci/luci-ssl-nginx/Makefile' has a dependency on 'nginx-mod-luci-ssl', which does not exist
make[2]: Entering directory '/home/joseca/openmanet-firmware/scripts/config'
make[2]: 'conf' is up to date.
make[2]: Leaving directory '/home/joseca/openmanet-firmware/scripts/config'
make[1]: Entering directory '/home/joseca/openmanet-firmware'
make[2]: Entering directory '/home/joseca/openmanet-firmware'
make[2]: Entering directory '/home/joseca/openmanet-firmware'
rm -rf /home/joseca/openmanet-firmware/staging_dir/target-aarch64_cortex-a76_musl/root-bcm27xx
+ mkdir -p /home/joseca/openmanet-firmware/staging_dir/target-aarch64_cortex-a76_musl
+ cd /home/joseca/openmanet-firmware/staging_dir/target-aarch64_cortex-a76_musl
+ mkdir -p bin lib stamp usr/include usr/lib
mkdir -p /home/joseca/openmanet-firmware/build_dir/target-aarch64_cortex-a76_musl/stamp
touch /home/joseca/openmanet-firmware/staging_dir/target-aarch64_cortex-a76_musl/.prepared
make[3]: Entering directory '/home/joseca/openmanet-firmware/target/linux'
make[4]: Entering directory '/home/joseca/openmanet-firmware/target/linux/bcm27xx'
rm -rf /home/joseca/openmanet-firmware/build_dir/target-aarch64_cortex-a76_musl/linux-bcm27xx_bcm2712
mkdir -p /home/joseca/openmanet-firmware/build_dir/target-aarch64_cortex-a76_musl/linux-bcm27xx_bcm2712
xzcat /home/joseca/openmanet-firmware/dl/linux-6.6.102.tar.xz | tar -C /home/joseca/openmanet-firmware/build_dir/target-aarch64_cortex-a76_musl/linux-bcm27xx_bcm2712 -xf -
make[2]: Leaving directory '/home/joseca/openmanet-firmware'
cp -fpR "/home/joseca/openmanet-firmware/target/linux/generic/files"/. /home/joseca/openmanet-firmware/build_dir/target-aarch64_cortex-a76_musl/linux-bcm27xx_bcm2712/linux-6.6.102/
find /home/joseca/openmanet-firmware/build_dir/target-aarch64_cortex-a76_musl/linux-bcm27xx_bcm2712/linux-6.6.102/ -name \*.rej -or -name \*.orig | xargs -r rm -f
if [ -d /home/joseca/openmanet-firmware/target/linux/generic/patches ]; then echo "generic patches directory is present. please move your patches to the pending directory" ; exit 1; fi

Applying /home/joseca/openmanet-firmware/target/linux/generic/backport-6.6/0080-v6.9-smp-Avoid-setup_max_cpus_namespace_collision_shadowing.patch using plaintext: 
patching file include/linux/cpu.h
patching file kernel/cpu.c

Applying /home/joseca/openmanet-firmware/target/linux/generic/backport-6.6/065-v6.10-compiler_types.h-Define-__retain.patch using plaintext: 
patching file include/linux/compiler_types.h

Applying /home/joseca/openmanet-firmware/target/linux/generic/backport-6.6/066-v6.10-bpf-Harden-__bpf_kfunc-against-linker-removal.patch using plaintext: 
patching file include/linux/btf.h

Applying /home/joseca/openmanet-firmware/target/linux/generic/backport-6.6/300-v6.7-arm64-swiotlb-Reduce-the-default-size-if-no-ZONE_DMA.patch using plaintext: 
patching file arch/arm64/mm/init.c

Applying /home/joseca/openmanet-firmware/target/linux/generic/backport-6.6/301-v6.9-kernel.h-removed-REPEAT_BYTE-from-kernel.h.patch using plaintext: 
patching file arch/arm/include/asm/word-at-a-time.h
patching file arch/arm64/include/asm/word-at-a-time.h
patching file arch/powerpc/include/asm/word-at-a-time.h
patching file arch/sh/include/asm/word-at-a-time.h
patching file arch/x86/include/asm/word-at-a-time.h
patching file arch/x86/kvm/mmu/mmu.c
patching file fs/namei.c
patching file include/asm-generic/word-at-a-time.h
patching file include/linux/kernel.h
patching file include/linux/wordpart.h

Applying /home/joseca/openmanet-firmware/target/linux/generic/backport-6.6/302-v6.9-kernel.h-Move-upper_-_bits-and-lower_-_bits-to-wordp.patch using plaintext: 
patching file include/linux/kernel.h
patching file include/linux/wordpart.h

Applying /home/joseca/openmanet-firmware/target/linux/generic/backport-6.6/310-v6.7-mips-kexec-fix-the-incorrect-ifdeffery-and-dependenc.patch using plaintext: 
patching file arch/mips/cavium-octeon/smp.c
patching file arch/mips/include/asm/kexec.h
patching file arch/mips/include/asm/smp-ops.h
patching file arch/mips/include/asm/smp.h
patching file arch/mips/kernel/Makefile
patching file arch/mips/kernel/smp-bmips.c
patching file arch/mips/kernel/smp-cps.c
patching file arch/mips/loongson64/reset.c
patching file arch/mips/loongson64/smp.c

Applying /home/joseca/openmanet-firmware/target/linux/generic/backport-6.6/320-v6.11-mips-bmips-rework-and-cache-CBR-addr-handling.patch using plaintext: 
patching file arch/mips/bcm47xx/prom.c
patching file arch/mips/bcm47xx/setup.c
patching file arch/mips/bcm63xx/prom.c
patching file arch/mips/bcm63xx/setup.c
patching file arch/mips/bmips/dma.c
patching file arch/mips/bmips/setup.c
patching file arch/mips/include/asm/bmips.h
patching file arch/mips/kernel/smp-bmips.c

Applying /home/joseca/openmanet-firmware/target/linux/generic/backport-6.6/321-v6.11-mips-bmips-setup-make-CBR-address-configurable.patch using plaintext: 
patching file arch/mips/bcm47xx/setup.c
patching file arch/mips/bcm63xx/setup.c
patching file arch/mips/bmips/setup.c

Applying /home/joseca/openmanet-firmware/target/linux/generic/backport-6.6/322-v6.11-mips-bmips-enable-RAC-on-BMIPS4350.patch using plaintext: 
patching file arch/mips/kernel/smp-bmips.c

Applying /home/joseca/openmanet-firmware/target/linux/generic/backport-6.6/400-v6.9-mtd-rawnand-brcmnand-Support-write-protection-settin.patch using plaintext: 
patching file drivers/mtd/nand/raw/brcmnand/brcmnand.c

Applying /home/joseca/openmanet-firmware/target/linux/generic/backport-6.6/401-v6.9-dt-bindings-mtd-add-basic-bindings-for-UBI.patch using plaintext: 
patching file Documentation/devicetree/bindings/mtd/partitions/linux,ubi.yaml
patching file Documentation/devicetree/bindings/mtd/partitions/ubi-volume.yaml

Applying /home/joseca/openmanet-firmware/target/linux/generic/backport-6.6/402-v6.9-dt-bindings-mtd-ubi-volume-allow-UBI-volumes-to-prov.patch using plaintext: 
patching file Documentation/devicetree/bindings/mtd/partitions/linux,ubi.yaml
patching file Documentation/devicetree/bindings/mtd/partitions/ubi-volume.yaml

Applying /home/joseca/openmanet-firmware/target/linux/generic/backport-6.6/403-v6.9-mtd-ubi-block-use-notifier-to-create-ubiblock-from-p.patch using plaintext: 
patching file drivers/mtd/ubi/block.c
patching file drivers/mtd/ubi/kapi.c
patching file drivers/mtd/ubi/ubi.h

Applying /home/joseca/openmanet-firmware/target/linux/generic/backport-6.6/404-v6.9-mtd-ubi-attach-from-device-tree.patch using plaintext: 
patching file drivers/mtd/ubi/build.c

Applying /home/joseca/openmanet-firmware/target/linux/generic/backport-6.6/405-v6.9-mtd-ubi-introduce-pre-removal-notification-for-UBI-v.patch using plaintext: 
patching file drivers/mtd/ubi/build.c
patching file drivers/mtd/ubi/kapi.c
patching file drivers/mtd/ubi/ubi.h
patching file drivers/mtd/ubi/vmt.c
patching file include/linux/mtd/ubi.h

Applying /home/joseca/openmanet-firmware/target/linux/generic/backport-6.6/406-v6.9-mtd-ubi-populate-ubi-volume-fwnode.patch using plaintext: 
patching file drivers/mtd/ubi/vmt.c

Applying /home/joseca/openmanet-firmware/target/linux/generic/backport-6.6/407-v6.9-mtd-ubi-provide-NVMEM-layer-over-UBI-volumes.patch using plaintext: 
patching file drivers/mtd/ubi/Kconfig
patching file drivers/mtd/ubi/Makefile
patching file drivers/mtd/ubi/nvmem.c

Applying /home/joseca/openmanet-firmware/target/linux/generic/backport-6.6/408-v6.9-mtd-ubi-fix-NVMEM-over-UBI-volumes-on-32-bit-systems.patch using plaintext: 
patching file drivers/mtd/ubi/nvmem.c

Applying /home/joseca/openmanet-firmware/target/linux/generic/backport-6.6/410-v6.13-01-block-add-support-for-defining-read-only-partitions.patch using plaintext: 
patching file block/blk.h
patching file block/partitions/cmdline.c
patching file block/partitions/core.c

Applying /home/joseca/openmanet-firmware/target/linux/generic/backport-6.6/410-v6.13-03-block-introduce-add_disk_fwnode.patch using plaintext: 
patching file block/genhd.c
patching file include/linux/blkdev.h

Applying /home/joseca/openmanet-firmware/target/linux/generic/backport-6.6/410-v6.13-04-mmc-block-attach-partitions-fwnode-if-found-in-mmc-c.patch using plaintext: 
patching file drivers/mmc/core/block.c

Applying /home/joseca/openmanet-firmware/target/linux/generic/backport-6.6/410-v6.13-05-block-add-support-for-partition-table-defined-in-OF.patch using plaintext: 
patching file block/partitions/Kconfig
patching file block/partitions/Makefile
patching file block/partitions/check.h
patching file block/partitions/core.c
patching file block/partitions/of.c

Applying /home/joseca/openmanet-firmware/target/linux/generic/backport-6.6/411-v6.7-mtd-spinand-add-support-for-FORESEE-F35SQA002G.patch using plaintext: 
patching file drivers/mtd/nand/spi/Makefile
patching file drivers/mtd/nand/spi/core.c
patching file drivers/mtd/nand/spi/foresee.c
patching file include/linux/mtd/spinand.h

Applying /home/joseca/openmanet-firmware/target/linux/generic/backport-6.6/412-v6.14-mtd-spinand-add-support-for-FORESEE-F35SQA001G.patch using plaintext: 
patching file drivers/mtd/nand/spi/foresee.c

Applying /home/joseca/openmanet-firmware/target/linux/generic/backport-6.6/600-v6.10-net-Remove-conditional-threaded-NAPI-wakeup-based-on.patch using plaintext: 
patching file net/core/dev.c

Applying /home/joseca/openmanet-firmware/target/linux/generic/backport-6.6/601-v6.10-net-Allow-to-use-SMP-threads-for-backlog-NAPI.patch using plaintext: 
patching file net/core/dev.c

Applying /home/joseca/openmanet-firmware/target/linux/generic/backport-6.6/602-v6.10-net-Use-backlog-NAPI-to-clean-up-the-defer_list.patch using plaintext: 
patching file include/linux/netdevice.h
patching file net/core/dev.c
patching file net/core/skbuff.c

Applying /home/joseca/openmanet-firmware/target/linux/generic/backport-6.6/603-v6.10-net-Rename-rps_lock-to-backlog_lock.patch using plaintext: 
patching file net/core/dev.c

Applying /home/joseca/openmanet-firmware/target/linux/generic/backport-6.6/610-v6.9-net-mdio-add-2.5g-and-5g-related-PMA-speed-constants.patch using plaintext: 
patching file include/uapi/linux/mdio.h

Applying /home/joseca/openmanet-firmware/target/linux/generic/backport-6.6/611-01-v6.11-udp-Allow-GSO-transmit-from-devices-with-no-checksum.patch using plaintext: 
patching file net/ipv4/udp.c
patching file net/ipv4/udp_offload.c
patching file net/ipv6/udp.c

Applying /home/joseca/openmanet-firmware/target/linux/generic/backport-6.6/611-02-v6.11-net-Make-USO-depend-on-CSUM-offload.patch using plaintext: 
patching file net/core/dev.c

Applying /home/joseca/openmanet-firmware/target/linux/generic/backport-6.6/611-03-v6.11-udp-Fall-back-to-software-USO-if-IPv6-extension-head.patch using plaintext: 
patching file net/ipv4/udp_offload.c

Applying /home/joseca/openmanet-firmware/target/linux/generic/backport-6.6/612-v6.9-net-get-stats64-if-device-if-driver-is-configured.patch using plaintext: 
patching file net/core/dev.c

Applying /home/joseca/openmanet-firmware/target/linux/generic/backport-6.6/620-01-v6.7-page_pool-fragment-API-support-for-32-bit-arch-with-.patch using plaintext: 
patching file include/linux/mm_types.h
patching file include/net/page_pool/helpers.h
patching file net/core/page_pool.c

Applying /home/joseca/openmanet-firmware/target/linux/generic/backport-6.6/620-02-v6.7-page_pool-unify-frag_count-handling-in-page_pool_is_.patch using plaintext: 
patching file include/net/page_pool/helpers.h
patching file net/core/page_pool.c

Applying /home/joseca/openmanet-firmware/target/linux/generic/backport-6.6/621-proc-fix-missing-pde_set_flags.patch using plaintext: 
patching file fs/proc/generic.c

Applying /home/joseca/openmanet-firmware/target/linux/generic/backport-6.6/700-v6.10-net-create-a-dummy-net_device-allocator.patch using plaintext: 
patching file include/linux/netdevice.h
patching file net/core/dev.c

Applying /home/joseca/openmanet-firmware/target/linux/generic/backport-6.6/702-01-v6.7-net-phy-aquantia-move-to-separate-directory.patch using plaintext: 
patching file drivers/net/phy/Kconfig
patching file drivers/net/phy/Makefile
patching file drivers/net/phy/aquantia/Kconfig
patching file drivers/net/phy/aquantia/Makefile
patching file drivers/net/phy/aquantia.h
patching file drivers/net/phy/aquantia/aquantia.h
patching file drivers/net/phy/aquantia/aquantia_hwmon.c
patching file drivers/net/phy/aquantia/aquantia_main.c
patching file drivers/net/phy/aquantia_hwmon.c
patching file drivers/net/phy/aquantia_main.c

Applying /home/joseca/openmanet-firmware/target/linux/generic/backport-6.6/702-02-v6.7-net-phy-aquantia-move-MMD_VEND-define-to-header.patch using plaintext: 
patching file drivers/net/phy/aquantia/aquantia.h
patching file drivers/net/phy/aquantia/aquantia_hwmon.c
patching file drivers/net/phy/aquantia/aquantia_main.c

Applying /home/joseca/openmanet-firmware/target/linux/generic/backport-6.6/702-03-v6.7-net-phy-aquantia-add-firmware-load-support.patch using plaintext: 
patching file drivers/net/phy/aquantia/Kconfig
patching file drivers/net/phy/aquantia/Makefile
patching file drivers/net/phy/aquantia/aquantia.h
patching file drivers/net/phy/aquantia/aquantia_firmware.c
patching file drivers/net/phy/aquantia/aquantia_main.c

Applying /home/joseca/openmanet-firmware/target/linux/generic/backport-6.6/703-v6.10-flow_offload-add-control-flag-checking-helpers.patch using plaintext: 
patching file include/net/flow_offload.h

Applying /home/joseca/openmanet-firmware/target/linux/generic/backport-6.6/704-v6.12-ipv6-Add-ipv6_addr_-cpu_to_be32-be32_to_cpu-helpers.patch using plaintext: 
patching file include/net/ipv6.h

Applying /home/joseca/openmanet-firmware/target/linux/generic/backport-6.6/707-v6.8-02-net-phy-at803x-move-disable-WOL-to-specific-at8031-p.patch using plaintext: 
patching file drivers/net/phy/at803x.c

Applying /home/joseca/openmanet-firmware/target/linux/generic/backport-6.6/707-v6.8-03-net-phy-at803x-raname-hw_stats-functions-to-qca83xx-.patch using plaintext: 
patching file drivers/net/phy/at803x.c

Applying /home/joseca/openmanet-firmware/target/linux/generic/backport-6.6/707-v6.8-04-net-phy-at803x-move-qca83xx-specific-check-in-dedica.patch using plaintext: 
patching file drivers/net/phy/at803x.c

Applying /home/joseca/openmanet-firmware/target/linux/generic/backport-6.6/707-v6.8-05-net-phy-at803x-move-specific-DT-option-for-at8031-to.patch using plaintext: 
patching file drivers/net/phy/at803x.c

Applying /home/joseca/openmanet-firmware/target/linux/generic/backport-6.6/707-v6.8-06-net-phy-at803x-move-specific-at8031-probe-mode-check.patch using plaintext: 
patching file drivers/net/phy/at803x.c

Applying /home/joseca/openmanet-firmware/target/linux/generic/backport-6.6/707-v6.8-07-net-phy-at803x-move-specific-at8031-config_init-to-d.patch using plaintext: 
patching file drivers/net/phy/at803x.c

Applying /home/joseca/openmanet-firmware/target/linux/generic/backport-6.6/707-v6.8-08-net-phy-at803x-move-specific-at8031-WOL-bits-to-dedi.patch using plaintext: 
patching file drivers/net/phy/at803x.c

Applying /home/joseca/openmanet-firmware/target/linux/generic/backport-6.6/707-v6.8-09-net-phy-at803x-move-specific-at8031-config_intr-to-d.patch using plaintext: 
patching file drivers/net/phy/at803x.c

Applying /home/joseca/openmanet-firmware/target/linux/generic/backport-6.6/707-v6.8-10-net-phy-at803x-make-at8031-related-DT-functions-name.patch using plaintext: 
patching file drivers/net/phy/at803x.c

Applying /home/joseca/openmanet-firmware/target/linux/generic/backport-6.6/707-v6.8-11-net-phy-at803x-move-at8031-functions-in-dedicated-se.patch using plaintext: 
patching file drivers/net/phy/at803x.c

Applying /home/joseca/openmanet-firmware/target/linux/generic/backport-6.6/707-v6.8-12-net-phy-at803x-move-at8035-specific-DT-parse-to-dedi.patch using plaintext: 
patching file drivers/net/phy/at803x.c

Applying /home/joseca/openmanet-firmware/target/linux/generic/backport-6.6/707-v6.8-13-net-phy-at803x-drop-specific-PHY-ID-check-from-cable.patch using plaintext: 
patching file drivers/net/phy/at803x.c

Applying /home/joseca/openmanet-firmware/target/linux/generic/backport-6.6/708-v6.8-01-net-phy-at803x-move-specific-qca808x-config_aneg-to-.patch using plaintext: 
patching file drivers/net/phy/at803x.c

Applying /home/joseca/openmanet-firmware/target/linux/generic/backport-6.6/708-v6.8-02-net-phy-at803x-make-read-specific-status-function-mo.patch using plaintext: 
patching file drivers/net/phy/at803x.c

Applying /home/joseca/openmanet-firmware/target/linux/generic/backport-6.6/709-v6.8-01-net-phy-at803x-remove-extra-space-after-cast.patch using plaintext: 
patching file drivers/net/phy/at803x.c

Applying /home/joseca/openmanet-firmware/target/linux/generic/backport-6.6/709-v6.8-02-net-phy-at803x-replace-msleep-1-with-usleep_range.patch using plaintext: 
patching file drivers/net/phy/at803x.c

Applying /home/joseca/openmanet-firmware/target/linux/generic/backport-6.6/710-v6.8-net-phy-at803x-better-align-function-varibles-to-ope.patch using plaintext: 
patching file drivers/net/phy/at803x.c

Applying /home/joseca/openmanet-firmware/target/linux/generic/backport-6.6/711-v6.8-01-net-phy-at803x-generalize-cdt-fault-length-function.patch using plaintext: 
patching file drivers/net/phy/at803x.c

Applying /home/joseca/openmanet-firmware/target/linux/generic/backport-6.6/711-v6.8-02-net-phy-at803x-refactor-qca808x-cable-test-get-statu.patch using plaintext: 
patching file drivers/net/phy/at803x.c

Applying /home/joseca/openmanet-firmware/target/linux/generic/backport-6.6/711-v6.8-03-net-phy-at803x-add-support-for-cdt-cross-short-test-.patch using plaintext: 
patching file drivers/net/phy/at803x.c

Applying /home/joseca/openmanet-firmware/target/linux/generic/backport-6.6/711-v6.8-04-net-phy-at803x-make-read_status-more-generic.patch using plaintext: 
patching file drivers/net/phy/at803x.c

Applying /home/joseca/openmanet-firmware/target/linux/generic/backport-6.6/712-v6.9-net-phy-at803x-add-LED-support-for-qca808x.patch using plaintext: 
patching file drivers/net/phy/at803x.c

Applying /home/joseca/openmanet-firmware/target/linux/generic/backport-6.6/713-v6.9-01-net-phy-move-at803x-PHY-driver-to-dedicated-director.patch using plaintext: 
patching file drivers/net/phy/Kconfig
patching file drivers/net/phy/Makefile
patching file drivers/net/phy/qcom/Kconfig
patching file drivers/net/phy/qcom/Makefile
patching file drivers/net/phy/at803x.c
patching file drivers/net/phy/qcom/at803x.c

Applying /home/joseca/openmanet-firmware/target/linux/generic/backport-6.6/713-v6.9-02-net-phy-qcom-create-and-move-functions-to-shared-lib.patch using plaintext: 
patching file drivers/net/phy/qcom/Kconfig
patching file drivers/net/phy/qcom/Makefile
patching file drivers/net/phy/qcom/at803x.c
patching file drivers/net/phy/qcom/qcom-phy-lib.c
patching file drivers/net/phy/qcom/qcom.h

Applying /home/joseca/openmanet-firmware/target/linux/generic/backport-6.6/713-v6.9-03-net-phy-qcom-deatch-qca83xx-PHY-driver-from-at803x.patch using plaintext: 
patching file drivers/net/phy/qcom/Kconfig
patching file drivers/net/phy/qcom/Makefile
patching file drivers/net/phy/qcom/at803x.c
patching file drivers/net/phy/qcom/qca83xx.c

Applying /home/joseca/openmanet-firmware/target/linux/generic/backport-6.6/713-v6.9-04-net-phy-qcom-move-additional-functions-to-shared-lib.patch using plaintext: 
patching file drivers/net/phy/qcom/at803x.c
patching file drivers/net/phy/qcom/qcom-phy-lib.c
patching file drivers/net/phy/qcom/qcom.h

Applying /home/joseca/openmanet-firmware/target/linux/generic/backport-6.6/713-v6.9-05-net-phy-qcom-detach-qca808x-PHY-driver-from-at803x.patch using plaintext: 
patching file drivers/net/phy/qcom/Kconfig
patching file drivers/net/phy/qcom/Makefile
patching file drivers/net/phy/qcom/at803x.c
patching file drivers/net/phy/qcom/qca808x.c

Applying /home/joseca/openmanet-firmware/target/linux/generic/backport-6.6/714-v6.8-01-net-phy-make-addr-type-u8-in-phy_package_shared-stru.patch using plaintext: 
patching file include/linux/phy.h

Applying /home/joseca/openmanet-firmware/target/linux/generic/backport-6.6/714-v6.8-02-net-phy-extend-PHY-package-API-to-support-multiple-g.patch using plaintext: 
patching file drivers/net/phy/bcm54140.c
patching file drivers/net/phy/mscc/mscc.h
patching file drivers/net/phy/mscc/mscc_main.c
patching file drivers/net/phy/phy_device.c
patching file include/linux/phy.h

Applying /home/joseca/openmanet-firmware/target/linux/generic/backport-6.6/714-v6.8-03-net-phy-restructure-__phy_write-read_mmd-to-helper-a.patch using plaintext: 
patching file drivers/net/phy/phy-core.c

Applying /home/joseca/openmanet-firmware/target/linux/generic/backport-6.6/714-v6.8-04-net-phy-add-support-for-PHY-package-MMD-read-write.patch using plaintext: 
patching file drivers/net/phy/phy-core.c
patching file include/linux/phy.h

Applying /home/joseca/openmanet-firmware/target/linux/generic/backport-6.6/715-v6.9-01-net-phy-qcom-qca808x-fix-logic-error-in-LED-brightne.patch using plaintext: 
patching file drivers/net/phy/qcom/qca808x.c

Applying /home/joseca/openmanet-firmware/target/linux/generic/backport-6.6/715-v6.9-02-net-phy-qcom-qca808x-default-to-LED-active-High-if-n.patch using plaintext: 
patching file drivers/net/phy/qcom/qca808x.c

Applying /home/joseca/openmanet-firmware/target/linux/generic/backport-6.6/716-v6.9-02-net-phy-add-support-for-scanning-PHY-in-PHY-packages.patch using plaintext: 
patching file drivers/net/mdio/of_mdio.c
patching file drivers/net/phy/mdio_bus.c

Applying /home/joseca/openmanet-firmware/target/linux/generic/backport-6.6/716-v6.9-03-net-phy-add-devm-of_phy_package_join-helper.patch using plaintext: 
patching file drivers/net/phy/phy_device.c
patching file include/linux/phy.h

Applying /home/joseca/openmanet-firmware/target/linux/generic/backport-6.6/716-v6.9-04-net-phy-qcom-move-more-function-to-shared-library.patch using plaintext: 
patching file drivers/net/phy/qcom/at803x.c
patching file drivers/net/phy/qcom/qca808x.c
patching file drivers/net/phy/qcom/qcom-phy-lib.c
patching file drivers/net/phy/qcom/qcom.h

Applying /home/joseca/openmanet-firmware/target/linux/generic/backport-6.6/716-v6.9-06-net-phy-provide-whether-link-has-changed-in-c37_read.patch using plaintext: 
patching file drivers/net/phy/broadcom.c
patching file drivers/net/phy/phy_device.c
patching file drivers/net/phy/qcom/at803x.c
patching file include/linux/phy.h

Applying /home/joseca/openmanet-firmware/target/linux/generic/backport-6.6/716-v6.9-07-net-phy-qcom-add-support-for-QCA807x-PHY-Family.patch using plaintext: 
patching file drivers/net/phy/qcom/Kconfig
patching file drivers/net/phy/qcom/Makefile
patching file drivers/net/phy/qcom/qca807x.c

Applying /home/joseca/openmanet-firmware/target/linux/generic/backport-6.6/716-v6.9-08-net-phy-qcom-move-common-qca808x-LED-define-to-share.patch using plaintext: 
patching file drivers/net/phy/qcom/qca808x.c
patching file drivers/net/phy/qcom/qcom.h

Applying /home/joseca/openmanet-firmware/target/linux/generic/backport-6.6/716-v6.9-09-net-phy-qcom-generalize-some-qca808x-LED-functions.patch using plaintext: 
patching file drivers/net/phy/qcom/qca808x.c
patching file drivers/net/phy/qcom/qcom-phy-lib.c
patching file drivers/net/phy/qcom/qcom.h

Applying /home/joseca/openmanet-firmware/target/linux/generic/backport-6.6/716-v6.9-10-net-phy-qca807x-add-support-for-configurable-LED.patch using plaintext: 
patching file drivers/net/phy/qcom/qca807x.c

Applying /home/joseca/openmanet-firmware/target/linux/generic/backport-6.6/717-v6.9-net-phy-qca807x-move-interface-mode-check-to-.config.patch using plaintext: 
patching file drivers/net/phy/qcom/qca807x.c

Applying /home/joseca/openmanet-firmware/target/linux/generic/backport-6.6/718-v6.9-net-phy-qcom-at803x-fix-kernel-panic-with-at8031_pro.patch using plaintext: 
patching file drivers/net/phy/qcom/at803x.c

Applying /home/joseca/openmanet-firmware/target/linux/generic/backport-6.6/720-v6.9-net-mdio-ipq4019-add-support-for-clock-frequency-pro.patch using plaintext: 
patching file drivers/net/mdio/mdio-ipq4019.c

Applying /home/joseca/openmanet-firmware/target/linux/generic/backport-6.6/721-v6.7-net-phy-aquantia-drop-wrong-endianness-conversion-fo.patch using plaintext: 
patching file drivers/net/phy/aquantia/aquantia_firmware.c

Applying /home/joseca/openmanet-firmware/target/linux/generic/backport-6.6/722-v6.10-dt-bindings-arm-qcom-ids-Add-SoC-ID-for-IPQ5321.patch using plaintext: 
patching file include/dt-bindings/arm/qcom,ids.h

Applying /home/joseca/openmanet-firmware/target/linux/generic/backport-6.6/734-v6.8-net-phy-bcm54612e-add-suspend-resume.patch using plaintext: 
patching file drivers/net/phy/broadcom.c

Applying /home/joseca/openmanet-firmware/target/linux/generic/backport-6.6/740-v6.10-net-stmmac-dwmac-ipq806x-account-for-rgmii-txid-rxid.patch using plaintext: 
patching file drivers/net/ethernet/stmicro/stmmac/dwmac-ipq806x.c

Applying /home/joseca/openmanet-firmware/target/linux/generic/backport-6.6/751-01-v6.8-net-ethernet-mediatek-split-tx-and-rx-fields-in-mtk_.patch using plaintext: 
patching file drivers/net/ethernet/mediatek/mtk_eth_soc.c
patching file drivers/net/ethernet/mediatek/mtk_eth_soc.h

Applying /home/joseca/openmanet-firmware/target/linux/generic/backport-6.6/751-02-v6.8-net-ethernet-mediatek-use-QDMA-instead-of-ADMAv2-on-.patch using plaintext: 
patching file drivers/net/ethernet/mediatek/mtk_eth_soc.c

Applying /home/joseca/openmanet-firmware/target/linux/generic/backport-6.6/751-03-v6.4-net-ethernet-mtk_eth_soc-improve-keeping-track-of-of.patch using plaintext: 
patching file drivers/net/ethernet/mediatek/mtk_ppe.c
patching file drivers/net/ethernet/mediatek/mtk_ppe.h

Applying /home/joseca/openmanet-firmware/target/linux/generic/backport-6.6/751-04-v6.4-net-ethernet-mediatek-fix-ppe-flow-accounting-for-L2.patch using plaintext: 
patching file drivers/net/ethernet/mediatek/mtk_ppe.c
patching file drivers/net/ethernet/mediatek/mtk_ppe.h
patching file drivers/net/ethernet/mediatek/mtk_ppe_debugfs.c
patching file drivers/net/ethernet/mediatek/mtk_ppe_offload.c

Applying /home/joseca/openmanet-firmware/target/linux/generic/backport-6.6/752-03-v6.7-net-ethernet-mtk_eth_soc-rely-on-mtk_pse_port-defini.patch using plaintext: 
patching file drivers/net/ethernet/mediatek/mtk_ppe_offload.c

Applying /home/joseca/openmanet-firmware/target/linux/generic/backport-6.6/752-05-v6.7-net-ethernet-mtk_wed-do-not-assume-offload-callbacks.patch using plaintext: 
patching file drivers/net/ethernet/mediatek/mtk_wed.c

Applying /home/joseca/openmanet-firmware/target/linux/generic/backport-6.6/752-06-v6.7-net-ethernet-mtk_wed-introduce-versioning-utility-ro.patch using plaintext: 
patching file drivers/net/ethernet/mediatek/mtk_wed.c
patching file drivers/net/ethernet/mediatek/mtk_wed.h
patching file drivers/net/ethernet/mediatek/mtk_wed_debugfs.c
patching file drivers/net/ethernet/mediatek/mtk_wed_mcu.c

Applying /home/joseca/openmanet-firmware/target/linux/generic/backport-6.6/752-07-v6.7-net-ethernet-mtk_wed-do-not-configure-rx-offload-if-.patch using plaintext: 
patching file drivers/net/ethernet/mediatek/mtk_wed.c
patching file drivers/net/ethernet/mediatek/mtk_wed_mcu.c

Applying /home/joseca/openmanet-firmware/target/linux/generic/backport-6.6/752-08-v6.7-net-ethernet-mtk_wed-rename-mtk_rxbm_desc-in-mtk_wed.patch using plaintext: 
patching file drivers/net/ethernet/mediatek/mtk_wed.c
patching file include/linux/soc/mediatek/mtk_wed.h

Applying /home/joseca/openmanet-firmware/target/linux/generic/backport-6.6/752-09-v6.7-net-ethernet-mtk_wed-introduce-mtk_wed_buf-structure.patch using plaintext: 
patching file drivers/net/ethernet/mediatek/mtk_wed.c
patching file include/linux/soc/mediatek/mtk_wed.h

Applying /home/joseca/openmanet-firmware/target/linux/generic/backport-6.6/752-10-v6.7-net-ethernet-mtk_wed-move-mem_region-array-out-of-mt.patch using plaintext: 
patching file drivers/net/ethernet/mediatek/mtk_wed_mcu.c
patching file drivers/net/ethernet/mediatek/mtk_wed_wo.h

Applying /home/joseca/openmanet-firmware/target/linux/generic/backport-6.6/752-11-v6.7-net-ethernet-mtk_wed-make-memory-region-optional.patch using plaintext: 
patching file drivers/net/ethernet/mediatek/mtk_wed_mcu.c

Applying /home/joseca/openmanet-firmware/target/linux/generic/backport-6.6/752-13-v6.7-net-ethernet-mtk_wed-add-mtk_wed_soc_data-structure.patch using plaintext: 
patching file drivers/net/ethernet/mediatek/mtk_wed.c
patching file drivers/net/ethernet/mediatek/mtk_wed.h
patching file drivers/net/ethernet/mediatek/mtk_wed_regs.h

Applying /home/joseca/openmanet-firmware/target/linux/generic/backport-6.6/752-14-v6.7-net-ethernet-mtk_wed-introduce-WED-support-for-MT798.patch using plaintext: 
patching file drivers/net/ethernet/mediatek/mtk_eth_soc.c
patching file drivers/net/ethernet/mediatek/mtk_eth_soc.h
patching file drivers/net/ethernet/mediatek/mtk_ppe_offload.c
patching file drivers/net/ethernet/mediatek/mtk_wed.c
patching file drivers/net/ethernet/mediatek/mtk_wed.h
patching file drivers/net/ethernet/mediatek/mtk_wed_mcu.c
patching file drivers/net/ethernet/mediatek/mtk_wed_regs.h
patching file drivers/net/ethernet/mediatek/mtk_wed_wo.h
patching file include/linux/soc/mediatek/mtk_wed.h

Applying /home/joseca/openmanet-firmware/target/linux/generic/backport-6.6/752-15-v6.7-net-ethernet-mtk_wed-refactor-mtk_wed_check_wfdma_rx.patch using plaintext: 
patching file drivers/net/ethernet/mediatek/mtk_wed.c

Applying /home/joseca/openmanet-firmware/target/linux/generic/backport-6.6/752-16-v6.7-net-ethernet-mtk_wed-introduce-partial-AMSDU-offload.patch using plaintext: 
patching file drivers/net/ethernet/mediatek/mtk_ppe.c
patching file drivers/net/ethernet/mediatek/mtk_ppe.h
patching file drivers/net/ethernet/mediatek/mtk_ppe_offload.c
patching file drivers/net/ethernet/mediatek/mtk_wed.c
patching file drivers/net/ethernet/mediatek/mtk_wed.h
patching file drivers/net/ethernet/mediatek/mtk_wed_regs.h
patching file include/linux/netdevice.h
patching file include/linux/soc/mediatek/mtk_wed.h

Applying /home/joseca/openmanet-firmware/target/linux/generic/backport-6.6/752-17-v6.7-net-ethernet-mtk_wed-introduce-hw_rro-support-for-MT.patch using plaintext: 
patching file drivers/net/ethernet/mediatek/mtk_wed.c
patching file include/linux/soc/mediatek/mtk_wed.h

Applying /home/joseca/openmanet-firmware/target/linux/generic/backport-6.6/752-18-v6.7-net-ethernet-mtk_wed-debugfs-move-wed_v2-specific-re.patch using plaintext: 
patching file drivers/net/ethernet/mediatek/mtk_wed_debugfs.c

Applying /home/joseca/openmanet-firmware/target/linux/generic/backport-6.6/752-19-v6.7-net-ethernet-mtk_wed-debugfs-add-WED-3.0-debugfs-ent.patch using plaintext: 
patching file drivers/net/ethernet/mediatek/mtk_wed_debugfs.c

Applying /home/joseca/openmanet-firmware/target/linux/generic/backport-6.6/752-20-v6.7-net-ethernet-mtk_wed-add-wed-3.0-reset-support.patch using plaintext: 
patching file drivers/net/ethernet/mediatek/mtk_wed.c
patching file drivers/net/ethernet/mediatek/mtk_wed_regs.h

Applying /home/joseca/openmanet-firmware/target/linux/generic/backport-6.6/752-21-v6.7-net-ethernet-mtk_wed-fix-firmware-loading-for-MT7986.patch using plaintext: 
patching file drivers/net/ethernet/mediatek/mtk_wed_mcu.c

Applying /home/joseca/openmanet-firmware/target/linux/generic/backport-6.6/752-22-v6.7-net-ethernet-mtk_wed-remove-wo-pointer-in-wo_r32-wo_.patch using plaintext: 
patching file drivers/net/ethernet/mediatek/mtk_wed_mcu.c

Applying /home/joseca/openmanet-firmware/target/linux/generic/backport-6.6/752-23-v6.8-net-ethernet-mtk_wed-rely-on-__dev_alloc_page-in-mtk.patch using plaintext: 
patching file drivers/net/ethernet/mediatek/mtk_wed.c

Applying /home/joseca/openmanet-firmware/target/linux/generic/backport-6.6/752-24-v6.8-net-ethernet-mtk_wed-add-support-for-devices-with-mo.patch using plaintext: 
patching file drivers/net/ethernet/mediatek/mtk_eth_soc.c
patching file drivers/net/ethernet/mediatek/mtk_wed.c
patching file drivers/net/ethernet/mediatek/mtk_wed_wo.c

Applying /home/joseca/openmanet-firmware/target/linux/generic/backport-6.6/752-25-v6.10-net-ethernet-mtk_eth_soc-handle-dma-buffer-size-soc-.patch using plaintext: 
patching file drivers/net/ethernet/mediatek/mtk_eth_soc.c
patching file drivers/net/ethernet/mediatek/mtk_eth_soc.h

Applying /home/joseca/openmanet-firmware/target/linux/generic/backport-6.6/752-26-v6.10-net-ethernet-mtk_eth_soc-ppe-add-support-for-multipl.patch using plaintext: 
patching file drivers/net/ethernet/mediatek/mtk_eth_soc.c
patching file drivers/net/ethernet/mediatek/mtk_eth_soc.h
patching file drivers/net/ethernet/mediatek/mtk_ppe_offload.c

Applying /home/joseca/openmanet-firmware/target/linux/generic/backport-6.6/752-27-v6.10-net-ethernet-mtk_eth_soc-ppe-prevent-ppe-update-for-.patch using plaintext: 
patching file drivers/net/ethernet/mediatek/mtk_ppe_offload.c

Applying /home/joseca/openmanet-firmware/target/linux/generic/backport-6.6/752-28-v6.10-net-ethernet-mediatek-Allow-gaps-in-MAC-allocation.patch using plaintext: 
patching file drivers/net/ethernet/mediatek/mtk_eth_soc.c

Applying /home/joseca/openmanet-firmware/target/linux/generic/backport-6.6/752-29-v6.10-net-ethernet-mtk_ppe-Change-PPE-entries-number-to-16.patch using plaintext: 
patching file drivers/net/ethernet/mediatek/mtk_ppe.h

Applying /home/joseca/openmanet-firmware/target/linux/generic/backport-6.6/752-30-v6.10-net-ethernet-mtk_eth_soc-implement-.-get-set-_pausep.patch using plaintext: 
patching file drivers/net/ethernet/mediatek/mtk_eth_soc.c

Applying /home/joseca/openmanet-firmware/target/linux/generic/backport-6.6/760-v6.9-net-phy-aquantia-add-AQR111-and-AQR111B0-PHY-ID.patch using plaintext: 
patching file drivers/net/phy/aquantia/aquantia_main.c

Applying /home/joseca/openmanet-firmware/target/linux/generic/backport-6.6/761-v6.9-net-phy-aquantia-add-AQR113-PHY-ID.patch using plaintext: 
patching file drivers/net/phy/aquantia/aquantia_main.c

Applying /home/joseca/openmanet-firmware/target/linux/generic/backport-6.6/762-v6.9-net-phy-aquantia-add-AQR813-PHY-ID.patch using plaintext: 
patching file drivers/net/phy/aquantia/aquantia_main.c

Applying /home/joseca/openmanet-firmware/target/linux/generic/backport-6.6/763-v6.10-net-dsa-introduce-dsa_phylink_to_port.patch using plaintext: 
patching file include/net/dsa.h
patching file net/dsa/port.c

Applying /home/joseca/openmanet-firmware/target/linux/generic/backport-6.6/764-v6.10-net-dsa-allow-DSA-switch-drivers-to-provide-their-ow.patch using plaintext: 
patching file include/net/dsa.h
patching file net/dsa/dsa.c
patching file net/dsa/port.c

Applying /home/joseca/openmanet-firmware/target/linux/generic/backport-6.6/765-v6.9-net-phy-aquantia-add-support-for-AQR114C-PHY-ID.patch using plaintext: 
patching file drivers/net/phy/aquantia/aquantia_main.c

Applying /home/joseca/openmanet-firmware/target/linux/generic/backport-6.6/770-v6.7-net-introduce-napi_is_scheduled-helper.patch using plaintext: 
patching file drivers/net/ethernet/chelsio/cxgb3/sge.c
patching file drivers/net/wireless/realtek/rtw89/core.c
patching file include/linux/netdevice.h
patching file net/core/dev.c

Applying /home/joseca/openmanet-firmware/target/linux/generic/backport-6.6/771-v6.7-01-net-stmmac-improve-TX-timer-arm-logic.patch using plaintext: 
patching file drivers/net/ethernet/stmicro/stmmac/stmmac_main.c

Applying /home/joseca/openmanet-firmware/target/linux/generic/backport-6.6/771-v6.7-02-net-stmmac-move-TX-timer-arm-after-DMA-enable.patch using plaintext: 
patching file drivers/net/ethernet/stmicro/stmmac/stmmac_main.c

Applying /home/joseca/openmanet-firmware/target/linux/generic/backport-6.6/771-v6.7-03-net-stmmac-increase-TX-coalesce-timer-to-5ms.patch using plaintext: 
patching file drivers/net/ethernet/stmicro/stmmac/common.h

Applying /home/joseca/openmanet-firmware/target/linux/generic/backport-6.6/780-01-v6.8-r8169-improve-RTL8411b-phy-down-fixup.patch using plaintext: 
patching file drivers/net/ethernet/realtek/r8169_main.c

Applying /home/joseca/openmanet-firmware/target/linux/generic/backport-6.6/780-02-v6.8-r8169-remove-not-needed-check-in-rtl_fw_write_firmwa.patch using plaintext: 
patching file drivers/net/ethernet/realtek/r8169_firmware.c

Applying /home/joseca/openmanet-firmware/target/linux/generic/backport-6.6/780-03-v6.8-r8169-remove-multicast-filter-limit.patch using plaintext: 
patching file drivers/net/ethernet/realtek/r8169_main.c

Applying /home/joseca/openmanet-firmware/target/linux/generic/backport-6.6/780-04-v6.8-r8169-improve-handling-task-scheduling.patch using plaintext: 
patching file drivers/net/ethernet/realtek/r8169_main.c

Applying /home/joseca/openmanet-firmware/target/linux/generic/backport-6.6/780-05-v6.8-r8169-add-support-for-LED-s-on-RTL8168-RTL8101.patch using plaintext: 
patching file drivers/net/ethernet/realtek/Makefile
patching file drivers/net/ethernet/realtek/r8169.h
patching file drivers/net/ethernet/realtek/r8169_leds.c
patching file drivers/net/ethernet/realtek/r8169_main.c

Applying /home/joseca/openmanet-firmware/target/linux/generic/backport-6.6/780-06-v6.8-r8169-fix-building-with-CONFIG_LEDS_CLASS-m.patch using plaintext: 
patching file drivers/net/ethernet/realtek/Kconfig
patching file drivers/net/ethernet/realtek/Makefile
patching file drivers/net/ethernet/realtek/r8169_main.c

Applying /home/joseca/openmanet-firmware/target/linux/generic/backport-6.6/780-07-v6.9-r8169-simplify-EEE-handling.patch using plaintext: 
patching file drivers/net/ethernet/realtek/r8169_main.c

Applying /home/joseca/openmanet-firmware/target/linux/generic/backport-6.6/780-08-v6.9-r8169-add-support-for-RTL8126A.patch using plaintext: 
patching file drivers/net/ethernet/realtek/r8169.h
patching file drivers/net/ethernet/realtek/r8169_main.c
patching file drivers/net/ethernet/realtek/r8169_phy_config.c

Applying /home/joseca/openmanet-firmware/target/linux/generic/backport-6.6/780-09-v6.9-r8169-improve-checking-for-valid-LED-modes.patch using plaintext: 
patching file drivers/net/ethernet/realtek/r8169_leds.c

Applying /home/joseca/openmanet-firmware/target/linux/generic/backport-6.6/780-10-v6.9-r8169-simplify-code-by-using-core-provided-pcpu-stat.patch using plaintext: 
patching file drivers/net/ethernet/realtek/r8169_main.c

Applying /home/joseca/openmanet-firmware/target/linux/generic/backport-6.6/780-11-v6.9-r8169-add-LED-support-for-RTL8125-RTL8126.patch using plaintext: 
patching file drivers/net/ethernet/realtek/r8169.h
patching file drivers/net/ethernet/realtek/r8169_leds.c
patching file drivers/net/ethernet/realtek/r8169_main.c

Applying /home/joseca/openmanet-firmware/target/linux/generic/backport-6.6/780-12-v6.9-r8169-add-generic-rtl_set_eee_txidle_timer-function.patch using plaintext: 
patching file drivers/net/ethernet/realtek/r8169_main.c

Applying /home/joseca/openmanet-firmware/target/linux/generic/backport-6.6/780-13-v6.9-r8169-support-setting-the-EEE-tx-idle-timer-on-RTL81.patch using plaintext: 
patching file drivers/net/ethernet/realtek/r8169_main.c

Applying /home/joseca/openmanet-firmware/target/linux/generic/backport-6.6/780-14-v6.9-r8169-add-support-for-returning-tx_lpi_timer-in-etht.patch using plaintext: 
patching file drivers/net/ethernet/realtek/r8169_main.c

Applying /home/joseca/openmanet-firmware/target/linux/generic/backport-6.6/780-15-v6.9-r8169-add-MODULE_FIRMWARE-entry-for-RTL8126A.patch using plaintext: 
patching file drivers/net/ethernet/realtek/r8169_main.c

Applying /home/joseca/openmanet-firmware/target/linux/generic/backport-6.6/780-16-v6.9-r8169-fix-LED-related-deadlock-on-module-removal.patch using plaintext: 
patching file drivers/net/ethernet/realtek/r8169.h
patching file drivers/net/ethernet/realtek/r8169_leds.c
patching file drivers/net/ethernet/realtek/r8169_main.c

Applying /home/joseca/openmanet-firmware/target/linux/generic/backport-6.6/780-17-v6.9-r8169-add-missing-conditional-compiling-for-call-to-.patch using plaintext: 
patching file drivers/net/ethernet/realtek/r8169_main.c

Applying /home/joseca/openmanet-firmware/target/linux/generic/backport-6.6/780-18-v6.10-r8169-add-support-for-RTL8168M.patch using plaintext: 
patching file drivers/net/ethernet/realtek/r8169_main.c

Applying /home/joseca/openmanet-firmware/target/linux/generic/backport-6.6/780-19-v6.10-net-annotate-writes-on-dev-mtu-from-ndo_change_mtu.patch using plaintext: 
patching file drivers/net/ethernet/realtek/8139cp.c
patching file drivers/net/ethernet/realtek/r8169_main.c

Applying /home/joseca/openmanet-firmware/target/linux/generic/backport-6.6/780-20-v6.11-r8169-disable-interrupt-source-RxOverflow.patch using plaintext: 
patching file drivers/net/ethernet/realtek/r8169_main.c

Applying /home/joseca/openmanet-firmware/target/linux/generic/backport-6.6/780-21-v6.11-r8169-remove-detection-of-chip-version-11-early-RTL8.patch using plaintext: 
patching file drivers/net/ethernet/realtek/r8169_main.c

Applying /home/joseca/openmanet-firmware/target/linux/generic/backport-6.6/780-22-v6.12-r8169-add-support-for-RTL8126A-rev.b.patch using plaintext: 
patching file drivers/net/ethernet/realtek/r8169.h
patching file drivers/net/ethernet/realtek/r8169_main.c
patching file drivers/net/ethernet/realtek/r8169_phy_config.c

Applying /home/joseca/openmanet-firmware/target/linux/generic/backport-6.6/780-23-v6.12-r8169-add-missing-MODULE_FIRMWARE-entry-for-RTL8126A.patch using plaintext: 
patching file drivers/net/ethernet/realtek/r8169_main.c

Applying /home/joseca/openmanet-firmware/target/linux/generic/backport-6.6/780-25-v6.13-r8169-remove-original-workaround-for-RTL8125-broken-.patch using plaintext: 
patching file drivers/net/ethernet/realtek/r8169_main.c

Applying /home/joseca/openmanet-firmware/target/linux/generic/backport-6.6/780-26-v6.13-r8169-enable-SG-TSO-on-selected-chip-versions-per-de.patch using plaintext: 
patching file drivers/net/ethernet/realtek/r8169_main.c

Applying /home/joseca/openmanet-firmware/target/linux/generic/backport-6.6/780-27-v6.13-r8169-implement-additional-ethtool-stats-ops.patch using plaintext: 
patching file drivers/net/ethernet/realtek/r8169_main.c

Applying /home/joseca/openmanet-firmware/target/linux/generic/backport-6.6/780-28-v6.13-r8169-don-t-take-RTNL-lock-in-rtl_task.patch using plaintext: 
patching file drivers/net/ethernet/realtek/r8169_main.c

Applying /home/joseca/openmanet-firmware/target/linux/generic/backport-6.6/780-30-v6.13-r8169-avoid-duplicated-messages-if-loading-firmware-.patch using plaintext: 
patching file drivers/net/ethernet/realtek/r8169_firmware.c

Applying /home/joseca/openmanet-firmware/target/linux/generic/backport-6.6/780-31-v6.13-r8169-remove-rtl_dash_loop_wait_high-low.patch using plaintext: 
patching file drivers/net/ethernet/realtek/r8169_main.c

Applying /home/joseca/openmanet-firmware/target/linux/generic/backport-6.6/780-32-v6.13-r8169-enable-EEE-at-2.5G-per-default-on-RTL8125B.patch using plaintext: 
patching file drivers/net/ethernet/realtek/r8169_phy_config.c

Applying /home/joseca/openmanet-firmware/target/linux/generic/backport-6.6/780-33-v6.13-r8169-add-support-for-RTL8125D.patch using plaintext: 
patching file drivers/net/ethernet/realtek/r8169.h
patching file drivers/net/ethernet/realtek/r8169_main.c
patching file drivers/net/ethernet/realtek/r8169_phy_config.c

Applying /home/joseca/openmanet-firmware/target/linux/generic/backport-6.6/780-34-v6.13-r8169-fix-inconsistent-indenting-in-rtl8169_get_eth_.patch using plaintext: 
patching file drivers/net/ethernet/realtek/r8169_main.c

Applying /home/joseca/openmanet-firmware/target/linux/generic/backport-6.6/780-35-v6.13-r8169-align-RTL8125-EEE-config-with-vendor-driver.patch using plaintext: 
patching file drivers/net/ethernet/realtek/r8169_phy_config.c

Applying /home/joseca/openmanet-firmware/target/linux/generic/backport-6.6/780-36-v6.13-r8169-align-RTL8125-RTL8126-PHY-config-with-vendor-d.patch using plaintext: 
patching file drivers/net/ethernet/realtek/r8169_phy_config.c

Applying /home/joseca/openmanet-firmware/target/linux/generic/backport-6.6/780-37-v6.13-r8169-align-RTL8126-EEE-config-with-vendor-driver.patch using plaintext: 
patching file drivers/net/ethernet/realtek/r8169_phy_config.c

Applying /home/joseca/openmanet-firmware/target/linux/generic/backport-6.6/780-38-v6.13-r8169-improve-initialization-of-RSS-registers-on-RTL.patch using plaintext: 
patching file drivers/net/ethernet/realtek/r8169_main.c

Applying /home/joseca/openmanet-firmware/target/linux/generic/backport-6.6/780-39-v6.13-r8169-remove-leftover-locks-after-reverted-change.patch using plaintext: 
patching file drivers/net/ethernet/realtek/r8169_main.c

Applying /home/joseca/openmanet-firmware/target/linux/generic/backport-6.6/780-40-v6.13-r8169-improve-__rtl8169_set_wol.patch using plaintext: 
patching file drivers/net/ethernet/realtek/r8169_main.c

Applying /home/joseca/openmanet-firmware/target/linux/generic/backport-6.6/780-41-v6.13-r8169-improve-rtl_set_d3_pll_down.patch using plaintext: 
patching file drivers/net/ethernet/realtek/r8169_main.c

Applying /home/joseca/openmanet-firmware/target/linux/generic/backport-6.6/780-42-v6.13-r8169-align-WAKE_PHY-handling-with-r8125-r8126-vendo.patch using plaintext: 
patching file drivers/net/ethernet/realtek/r8169_main.c

Applying /home/joseca/openmanet-firmware/target/linux/generic/backport-6.6/780-43-v6.13-r8169-use-helper-r8169_mod_reg8_cond-to-simplify-rtl.patch using plaintext: 
patching file drivers/net/ethernet/realtek/r8169_main.c

Applying /home/joseca/openmanet-firmware/target/linux/generic/backport-6.6/780-44-v6.13-r8169-copy-vendor-driver-2.5G-5G-EEE-advertisement-c.patch using plaintext: 
patching file drivers/net/ethernet/realtek/r8169_main.c
patching file drivers/net/ethernet/realtek/r8169_phy_config.c

Applying /home/joseca/openmanet-firmware/target/linux/generic/backport-6.6/780-45-v6.14-r8169-remove-unused-flag-RTL_FLAG_TASK_RESET_NO_QUEU.patch using plaintext: 
patching file drivers/net/ethernet/realtek/r8169_main.c

Applying /home/joseca/openmanet-firmware/target/linux/generic/backport-6.6/780-46-v6.14-r8169-remove-support-for-chip-version-11.patch using plaintext: 
patching file drivers/net/ethernet/realtek/r8169.h
patching file drivers/net/ethernet/realtek/r8169_main.c
patching file drivers/net/ethernet/realtek/r8169_phy_config.c

Applying /home/joseca/openmanet-firmware/target/linux/generic/backport-6.6/780-47-v6.14-r8169-adjust-version-numbering-for-RTL8126.patch using plaintext: 
patching file drivers/net/ethernet/realtek/r8169.h
patching file drivers/net/ethernet/realtek/r8169_main.c
patching file drivers/net/ethernet/realtek/r8169_phy_config.c

Applying /home/joseca/openmanet-firmware/target/linux/generic/backport-6.6/780-48-v6.14-r8169-add-support-for-RTL8125D-rev.b.patch using plaintext: 
patching file drivers/net/ethernet/realtek/r8169.h
patching file drivers/net/ethernet/realtek/r8169_main.c
patching file drivers/net/ethernet/realtek/r8169_phy_config.c

Applying /home/joseca/openmanet-firmware/target/linux/generic/backport-6.6/780-49-v6.14-r8169-add-support-for-RTL8125BP-rev.b.patch using plaintext: 
patching file drivers/net/ethernet/realtek/r8169.h
patching file drivers/net/ethernet/realtek/r8169_main.c
patching file drivers/net/ethernet/realtek/r8169_phy_config.c

Applying /home/joseca/openmanet-firmware/target/linux/generic/backport-6.6/780-50-v6.15-r8169-make-Kconfig-option-for-LED-support-user-visib.patch using plaintext: 
patching file drivers/net/ethernet/realtek/Kconfig

Applying /home/joseca/openmanet-firmware/target/linux/generic/backport-6.6/780-52-v6.15-r8169-add-support-for-Intel-Killer-E5000.patch using plaintext: 
patching file drivers/net/ethernet/realtek/r8169_main.c

Applying /home/joseca/openmanet-firmware/target/linux/generic/backport-6.6/780-53-v6.15-r8169-add-PHY-c45-ops-for-MDIO_MMD_VENDOR2-registers.patch using plaintext: 
patching file drivers/net/ethernet/realtek/r8169_main.c

Applying /home/joseca/openmanet-firmware/target/linux/generic/backport-6.6/780-54-v6.15-r8169-increase-max-jumbo-packet-size-on-RTL8125-RTL8.patch using plaintext: 
patching file drivers/net/ethernet/realtek/r8169_main.c

Applying /home/joseca/openmanet-firmware/target/linux/generic/backport-6.6/780-55-v6.15-r8169-enable-RTL8168H-RTL8168EP-RTL8168FP-ASPM-suppo.patch using plaintext: 
patching file drivers/net/ethernet/realtek/r8169_main.c

Applying /home/joseca/openmanet-firmware/target/linux/generic/backport-6.6/780-56-v6.15-r8169-disable-RTL8126-ZRX-DC-timeout.patch using plaintext: 
patching file drivers/net/ethernet/realtek/r8169_main.c

Applying /home/joseca/openmanet-firmware/target/linux/generic/backport-6.6/780-57-v6.16-r8169-add-helper-rtl_csi_mod-for-accessing-extended.patch using plaintext: 
patching file drivers/net/ethernet/realtek/r8169_main.c

Applying /home/joseca/openmanet-firmware/target/linux/generic/backport-6.6/780-58-v6.16-r8169-add-helper-rtl8125_phy_param.patch using plaintext: 
patching file drivers/net/ethernet/realtek/r8169_phy_config.c

Applying /home/joseca/openmanet-firmware/target/linux/generic/backport-6.6/780-59-v6.16-r8169-refactor-chip-version-detection.patch using plaintext: 
patching file drivers/net/ethernet/realtek/r8169_main.c

Applying /home/joseca/openmanet-firmware/target/linux/generic/backport-6.6/780-60-v6.16-r8169-add-RTL_GIGA_MAC_VER_LAST-to-facilitate-adding.patch using plaintext: 
patching file drivers/net/ethernet/realtek/r8169.h
patching file drivers/net/ethernet/realtek/r8169_main.c

Applying /home/joseca/openmanet-firmware/target/linux/generic/backport-6.6/780-61-v6.16-r8169-use-pci_prepare_to_sleep-in-rtl_shutdown.patch using plaintext: 
patching file drivers/net/ethernet/realtek/r8169_main.c

Applying /home/joseca/openmanet-firmware/target/linux/generic/backport-6.6/780-62-v6.16-r8169-merge-chip-versions-70-and-71-RTL8126A.patch using plaintext: 
patching file drivers/net/ethernet/realtek/r8169.h
patching file drivers/net/ethernet/realtek/r8169_main.c
patching file drivers/net/ethernet/realtek/r8169_phy_config.c

Applying /home/joseca/openmanet-firmware/target/linux/generic/backport-6.6/780-63-v6.16-r8169-merge-chip-versions-64-and-65-RTL8125D.patch using plaintext: 
patching file drivers/net/ethernet/realtek/r8169.h
patching file drivers/net/ethernet/realtek/r8169_main.c
patching file drivers/net/ethernet/realtek/r8169_phy_config.c

Applying /home/joseca/openmanet-firmware/target/linux/generic/backport-6.6/780-64-v6.16-r8169-merge-chip-versions-52-and-53-RTL8117.patch using plaintext: 
patching file drivers/net/ethernet/realtek/r8169.h
patching file drivers/net/ethernet/realtek/r8169_main.c
patching file drivers/net/ethernet/realtek/r8169_phy_config.c

Applying /home/joseca/openmanet-firmware/target/linux/generic/backport-6.6/780-65-v6.16-r8169-add-support-for-RTL8127A.patch using plaintext: 
patching file drivers/net/ethernet/realtek/r8169.h
patching file drivers/net/ethernet/realtek/r8169_main.c
patching file drivers/net/ethernet/realtek/r8169_phy_config.c

Applying /home/joseca/openmanet-firmware/target/linux/generic/backport-6.6/781-01-v6.9-net-phy-realtek-add-support-for-RTL8126A-integrated-.patch using plaintext: 
patching file drivers/net/phy/realtek.c

Applying /home/joseca/openmanet-firmware/target/linux/generic/backport-6.6/781-02-v6.9-net-phy-realtek-use-generic-MDIO-constants.patch using plaintext: 
patching file drivers/net/phy/realtek.c

Applying /home/joseca/openmanet-firmware/target/linux/generic/backport-6.6/781-03-v6.9-net-phy-realtek-add-5Gbps-support-to-rtl822x_config_.patch using plaintext: 
patching file drivers/net/phy/realtek.c

Applying /home/joseca/openmanet-firmware/target/linux/generic/backport-6.6/781-04-v6.9-net-phy-realtek-use-generic-MDIO-helpers-to-simplify.patch using plaintext: 
patching file drivers/net/phy/realtek.c

Applying /home/joseca/openmanet-firmware/target/linux/generic/backport-6.6/781-05-v6.10-net-phy-realtek-configure-SerDes-mode-for-rtl822xb-P.patch using plaintext: 
patching file drivers/net/phy/realtek.c

Applying /home/joseca/openmanet-firmware/target/linux/generic/backport-6.6/781-06-v6.10-net-phy-realtek-add-get_rate_matching-for-rtl822xb-P.patch using plaintext: 
patching file drivers/net/phy/realtek.c

Applying /home/joseca/openmanet-firmware/target/linux/generic/backport-6.6/781-07-v6.10-net-phy-realtek-Add-driver-instances-for-rtl8221b-vi.patch using plaintext: 
patching file drivers/net/phy/realtek.c

Applying /home/joseca/openmanet-firmware/target/linux/generic/backport-6.6/781-08-v6.10-net-phy-realtek-Change-rtlgen_get_speed-to-rtlgen_de.patch using plaintext: 
patching file drivers/net/phy/realtek.c

Applying /home/joseca/openmanet-firmware/target/linux/generic/backport-6.6/781-09-v6.10-net-phy-realtek-add-rtl822x_c45_get_features-to-set-.patch using plaintext: 
patching file drivers/net/phy/realtek.c

Applying /home/joseca/openmanet-firmware/target/linux/generic/backport-6.6/781-10-v6.11-net-phy-realtek-add-support-for-rtl8224-2.5Gbps-PHY.patch using plaintext: 
patching file drivers/net/phy/realtek.c

Applying /home/joseca/openmanet-firmware/target/linux/generic/backport-6.6/781-11-v6.11-net-phy-realtek-Add-support-for-PHY-LEDs-on-RTL8211F.patch using plaintext: 
patching file drivers/net/phy/realtek.c

Applying /home/joseca/openmanet-firmware/target/linux/generic/backport-6.6/781-12-v6.11-net-phy-realtek-Fix-setting-of-PHY-LEDs-Mode-B-bit-o.patch using plaintext: 
patching file drivers/net/phy/realtek.c

Applying /home/joseca/openmanet-firmware/target/linux/generic/backport-6.6/781-13-v6.12-net-phy-realtek-Check-the-index-value-in-led_hw_cont.patch using plaintext: 
patching file drivers/net/phy/realtek.c

Applying /home/joseca/openmanet-firmware/target/linux/generic/backport-6.6/781-14-v6.12-net-phy-realtek-Fix-MMD-access-on-RTL8126A-integrate.patch using plaintext: 
patching file drivers/net/phy/realtek.c

Applying /home/joseca/openmanet-firmware/target/linux/generic/backport-6.6/781-15-v6.13-net-phy-realtek-read-duplex-and-gbit-master-from-PHY.patch using plaintext: 
patching file drivers/net/phy/realtek.c

Applying /home/joseca/openmanet-firmware/target/linux/generic/backport-6.6/781-16-v6.13-net-phy-realtek-change-order-of-calls-in-C22-read_st.patch using plaintext: 
patching file drivers/net/phy/realtek.c

Applying /home/joseca/openmanet-firmware/target/linux/generic/backport-6.6/781-17-v6.13-net-phy-realtek-clear-1000Base-T-link-partner-advert.patch using plaintext: 
patching file drivers/net/phy/realtek.c

Applying /home/joseca/openmanet-firmware/target/linux/generic/backport-6.6/781-18-v6.13-net-phy-realtek-merge-the-drivers-for-internal-NBase.patch using plaintext: 
patching file drivers/net/phy/realtek.c

Applying /home/joseca/openmanet-firmware/target/linux/generic/backport-6.6/781-19-v6.13-net-phy-realtek-add-RTL8125D-internal-PHY.patch using plaintext: 
patching file drivers/net/phy/realtek.c

Applying /home/joseca/openmanet-firmware/target/linux/generic/backport-6.6/781-20-v6.14-net-phy-realtek-clear-1000Base-T-lpa-if-link-is-down.patch using plaintext: 
patching file drivers/net/phy/realtek.c

Applying /home/joseca/openmanet-firmware/target/linux/generic/backport-6.6/781-21-v6.14-net-phy-realtek-clear-master_slave_state-if-link-is-.patch using plaintext: 
patching file drivers/net/phy/realtek.c

Applying /home/joseca/openmanet-firmware/target/linux/generic/backport-6.6/781-22-v6.14-net-phy-realtek-always-clear-NBase-T-lpa.patch using plaintext: 
patching file drivers/net/phy/realtek.c

Applying /home/joseca/openmanet-firmware/target/linux/generic/backport-6.6/781-23-v6.14-net-phy-realtek-add-support-for-reading-MDIO_MMD_VEN.patch using plaintext: 
patching file drivers/net/phy/realtek.c

Applying /home/joseca/openmanet-firmware/target/linux/generic/backport-6.6/781-24-v6.14-net-phy-move-realtek-PHY-driver-to-its-own-subdirect.patch using plaintext: 
patching file drivers/net/phy/Kconfig
patching file drivers/net/phy/Makefile
patching file drivers/net/phy/realtek/Kconfig
patching file drivers/net/phy/realtek/Makefile
patching file drivers/net/phy/realtek.c
patching file drivers/net/phy/realtek/realtek_main.c

Applying /home/joseca/openmanet-firmware/target/linux/generic/backport-6.6/781-25-v6.14-net-phy-realtek-add-hwmon-support-for-temp-sensor-on.patch using plaintext: 
patching file drivers/net/phy/realtek/Kconfig
patching file drivers/net/phy/realtek/Makefile
patching file drivers/net/phy/realtek/realtek.h
patching file drivers/net/phy/realtek/realtek_hwmon.c
patching file drivers/net/phy/realtek/realtek_main.c

Applying /home/joseca/openmanet-firmware/target/linux/generic/backport-6.6/781-26-v6.14-net-phy-realtek-HWMON-support-for-standalone-version.patch using plaintext: 
patching file drivers/net/phy/realtek/realtek_main.c

Applying /home/joseca/openmanet-firmware/target/linux/generic/backport-6.6/781-27-v6.15-net-phy-realtek-make-HWMON-support-a-user-visible-Kc.patch using plaintext: 
patching file drivers/net/phy/realtek/Kconfig

Applying /home/joseca/openmanet-firmware/target/linux/generic/backport-6.6/781-28-v6.15-net-phy-realtek-use-string-choices-helpers.patch using plaintext: 
patching file drivers/net/phy/realtek/realtek_main.c

Applying /home/joseca/openmanet-firmware/target/linux/generic/backport-6.6/781-29-v6.15-net-phy-realtek-improve-mmd-register-access-for-inte.patch using plaintext: 
patching file drivers/net/phy/realtek/realtek_main.c

Applying /home/joseca/openmanet-firmware/target/linux/generic/backport-6.6/781-30-v6.15-net-phy-realtek-switch-from-paged-to-MMD-ops-in-rtl8.patch using plaintext: 
patching file drivers/net/phy/realtek/realtek_main.c

Applying /home/joseca/openmanet-firmware/target/linux/generic/backport-6.6/781-31-v6.15-net-phy-realtek-add-helper-RTL822X_VND2_C22_REG.patch using plaintext: 
patching file drivers/net/phy/realtek/realtek_main.c

Applying /home/joseca/openmanet-firmware/target/linux/generic/backport-6.6/781-32-v6.15-net-phy-realtek-add-defines-for-shadowed-c45-standar.patch using plaintext: 
patching file drivers/net/phy/realtek/realtek_main.c

Applying /home/joseca/openmanet-firmware/target/linux/generic/backport-6.6/781-33-v6.15-net-phy-realtek-disable-PHY-mode-EEE.patch using plaintext: 
patching file drivers/net/phy/realtek/realtek_main.c

Applying /home/joseca/openmanet-firmware/target/linux/generic/backport-6.6/781-34-v6.16-net-phy-realtek-Add-support-for-WOL-magic-packet-on.patch using plaintext: 
patching file drivers/net/phy/realtek/realtek_main.c

Applying /home/joseca/openmanet-firmware/target/linux/generic/backport-6.6/781-35-v6.16-net-phy-realtek-remove-unsed-RTL821x_PHYSR-macros.patch using plaintext: 
patching file drivers/net/phy/realtek/realtek_main.c

Applying /home/joseca/openmanet-firmware/target/linux/generic/backport-6.6/781-36-v6.16-net-phy-realtek-Clean-up-RTL821x-ExtPage-access.patch using plaintext: 
patching file drivers/net/phy/realtek/realtek_main.c

Applying /home/joseca/openmanet-firmware/target/linux/generic/backport-6.6/781-37-v6.16-net-phy-realtek-add-RTL8211F-register-defines.patch using plaintext: 
patching file drivers/net/phy/realtek/realtek_main.c

Applying /home/joseca/openmanet-firmware/target/linux/generic/backport-6.6/781-38-v6.16-net-phy-realtek-Group-RTL82-macro-definitions.patch using plaintext: 
patching file drivers/net/phy/realtek/realtek_main.c

Applying /home/joseca/openmanet-firmware/target/linux/generic/backport-6.6/781-39-v6.16-net-phy-realtek-use-__set_bit-in-rtl8211f_led_hw_con.patch using plaintext: 
patching file drivers/net/phy/realtek/realtek_main.c

Applying /home/joseca/openmanet-firmware/target/linux/generic/backport-6.6/781-40-v6.16-net-phy-realtek-Add-support-for-PHY-LEDs-on-RTL8211E.patch using plaintext: 
patching file drivers/net/phy/realtek/realtek_main.c

Applying /home/joseca/openmanet-firmware/target/linux/generic/backport-6.6/781-41-v6.16-net-phy-realtek-add-RTL8127-internal-PHY.patch using plaintext: 
patching file drivers/net/phy/realtek/realtek_main.c

Applying /home/joseca/openmanet-firmware/target/linux/generic/backport-6.6/785-01-v6.8-net-sfp-rework-the-RollBall-PHY-waiting-code.patch using plaintext: 
patching file drivers/net/phy/sfp.c

Applying /home/joseca/openmanet-firmware/target/linux/generic/backport-6.6/785-02-v6.8-net-sfp-fix-PHY-discovery-for-FS-SFP-10G-T-module.patch using plaintext: 
patching file drivers/net/phy/sfp.c

Applying /home/joseca/openmanet-firmware/target/linux/generic/backport-6.6/785-03-v6.10-net-sfp-update-comment-for-FS-SFP-10G-T-quirk.patch using plaintext: 
patching file drivers/net/phy/sfp.c

Applying /home/joseca/openmanet-firmware/target/linux/generic/backport-6.6/785-04-v6.10-net-sfp-enhance-quirk-for-Fibrestore-2.5G-copper-SFP-module.patch using plaintext: 
patching file drivers/net/phy/sfp.c

Applying /home/joseca/openmanet-firmware/target/linux/generic/backport-6.6/785-05-v6.15-net-sfp-add-quirk-for-FS-SFP-10GM-T-copper-SFP-module.patch using plaintext: 
patching file drivers/net/phy/sfp.c

Applying /home/joseca/openmanet-firmware/target/linux/generic/backport-6.6/790-01-v6.7-net-dsa-mt7530-Convert-to-platform-remove-callback-r.patch using plaintext: 
patching file drivers/net/dsa/mt7530-mmio.c

Applying /home/joseca/openmanet-firmware/target/linux/generic/backport-6.6/790-02-v6.7-net-dsa-mt753x-remove-mt753x_phylink_pcs_link_up.patch using plaintext: 
patching file drivers/net/dsa/mt7530.c

Applying /home/joseca/openmanet-firmware/target/linux/generic/backport-6.6/790-03-v6.7-net-dsa-mt7530-replace-deprecated-strncpy-with-ethto.patch using plaintext: 
patching file drivers/net/dsa/mt7530.c

Applying /home/joseca/openmanet-firmware/target/linux/generic/backport-6.6/790-04-v6.9-net-dsa-mt7530-support-OF-based-registration-of-swit.patch using plaintext: 
patching file drivers/net/dsa/mt7530.c

Applying /home/joseca/openmanet-firmware/target/linux/generic/backport-6.6/790-05-v6.9-net-dsa-mt7530-always-trap-frames-to-active-CPU-port.patch using plaintext: 
patching file drivers/net/dsa/mt7530.c
patching file drivers/net/dsa/mt7530.h

Applying /home/joseca/openmanet-firmware/target/linux/generic/backport-6.6/790-06-v6.9-net-dsa-mt7530-use-p5_interface_select-as-data-type-.patch using plaintext: 
patching file drivers/net/dsa/mt7530.h

Applying /home/joseca/openmanet-firmware/target/linux/generic/backport-6.6/790-07-v6.9-net-dsa-mt7530-store-port-5-SGMII-capability-of-MT75.patch using plaintext: 
patching file drivers/net/dsa/mt7530-mdio.c
patching file drivers/net/dsa/mt7530.c
patching file drivers/net/dsa/mt7530.h

Applying /home/joseca/openmanet-firmware/target/linux/generic/backport-6.6/790-08-v6.9-net-dsa-mt7530-improve-comments-regarding-switch-por.patch using plaintext: 
patching file drivers/net/dsa/mt7530.c

Applying /home/joseca/openmanet-firmware/target/linux/generic/backport-6.6/790-09-v6.9-net-dsa-mt7530-improve-code-path-for-setting-up-port.patch using plaintext: 
patching file drivers/net/dsa/mt7530.c

Applying /home/joseca/openmanet-firmware/target/linux/generic/backport-6.6/790-10-v6.9-net-dsa-mt7530-do-not-set-priv-p5_interface-on-mt753.patch using plaintext: 
patching file drivers/net/dsa/mt7530.c

Applying /home/joseca/openmanet-firmware/target/linux/generic/backport-6.6/790-11-v6.9-net-dsa-mt7530-do-not-run-mt7530_setup_port5-if-port.patch using plaintext: 
patching file drivers/net/dsa/mt7530.c

Applying /home/joseca/openmanet-firmware/target/linux/generic/backport-6.6/790-12-v6.9-net-dsa-mt7530-empty-default-case-on-mt7530_setup_po.patch using plaintext: 
patching file drivers/net/dsa/mt7530.c

Applying /home/joseca/openmanet-firmware/target/linux/generic/backport-6.6/790-13-v6.9-net-dsa-mt7530-move-XTAL-check-to-mt7530_setup.patch using plaintext: 
patching file drivers/net/dsa/mt7530.c

Applying /home/joseca/openmanet-firmware/target/linux/generic/backport-6.6/790-14-v6.9-net-dsa-mt7530-simplify-mt7530_pad_clk_setup.patch using plaintext: 
patching file drivers/net/dsa/mt7530.c

Applying /home/joseca/openmanet-firmware/target/linux/generic/backport-6.6/790-15-v6.9-net-dsa-mt7530-call-port-6-setup-from-mt7530_mac_con.patch using plaintext: 
patching file drivers/net/dsa/mt7530.c

Applying /home/joseca/openmanet-firmware/target/linux/generic/backport-6.6/790-16-v6.9-net-dsa-mt7530-remove-pad_setup-function-pointer.patch using plaintext: 
patching file drivers/net/dsa/mt7530.c
patching file drivers/net/dsa/mt7530.h

Applying /home/joseca/openmanet-firmware/target/linux/generic/backport-6.6/790-17-v6.9-net-dsa-mt7530-correct-port-capabilities-of-MT7988.patch using plaintext: 
patching file drivers/net/dsa/mt7530.c

Applying /home/joseca/openmanet-firmware/target/linux/generic/backport-6.6/790-18-v6.9-net-dsa-mt7530-do-not-clear-config-supported_interfa.patch using plaintext: 
patching file drivers/net/dsa/mt7530.c

Applying /home/joseca/openmanet-firmware/target/linux/generic/backport-6.6/790-19-v6.9-net-dsa-mt7530-remove-.mac_port_config-for-MT7988-an.patch using plaintext: 
patching file drivers/net/dsa/mt7530.c

Applying /home/joseca/openmanet-firmware/target/linux/generic/backport-6.6/790-20-v6.9-net-dsa-mt7530-set-interrupt-register-only-for-MT753.patch using plaintext: 
patching file drivers/net/dsa/mt7530.c

Applying /home/joseca/openmanet-firmware/target/linux/generic/backport-6.6/790-21-v6.9-net-dsa-mt7530-do-not-use-SW_PHY_RST-to-reset-MT7531.patch using plaintext: 
patching file drivers/net/dsa/mt7530.c

Applying /home/joseca/openmanet-firmware/target/linux/generic/backport-6.6/790-22-v6.9-net-dsa-mt7530-get-rid-of-useless-error-returns-on-p.patch using plaintext: 
patching file drivers/net/dsa/mt7530.c
patching file drivers/net/dsa/mt7530.h

Applying /home/joseca/openmanet-firmware/target/linux/generic/backport-6.6/790-23-v6.9-net-dsa-mt7530-get-rid-of-priv-info-cpu_port_config.patch using plaintext: 
patching file drivers/net/dsa/mt7530.c
patching file drivers/net/dsa/mt7530.h

Applying /home/joseca/openmanet-firmware/target/linux/generic/backport-6.6/790-24-v6.9-net-dsa-mt7530-get-rid-of-mt753x_mac_config.patch using plaintext: 
patching file drivers/net/dsa/mt7530.c

Applying /home/joseca/openmanet-firmware/target/linux/generic/backport-6.6/790-25-v6.9-net-dsa-mt7530-put-initialising-PCS-devices-code-bac.patch using plaintext: 
patching file drivers/net/dsa/mt7530.c

Applying /home/joseca/openmanet-firmware/target/linux/generic/backport-6.6/790-26-v6.9-net-dsa-mt7530-sort-link-settings-ops-and-force-link.patch using plaintext: 
patching file drivers/net/dsa/mt7530.c

Applying /home/joseca/openmanet-firmware/target/linux/generic/backport-6.6/790-27-v6.9-net-dsa-mt7530-simplify-link-operations.patch using plaintext: 
patching file drivers/net/dsa/mt7530.c
patching file drivers/net/dsa/mt7530.h

Applying /home/joseca/openmanet-firmware/target/linux/generic/backport-6.6/790-28-v6.9-net-dsa-mt7530-disable-LEDs-before-reset.patch using plaintext: 
patching file drivers/net/dsa/mt7530.c

Applying /home/joseca/openmanet-firmware/target/linux/generic/backport-6.6/790-30-v6.9-net-dsa-mt7530-prevent-possible-incorrect-XTAL-frequ.patch using plaintext: 
patching file drivers/net/dsa/mt7530.c

Applying /home/joseca/openmanet-firmware/target/linux/generic/backport-6.6/790-33-v6.10-net-dsa-mt7530-provide-own-phylink-MAC-operations.patch using plaintext: 
patching file drivers/net/dsa/mt7530.c

Applying /home/joseca/openmanet-firmware/target/linux/generic/backport-6.6/790-36-v6.10-net-dsa-mt7530-mdio-read-PHY-address-of-switch-from-.patch using plaintext: 
patching file drivers/net/dsa/mt7530-mdio.c
patching file drivers/net/dsa/mt7530.c
patching file drivers/net/dsa/mt7530.h

Applying /home/joseca/openmanet-firmware/target/linux/generic/backport-6.6/790-37-v6.10-net-dsa-mt7530-simplify-core-operations.patch using plaintext: 
patching file drivers/net/dsa/mt7530.c

Applying /home/joseca/openmanet-firmware/target/linux/generic/backport-6.6/790-38-v6.10-net-dsa-mt7530-disable-EEE-abilities-on-failure-on-M.patch using plaintext: 
patching file drivers/net/dsa/mt7530.h

Applying /home/joseca/openmanet-firmware/target/linux/generic/backport-6.6/790-39-v6.10-net-dsa-mt7530-refactor-MT7530_PMCR_P.patch using plaintext: 
patching file drivers/net/dsa/mt7530.c
patching file drivers/net/dsa/mt7530.h

Applying /home/joseca/openmanet-firmware/target/linux/generic/backport-6.6/790-40-v6.10-net-dsa-mt7530-rename-p5_intf_sel-and-use-only-for-M.patch using plaintext: 
patching file drivers/net/dsa/mt7530.c
patching file drivers/net/dsa/mt7530.h

Applying /home/joseca/openmanet-firmware/target/linux/generic/backport-6.6/790-41-v6.10-net-dsa-mt7530-rename-mt753x_bpdu_port_fw-enum-to-mt.patch using plaintext: 
patching file drivers/net/dsa/mt7530.c
patching file drivers/net/dsa/mt7530.h

Applying /home/joseca/openmanet-firmware/target/linux/generic/backport-6.6/790-42-v6.10-net-dsa-mt7530-refactor-MT7530_MFC-and-MT7531_CFC-ad.patch using plaintext: 
patching file drivers/net/dsa/mt7530.c
patching file drivers/net/dsa/mt7530.h

Applying /home/joseca/openmanet-firmware/target/linux/generic/backport-6.6/790-43-v6.10-net-dsa-mt7530-refactor-MT7530_HWTRAP-and-MT7530_MHW.patch using plaintext: 
patching file drivers/net/dsa/mt7530.c
patching file drivers/net/dsa/mt7530.h

Applying /home/joseca/openmanet-firmware/target/linux/generic/backport-6.6/790-44-v6.10-net-dsa-mt7530-move-MT753X_MTRAP-operations-for-MT75.patch using plaintext: 
patching file drivers/net/dsa/mt7530.c

Applying /home/joseca/openmanet-firmware/target/linux/generic/backport-6.6/790-45-v6.10-net-dsa-mt7530-return-mt7530_setup_mdio-mt7531_setup.patch using plaintext: 
patching file drivers/net/dsa/mt7530.c

Applying /home/joseca/openmanet-firmware/target/linux/generic/backport-6.6/790-46-v6.10-net-dsa-mt7530-define-MAC-speed-capabilities-per-swi.patch using plaintext: 
patching file drivers/net/dsa/mt7530.c

Applying /home/joseca/openmanet-firmware/target/linux/generic/backport-6.6/790-47-v6.10-net-dsa-mt7530-get-rid-of-function-sanity-check.patch using plaintext: 
patching file drivers/net/dsa/mt7530.c

Applying /home/joseca/openmanet-firmware/target/linux/generic/backport-6.6/790-48-v6.10-net-dsa-mt7530-refactor-MT7530_PMEEECR_P.patch using plaintext: 
patching file drivers/net/dsa/mt7530.c
patching file drivers/net/dsa/mt7530.h

Applying /home/joseca/openmanet-firmware/target/linux/generic/backport-6.6/790-49-v6.10-net-dsa-mt7530-get-rid-of-mac_port_validate-member-o.patch using plaintext: 
patching file drivers/net/dsa/mt7530.h

Applying /home/joseca/openmanet-firmware/target/linux/generic/backport-6.6/790-50-v6.10-net-dsa-mt7530-use-priv-ds-num_ports-instead-of-MT75.patch using plaintext: 
patching file drivers/net/dsa/mt7530.c

Applying /home/joseca/openmanet-firmware/target/linux/generic/backport-6.6/790-51-v6.10-net-dsa-mt7530-do-not-pass-port-variable-to-mt7531_r.patch using plaintext: 
patching file drivers/net/dsa/mt7530.c

Applying /home/joseca/openmanet-firmware/target/linux/generic/backport-6.6/790-52-v6.10-net-dsa-mt7530-explain-exposing-MDIO-bus-of-MT7531AE.patch using plaintext: 
patching file drivers/net/dsa/mt7530.c

Applying /home/joseca/openmanet-firmware/target/linux/generic/backport-6.6/790-53-v6.10-net-dsa-mt7530-do-not-set-MT7530_P5_DIS-when-PHY-.patch using plaintext: 
patching file drivers/net/dsa/mt7530.c

Applying /home/joseca/openmanet-firmware/target/linux/generic/backport-6.6/790-54-v6.10-796-net-dsa-mt7530-detect-PHY-muxing-when-PHY-is-defined.patch using plaintext: 
patching file drivers/net/dsa/mt7530.c

Applying /home/joseca/openmanet-firmware/target/linux/generic/backport-6.6/790-55-v6.11-net-dsa-mt7530-factor-out-bridge-join-leave-logic.patch using plaintext: 
patching file drivers/net/dsa/mt7530.c

Applying /home/joseca/openmanet-firmware/target/linux/generic/backport-6.6/790-56-v6.11-net-dsa-mt7530-add-support-for-bridge-port-isolation.patch using plaintext: 
patching file drivers/net/dsa/mt7530.c
patching file drivers/net/dsa/mt7530.h

Applying /home/joseca/openmanet-firmware/target/linux/generic/backport-6.6/791-v6.11-01-net-phy-aquantia-move-priv-and-hw-stat-to-header.patch using plaintext: 
patching file drivers/net/phy/aquantia/aquantia.h
patching file drivers/net/phy/aquantia/aquantia_main.c

Applying /home/joseca/openmanet-firmware/target/linux/generic/backport-6.6/791-v6.11-02-net-phy-aquantia-add-support-for-PHY-LEDs.patch using plaintext: 
patching file drivers/net/phy/aquantia/Makefile
patching file drivers/net/phy/aquantia/aquantia.h
patching file drivers/net/phy/aquantia/aquantia_leds.c
patching file drivers/net/phy/aquantia/aquantia_main.c

Applying /home/joseca/openmanet-firmware/target/linux/generic/backport-6.6/792-v6.16-igc-enable-HW-vlan-tag-insertion-stripping-by-defaul.patch using plaintext: 
patching file drivers/net/ethernet/intel/igc/igc_main.c

Applying /home/joseca/openmanet-firmware/target/linux/generic/backport-6.6/793-01-v6.11-net-dsa-qca8k-do-not-write-port-mask-twice-in-bridge.patch using plaintext: 
patching file drivers/net/dsa/qca/qca8k-common.c

Applying /home/joseca/openmanet-firmware/target/linux/generic/backport-6.6/793-02-v6.11-net-dsa-qca8k-factor-out-bridge-join-leave-logic.patch using plaintext: 
patching file drivers/net/dsa/qca/qca8k-common.c

Applying /home/joseca/openmanet-firmware/target/linux/generic/backport-6.6/793-03-v6.11-net-dsa-qca8k-add-support-for-bridge-port-isolation.patch using plaintext: 
patching file drivers/net/dsa/qca/qca8k-common.c
patching file drivers/net/dsa/qca/qca8k.h

Applying /home/joseca/openmanet-firmware/target/linux/generic/backport-6.6/795-v6.7-16-r8152-use-napi_gro_frags.patch using plaintext: 
patching file drivers/net/usb/r8152.c

Applying /home/joseca/openmanet-firmware/target/linux/generic/backport-6.6/798-v6.10-01-net-phy-air_en8811h-Add-the-Airoha-EN8811H-PHY-drive.patch using plaintext: 
patching file drivers/net/phy/Kconfig
patching file drivers/net/phy/Makefile
patching file drivers/net/phy/air_en8811h.c

Applying /home/joseca/openmanet-firmware/target/linux/generic/backport-6.6/798-v6.10-02-net-phy-air_en8811h-fix-some-error-codes.patch using plaintext: 
patching file drivers/net/phy/air_en8811h.c

Applying /home/joseca/openmanet-firmware/target/linux/generic/backport-6.6/798-v6.10-03-net-phy-air_en8811h-reset-netdev-rules-when-LED-is-s.patch using plaintext: 
patching file drivers/net/phy/air_en8811h.c

Applying /home/joseca/openmanet-firmware/target/linux/generic/backport-6.6/800-v6.9-0001-dt-bindings-leds-Add-FUNCTION-defines-for-per-band-W.patch using plaintext: 
patching file include/dt-bindings/leds/common.h

Applying /home/joseca/openmanet-firmware/target/linux/generic/backport-6.6/800-v6.9-0002-dt-bindings-leds-Add-LED_FUNCTION_WAN_ONLINE-for-Int.patch using plaintext: 
patching file include/dt-bindings/leds/common.h

Applying /home/joseca/openmanet-firmware/target/linux/generic/backport-6.6/810-v6.11-hwmon-g672-add-support-for-g761.patch using plaintext: 
patching file drivers/hwmon/g762.c

Applying /home/joseca/openmanet-firmware/target/linux/generic/backport-6.6/815-v6.7-2-leds-turris-omnia-Make-set_brightness-more-efficient.patch using plaintext: 
patching file drivers/leds/leds-turris-omnia.c

Applying /home/joseca/openmanet-firmware/target/linux/generic/backport-6.6/815-v6.7-3-leds-turris-omnia-Support-HW-controlled-mode-via-pri.patch using plaintext: 
patching file drivers/leds/Kconfig
patching file drivers/leds/leds-turris-omnia.c

Applying /home/joseca/openmanet-firmware/target/linux/generic/backport-6.6/815-v6.7-4-leds-turris-omnia-Add-support-for-enabling-disabling.patch using plaintext: 
patching file Documentation/ABI/testing/sysfs-class-led-driver-turris-omnia
patching file drivers/leds/leds-turris-omnia.c

Applying /home/joseca/openmanet-firmware/target/linux/generic/backport-6.6/815-v6.7-5-leds-turris-omnia-Fix-brightness-setting-and-trigger.patch using plaintext: 
patching file drivers/leds/leds-turris-omnia.c

Applying /home/joseca/openmanet-firmware/target/linux/generic/backport-6.6/816-v6.7-0001-nvmem-qfprom-Mark-core-clk-as-optional.patch using plaintext: 
patching file drivers/nvmem/qfprom.c

Applying /home/joseca/openmanet-firmware/target/linux/generic/backport-6.6/816-v6.7-0003-nvmem-Use-device_get_match_data.patch using plaintext: 
patching file drivers/nvmem/mxs-ocotp.c
patching file drivers/nvmem/stm32-romem.c

Applying /home/joseca/openmanet-firmware/target/linux/generic/backport-6.6/816-v6.7-0004-Revert-nvmem-add-new-config-option.patch using plaintext: 
patching file drivers/mtd/mtdcore.c
patching file drivers/nvmem/core.c
patching file include/linux/nvmem-provider.h

Applying /home/joseca/openmanet-firmware/target/linux/generic/backport-6.6/817-v6.9-of-property-Make-no-port-node-found-output-a-debug.patch using plaintext: 
patching file drivers/of/property.c

Applying /home/joseca/openmanet-firmware/target/linux/generic/backport-6.6/818-v6.8-of-device-Export-of_device_make_bus_id.patch using plaintext: 
patching file drivers/of/device.c
patching file drivers/of/platform.c
patching file include/linux/of_device.h

Applying /home/joseca/openmanet-firmware/target/linux/generic/backport-6.6/819-v6.8-0001-nvmem-Move-of_nvmem_layout_get_container-in-another-.patch using plaintext: 
patching file drivers/nvmem/core.c
patching file include/linux/nvmem-consumer.h
patching file include/linux/nvmem-provider.h

Applying /home/joseca/openmanet-firmware/target/linux/generic/backport-6.6/819-v6.8-0005-nvmem-core-Rework-layouts-to-become-regular-devices.patch using plaintext: 
patching file drivers/nvmem/Kconfig
patching file drivers/nvmem/Makefile
patching file drivers/nvmem/core.c
patching file drivers/nvmem/internals.h
patching file drivers/nvmem/layouts.c
patching file drivers/nvmem/layouts/Kconfig
patching file drivers/nvmem/layouts/onie-tlv.c
patching file drivers/nvmem/layouts/sl28vpd.c
patching file include/linux/nvmem-provider.h

Applying /home/joseca/openmanet-firmware/target/linux/generic/backport-6.6/819-v6.8-0006-nvmem-core-Expose-cells-through-sysfs.patch using plaintext: 
patching file drivers/nvmem/core.c
patching file drivers/nvmem/internals.h

Applying /home/joseca/openmanet-firmware/target/linux/generic/backport-6.6/819-v6.8-0007-nvmem-stm32-add-support-for-STM32MP25-BSEC-to-contro.patch using plaintext: 
patching file drivers/nvmem/stm32-romem.c

Applying /home/joseca/openmanet-firmware/target/linux/generic/backport-6.6/819-v6.8-0008-nvmem-layouts-refactor-.add_cells-callback-arguments.patch using plaintext: 
patching file drivers/nvmem/core.c
patching file drivers/nvmem/layouts/onie-tlv.c
patching file drivers/nvmem/layouts/sl28vpd.c
patching file include/linux/nvmem-provider.h

Applying /home/joseca/openmanet-firmware/target/linux/generic/backport-6.6/819-v6.8-0009-nvmem-drop-nvmem_layout_get_match_data.patch using plaintext: 
patching file drivers/nvmem/core.c
patching file include/linux/nvmem-provider.h

Applying /home/joseca/openmanet-firmware/target/linux/generic/backport-6.6/820-v6.9-0002-nvmem-mtk-efuse-Register-MediaTek-socinfo-driver-fro.patch using plaintext: 
patching file drivers/nvmem/mtk-efuse.c

Applying /home/joseca/openmanet-firmware/target/linux/generic/backport-6.6/820-v6.9-0003-nvmem-zynqmp_nvmem-zynqmp_nvmem_probe-cleanup.patch using plaintext: 
patching file drivers/nvmem/zynqmp_nvmem.c

Applying /home/joseca/openmanet-firmware/target/linux/generic/backport-6.6/820-v6.9-0004-nvmem-zynqmp_nvmem-Add-support-to-access-efuse.patch using plaintext: 
patching file drivers/nvmem/zynqmp_nvmem.c

Applying /home/joseca/openmanet-firmware/target/linux/generic/backport-6.6/820-v6.9-0005-nvmem-mtk-efuse-Drop-NVMEM-device-name.patch using plaintext: 
patching file drivers/nvmem/mtk-efuse.c

Applying /home/joseca/openmanet-firmware/target/linux/generic/backport-6.6/820-v6.9-0006-nvmem-core-make-nvmem_layout_bus_type-const.patch using plaintext: 
patching file drivers/nvmem/layouts.c

Applying /home/joseca/openmanet-firmware/target/linux/generic/backport-6.6/820-v6.9-0007-nvmem-core-Print-error-on-wrong-bits-DT-property.patch using plaintext: 
patching file drivers/nvmem/core.c

Applying /home/joseca/openmanet-firmware/target/linux/generic/backport-6.6/821-v6.10-0001-nvmem-layouts-store-owner-from-modules-with-nvmem_la.patch using plaintext: 
patching file drivers/nvmem/layouts.c
patching file include/linux/nvmem-provider.h

Applying /home/joseca/openmanet-firmware/target/linux/generic/backport-6.6/821-v6.10-0002-nvmem-layouts-onie-tlv-drop-driver-owner-initializat.patch using plaintext: 
patching file drivers/nvmem/layouts/onie-tlv.c

Applying /home/joseca/openmanet-firmware/target/linux/generic/backport-6.6/821-v6.10-0003-nvmem-layouts-sl28vpd-drop-driver-owner-initializati.patch using plaintext: 
patching file drivers/nvmem/layouts/sl28vpd.c

Applying /home/joseca/openmanet-firmware/target/linux/generic/backport-6.6/821-v6.10-0004-nvmem-sc27xx-fix-module-autoloading.patch using plaintext: 
patching file drivers/nvmem/sc27xx-efuse.c

Applying /home/joseca/openmanet-firmware/target/linux/generic/backport-6.6/821-v6.10-0005-nvmem-sprd-fix-module-autoloading.patch using plaintext: 
patching file drivers/nvmem/sprd-efuse.c

Applying /home/joseca/openmanet-firmware/target/linux/generic/backport-6.6/821-v6.10-0006-nvmem-core-switch-to-use-device_add_groups.patch using plaintext: 
patching file drivers/nvmem/core.c

Applying /home/joseca/openmanet-firmware/target/linux/generic/backport-6.6/821-v6.10-0007-nvmem-lpc18xx_eeprom-Convert-to-platform-remove-call.patch using plaintext: 
patching file drivers/nvmem/lpc18xx_eeprom.c

Applying /home/joseca/openmanet-firmware/target/linux/generic/backport-6.6/821-v6.10-0008-nvmem-meson-mx-efuse-Remove-nvmem_device-from-efuse-.patch using plaintext: 
patching file drivers/nvmem/meson-mx-efuse.c

Applying /home/joseca/openmanet-firmware/target/linux/generic/backport-6.6/822-v6.11-0001-nvmem-add-missing-MODULE_DESCRIPTION-macros.patch using plaintext: 
patching file drivers/nvmem/apple-efuses.c
patching file drivers/nvmem/brcm_nvram.c
patching file drivers/nvmem/u-boot-env.c

Applying /home/joseca/openmanet-firmware/target/linux/generic/backport-6.6/822-v6.11-0002-nvmem-meson-efuse-Replacing-the-use-of-of_node_put-t.patch using plaintext: 
patching file drivers/nvmem/meson-efuse.c

Applying /home/joseca/openmanet-firmware/target/linux/generic/backport-6.6/822-v6.11-0004-nvmem-rockchip-otp-Set-type-to-OTP.patch using plaintext: 
patching file drivers/nvmem/rockchip-otp.c

Applying /home/joseca/openmanet-firmware/target/linux/generic/backport-6.6/822-v6.11-0005-nvmem-rockchip-efuse-set-type-to-OTP.patch using plaintext: 
patching file drivers/nvmem/rockchip-efuse.c

Applying /home/joseca/openmanet-firmware/target/linux/generic/backport-6.6/822-v6.11-0006-nvmem-core-add-single-sysfs-group.patch using plaintext: 
patching file drivers/nvmem/core.c

Applying /home/joseca/openmanet-firmware/target/linux/generic/backport-6.6/822-v6.11-0007-nvmem-core-remove-global-nvmem_cells_group.patch using plaintext: 
patching file drivers/nvmem/core.c

Applying /home/joseca/openmanet-firmware/target/linux/generic/backport-6.6/822-v6.11-0008-nvmem-core-drop-unnecessary-range-checks-in-sysfs-ca.patch using plaintext: 
patching file drivers/nvmem/core.c

Applying /home/joseca/openmanet-firmware/target/linux/generic/backport-6.6/822-v6.11-0009-nvmem-Use-sysfs_emit-for-type-attribute.patch using plaintext: 
patching file drivers/nvmem/core.c

Applying /home/joseca/openmanet-firmware/target/linux/generic/backport-6.6/822-v6.11-0010-nvmem-core-Implement-force_ro-sysfs-attribute.patch using plaintext: 
patching file Documentation/ABI/stable/sysfs-bus-nvmem
patching file drivers/nvmem/core.c

Applying /home/joseca/openmanet-firmware/target/linux/generic/backport-6.6/823-v6.12-0001-nvmem-imx-ocotp-ele-support-i.MX95.patch using plaintext: 
patching file drivers/nvmem/imx-ocotp-ele.c

Applying /home/joseca/openmanet-firmware/target/linux/generic/backport-6.6/823-v6.12-0002-nvmem-sunplus-ocotp-Use-devm_platform_ioremap_resour.patch using plaintext: 
patching file drivers/nvmem/sunplus-ocotp.c

Applying /home/joseca/openmanet-firmware/target/linux/generic/backport-6.6/823-v6.12-0003-nvmem-layouts-add-U-Boot-env-layout.patch using plaintext: 
patching file MAINTAINERS
patching file drivers/nvmem/Kconfig
patching file drivers/nvmem/layouts/Kconfig
patching file drivers/nvmem/layouts/Makefile
patching file drivers/nvmem/layouts/u-boot-env.c
patching file drivers/nvmem/layouts/u-boot-env.h
patching file drivers/nvmem/u-boot-env.c

Applying /home/joseca/openmanet-firmware/target/linux/generic/backport-6.6/831-v6.7-rtc-rtc7301-Support-byte-addressed-IO.patch using plaintext: 
patching file drivers/rtc/rtc-r7301.c

Applying /home/joseca/openmanet-firmware/target/linux/generic/backport-6.6/832-v6.7-net-phy-amd-Support-the-Altima-AMI101L.patch using plaintext: 
patching file drivers/net/phy/Kconfig
patching file drivers/net/phy/amd.c

Applying /home/joseca/openmanet-firmware/target/linux/generic/backport-6.6/833-v6.8-leds-core-Add-more-colors-from-DT-bindings-to-led_co.patch.patch using plaintext: 
patching file drivers/leds/led-core.c

Applying /home/joseca/openmanet-firmware/target/linux/generic/backport-6.6/834-v6.8-leds-trigger-netdev-Extend-speeds-up-to-10G.patch using plaintext: 
patching file drivers/leds/trigger/ledtrig-netdev.c
patching file include/linux/leds.h

Applying /home/joseca/openmanet-firmware/target/linux/generic/backport-6.6/835-v6.9-net-phy-add-support-for-PHY-LEDs-polarity-modes.patch using plaintext: 
patching file drivers/net/phy/phy_device.c
patching file include/linux/phy.h

Applying /home/joseca/openmanet-firmware/target/linux/generic/backport-6.6/836-v6.9-net-phy-aquantia-clear-PMD-Global-Transmit-Disable-b.patch using plaintext: 
patching file drivers/net/phy/aquantia/aquantia_main.c

Applying /home/joseca/openmanet-firmware/target/linux/generic/backport-6.6/837-v6.12-net-phy-aquantia-fix-setting-active_low-bit.patch using plaintext: 
patching file drivers/net/phy/aquantia/aquantia_leds.c

Applying /home/joseca/openmanet-firmware/target/linux/generic/backport-6.6/838-v6.12-net-phy-aquantia-fix-applying-active_low-bit-after-reset.patch using plaintext: 
patching file drivers/net/phy/aquantia/aquantia_main.c

Applying /home/joseca/openmanet-firmware/target/linux/generic/backport-6.6/839-v6.13-net-phy-aquantia-allow-forcing-order-of-MDI-pairs.patch using plaintext: 
patching file drivers/net/phy/aquantia/aquantia_main.c

Applying /home/joseca/openmanet-firmware/target/linux/generic/backport-6.6/840-v6.13-net-phy-aquantia-fix-return-value-check-in-aqr107_co.patch using plaintext: 
patching file drivers/net/phy/aquantia/aquantia_main.c

Applying /home/joseca/openmanet-firmware/target/linux/generic/backport-6.6/841-v6.13-net-phy-support-active-high-property-for-PHY-LEDs.patch using plaintext: 
patching file drivers/net/phy/phy_device.c
patching file include/linux/phy.h

Applying /home/joseca/openmanet-firmware/target/linux/generic/backport-6.6/842-v6.13-net-phy-aquantia-correctly-describe-LED-polarity-ove.patch using plaintext: 
patching file drivers/net/phy/aquantia/aquantia.h
patching file drivers/net/phy/aquantia/aquantia_leds.c
patching file drivers/net/phy/aquantia/aquantia_main.c

Applying /home/joseca/openmanet-firmware/target/linux/generic/backport-6.6/843-v6.13-net-phy-mxl-gpy-add-basic-LED-support.patch using plaintext: 
patching file drivers/net/phy/mxl-gpy.c

Applying /home/joseca/openmanet-firmware/target/linux/generic/backport-6.6/844-v6.13-net-phy-mxl-gpy-add-missing-support-for-TRIGGER_NETD.patch using plaintext: 
patching file drivers/net/phy/mxl-gpy.c

Applying /home/joseca/openmanet-firmware/target/linux/generic/backport-6.6/845-v6.13-net-phy-mxl-gpy-correctly-describe-LED-polarity.patch using plaintext: 
patching file drivers/net/phy/mxl-gpy.c

Applying /home/joseca/openmanet-firmware/target/linux/generic/backport-6.6/846-v6.13-net-phy-intel-xway-add-support-for-PHY-LEDs.patch using plaintext: 
patching file drivers/net/phy/intel-xway.c

Applying /home/joseca/openmanet-firmware/target/linux/generic/backport-6.6/847-v6.17-Revert-leds-trigger-netdev-Configure-LED-blink-inter.patch using plaintext: 
patching file drivers/leds/trigger/ledtrig-netdev.c

Applying /home/joseca/openmanet-firmware/target/linux/generic/backport-6.6/850-v6.8-bus-mhi-host-Add-a-separate-timeout-parameter-for-wa.patch using plaintext: 
patching file drivers/bus/mhi/host/init.c
patching file drivers/bus/mhi/host/internal.h
patching file drivers/bus/mhi/host/main.c
patching file drivers/bus/mhi/host/pm.c
patching file include/linux/mhi.h

Applying /home/joseca/openmanet-firmware/target/linux/generic/backport-6.6/851-v6.8-bus-mhi-host-pci_generic-Add-SDX75-based-modem-suppo.patch using plaintext: 
patching file drivers/bus/mhi/host/pci_generic.c

Applying /home/joseca/openmanet-firmware/target/linux/generic/backport-6.6/852-stable-bus-mhi-host-pci_generic-constify-modem_telit_fn980_.patch using plaintext: 
patching file drivers/bus/mhi/host/pci_generic.c

Applying /home/joseca/openmanet-firmware/target/linux/generic/backport-6.6/853-v6.10-bus-mhi-host-Add-mhi_power_down_keep_dev-API-to-supp.patch using plaintext: 
patching file drivers/bus/mhi/host/init.c
patching file drivers/bus/mhi/host/internal.h
patching file drivers/bus/mhi/host/pm.c
patching file include/linux/mhi.h

Applying /home/joseca/openmanet-firmware/target/linux/generic/backport-6.6/860-v6.7-leds-add-ktd202x-driver.patch using plaintext: 
patching file drivers/leds/rgb/Kconfig
patching file drivers/leds/rgb/Makefile
patching file drivers/leds/rgb/leds-ktd202x.c

Applying /home/joseca/openmanet-firmware/target/linux/generic/backport-6.6/861-v6.10-leds-rgb-leds-ktd202x-get-device-properties-through-fwnode.patch using plaintext: 
patching file drivers/leds/rgb/Kconfig
patching file drivers/leds/rgb/leds-ktd202x.c

Applying /home/joseca/openmanet-firmware/target/linux/generic/backport-6.6/862-v6.10-leds-rgb-leds-ktd202x-i2c-id-tables-for-ktd2026-and-2027.patch using plaintext: 
patching file drivers/leds/rgb/leds-ktd202x.c

Applying /home/joseca/openmanet-firmware/target/linux/generic/backport-6.6/863-v6.10-leds-rgb-leds-ktd202x-initialize-mutex-earlier.patch using plaintext: 
patching file drivers/leds/rgb/leds-ktd202x.c

Applying /home/joseca/openmanet-firmware/target/linux/generic/backport-6.6/870-v6.7-01-PCI-dwc-Add-host_post_init-callback.patch using plaintext: 
patching file drivers/pci/controller/dwc/pcie-designware-host.c
patching file drivers/pci/controller/dwc/pcie-designware.h

Applying /home/joseca/openmanet-firmware/target/linux/generic/backport-6.6/870-v6.7-02-PCI-qcom-Enable-ASPM-for-platforms-supporting-1.9.0-.patch using plaintext: 
patching file drivers/pci/controller/dwc/pcie-qcom.c

Applying /home/joseca/openmanet-firmware/target/linux/generic/backport-6.6/880-v6.14-gpio-regmap-Use-generic-request-free-ops.patch using plaintext: 
patching file drivers/gpio/gpio-regmap.c

Applying /home/joseca/openmanet-firmware/target/linux/generic/backport-6.6/894-v6.8-net-ethtool-implement-ethtool_puts.patch using plaintext: 
patching file include/linux/ethtool.h
patching file net/ethtool/ioctl.c

Applying /home/joseca/openmanet-firmware/target/linux/generic/backport-6.6/895-01-v6.8-net-phy-add-possible-interfaces.patch using plaintext: 
patching file drivers/net/phy/phy_device.c
patching file include/linux/phy.h

Applying /home/joseca/openmanet-firmware/target/linux/generic/backport-6.6/895-02-v6.8-net-phylink-use-for_each_set_bit.patch using plaintext: 
patching file drivers/net/phy/phylink.c

Applying /home/joseca/openmanet-firmware/target/linux/generic/backport-6.6/895-03-v6.8-net-phylink-split-out-per-interface-validation.patch using plaintext: 
patching file drivers/net/phy/phylink.c

Applying /home/joseca/openmanet-firmware/target/linux/generic/backport-6.6/895-04-v6.8-net-phylink-pass-PHY-into-phylink_validate_one.patch using plaintext: 
patching file drivers/net/phy/phylink.c

Applying /home/joseca/openmanet-firmware/target/linux/generic/backport-6.6/895-05-v6.8-net-phylink-pass-PHY-into-phylink_validate_mask.patch using plaintext: 
patching file drivers/net/phy/phylink.c

Applying /home/joseca/openmanet-firmware/target/linux/generic/backport-6.6/895-06-v6.8-net-phylink-split-out-PHY-validation-from-phylink_br.patch using plaintext: 
patching file drivers/net/phy/phylink.c

Applying /home/joseca/openmanet-firmware/target/linux/generic/backport-6.6/895-07-v6.8-net-phylink-use-the-PHY-s-possible_interfaces-if-pop.patch using plaintext: 
patching file drivers/net/phy/phylink.c

Applying /home/joseca/openmanet-firmware/target/linux/generic/backport-6.6/896-01-v6.9-net-dsa-mv88e6xxx-rename-mv88e6xxx_g2_scratch_gpio_s.patch using plaintext: 
patching file drivers/net/dsa/mv88e6xxx/chip.c
patching file drivers/net/dsa/mv88e6xxx/global2.h
patching file drivers/net/dsa/mv88e6xxx/global2_scratch.c

Applying /home/joseca/openmanet-firmware/target/linux/generic/backport-6.6/896-02-v6.9-net-dsa-mv88e6xxx-add-Amethyst-specific-SMI-GPIO-fun.patch using plaintext: 
patching file drivers/net/dsa/mv88e6xxx/chip.c
patching file drivers/net/dsa/mv88e6xxx/global2.h
patching file drivers/net/dsa/mv88e6xxx/global2_scratch.c

Applying /home/joseca/openmanet-firmware/target/linux/generic/backport-6.6/897-01-v6.9-net-phy-qcom-qca808x-add-helper-for-checking-for-1G-.patch using plaintext: 
patching file drivers/net/phy/qcom/qca808x.c

Applying /home/joseca/openmanet-firmware/target/linux/generic/backport-6.6/897-02-v6.9-net-phy-qcom-qca808x-fill-in-possible_interfaces.patch using plaintext: 
patching file drivers/net/phy/qcom/qca808x.c

Applying /home/joseca/openmanet-firmware/target/linux/generic/backport-6.6/898-v6.7-mtd-spinand-winbond-add-support-for-serial-NAND-flash.patch using plaintext: 
patching file drivers/mtd/nand/spi/winbond.c

Applying /home/joseca/openmanet-firmware/target/linux/generic/backport-6.6/899-v6.9-mtd-spinand-winbond-add-W25N04KV.patch using plaintext: 
patching file drivers/mtd/nand/spi/winbond.c

Applying /home/joseca/openmanet-firmware/target/linux/generic/backport-6.6/900-v6.11-net-free_netdev-exit-earlier-if-dummy.patch using plaintext: 
patching file net/core/dev.c

Applying /home/joseca/openmanet-firmware/target/linux/generic/backport-6.6/901-v6.13-net-dsa-mv88e6xxx-Support-LED-control.patch using plaintext: 
patching file drivers/net/dsa/mv88e6xxx/Kconfig
patching file drivers/net/dsa/mv88e6xxx/Makefile
patching file drivers/net/dsa/mv88e6xxx/chip.c
patching file drivers/net/dsa/mv88e6xxx/chip.h
patching file drivers/net/dsa/mv88e6xxx/leds.c
patching file drivers/net/dsa/mv88e6xxx/port.c
patching file drivers/net/dsa/mv88e6xxx/port.h

Applying /home/joseca/openmanet-firmware/target/linux/generic/backport-6.6/903-v6.12-Bluetooth-btsdio-Do-not-bind-to-non-removable-CYW437.patch using plaintext: 
patching file drivers/bluetooth/btsdio.c

Applying /home/joseca/openmanet-firmware/target/linux/generic/backport-6.6/906-01-v6.7-crypto-jitter-add-RCTAPT-support-for-different-OSRs.patch using plaintext: 
patching file crypto/jitterentropy-kcapi.c
patching file crypto/jitterentropy.c
patching file crypto/jitterentropy.h

Applying /home/joseca/openmanet-firmware/target/linux/generic/backport-6.6/906-02-v6.7-crypto-jitter-Allow-configuration-of-memory-size.patch using plaintext: 
patching file crypto/Kconfig
patching file crypto/jitterentropy-kcapi.c
patching file crypto/jitterentropy.c
patching file crypto/jitterentropy.h

Applying /home/joseca/openmanet-firmware/target/linux/generic/backport-6.6/906-03-v6.7-crypto-jitter-Allow-configuration-of-oversampling-rate.patch using plaintext: 
patching file crypto/Kconfig
patching file crypto/jitterentropy-kcapi.c

Applying /home/joseca/openmanet-firmware/target/linux/generic/backport-6.6/906-04-v6.7-crypto-jitter-reuse-allocated-entropy-collector.patch using plaintext: 
patching file crypto/jitterentropy-kcapi.c
patching file crypto/jitterentropy.c
patching file crypto/jitterentropy.h

Applying /home/joseca/openmanet-firmware/target/linux/generic/backport-6.6/906-05-v6.7-crypto-jitter-use-permanent-health-test-storage.patch using plaintext: 
patching file crypto/jitterentropy.c

Applying /home/joseca/openmanet-firmware/target/linux/generic/backport-6.6/906-06-v6.7-crypto-jitterentropy-Hide-esoteric-Kconfig-options-under.patch using plaintext: 
patching file crypto/Kconfig

Applying /home/joseca/openmanet-firmware/target/linux/generic/backport-6.6/906-07-v6.10-crypto-jitter-Use-kvfree_sensitive-to-fix-Coccinelle.patch using plaintext: 
patching file crypto/jitterentropy-kcapi.c

Applying /home/joseca/openmanet-firmware/target/linux/generic/backport-6.6/906-08-v6.12-crypto-jitter-set-default-OSR-to-3.patch using plaintext: 
patching file crypto/Kconfig

Applying /home/joseca/openmanet-firmware/target/linux/generic/backport-6.6/910-v6.13-pmdomain-core-add-dummy-release-function-to-genpd-de.patch using plaintext: 
patching file drivers/base/power/domain.c

Applying /home/joseca/openmanet-firmware/target/linux/generic/pending-6.6/100-compiler.h-only-include-asm-rwonce.h-for-kernel-code.patch using plaintext: 
patching file include/linux/compiler.h

Applying /home/joseca/openmanet-firmware/target/linux/generic/pending-6.6/102-MIPS-only-process-negative-stack-offsets-on-stack-tr.patch using plaintext: 
patching file arch/mips/kernel/process.c

Applying /home/joseca/openmanet-firmware/target/linux/generic/pending-6.6/103-kbuild-export-SUBARCH.patch using plaintext: 
patching file Makefile

Applying /home/joseca/openmanet-firmware/target/linux/generic/pending-6.6/111-watchdog-max63xx_wdt-Add-support-for-specifying-WDI-.patch using plaintext: 
patching file drivers/watchdog/max63xx_wdt.c

Applying /home/joseca/openmanet-firmware/target/linux/generic/pending-6.6/120-Fix-alloc_node_mem_map-with-ARCH_PFN_OFFSET-calcu.patch using plaintext: 
patching file mm/mm_init.c

Applying /home/joseca/openmanet-firmware/target/linux/generic/pending-6.6/140-jffs2-use-.rename2-and-add-RENAME_WHITEOUT-support.patch using plaintext: 
patching file fs/jffs2/dir.c

Applying /home/joseca/openmanet-firmware/target/linux/generic/pending-6.6/141-jffs2-add-RENAME_EXCHANGE-support.patch using plaintext: 
patching file fs/jffs2/dir.c

Applying /home/joseca/openmanet-firmware/target/linux/generic/pending-6.6/142-jffs2-add-splice-ops.patch using plaintext: 
patching file fs/jffs2/file.c

Applying /home/joseca/openmanet-firmware/target/linux/generic/pending-6.6/150-bridge_allow_receiption_on_disabled_port.patch using plaintext: 
patching file net/bridge/br_input.c

Applying /home/joseca/openmanet-firmware/target/linux/generic/pending-6.6/151-net-bridge-do-not-send-arp-replies-if-src-and-target.patch using plaintext: 
patching file net/bridge/br_arp_nd_proxy.c

Applying /home/joseca/openmanet-firmware/target/linux/generic/pending-6.6/190-rtc-rs5c372-support_alarms_up_to_1_week.patch using plaintext: 
patching file drivers/rtc/rtc-rs5c372.c

Applying /home/joseca/openmanet-firmware/target/linux/generic/pending-6.6/191-rtc-rs5c372-let_the_alarm_to_be_used_as_wakeup_source.patch using plaintext: 
patching file drivers/rtc/rtc-rs5c372.c

Applying /home/joseca/openmanet-firmware/target/linux/generic/pending-6.6/203-kallsyms_uncompressed.patch using plaintext: 
patching file init/Kconfig
patching file kernel/kallsyms.c
patching file scripts/kallsyms.c
patching file scripts/link-vmlinux.sh

Applying /home/joseca/openmanet-firmware/target/linux/generic/pending-6.6/205-backtrace_module_info.patch using plaintext: 
patching file lib/vsprintf.c

Applying /home/joseca/openmanet-firmware/target/linux/generic/pending-6.6/240-remove-unsane-filenames-from-deps_initramfs-list.patch using plaintext: 
patching file usr/Makefile

Applying /home/joseca/openmanet-firmware/target/linux/generic/pending-6.6/250-kernel-fork-Increase-minimum-number-of-allowed-threa.patch using plaintext: 
patching file kernel/fork.c

Applying /home/joseca/openmanet-firmware/target/linux/generic/pending-6.6/270-platform-mikrotik-build-bits.patch using plaintext: 
patching file drivers/platform/Kconfig
patching file drivers/platform/Makefile

Applying /home/joseca/openmanet-firmware/target/linux/generic/pending-6.6/300-mips_expose_boot_raw.patch using plaintext: 
patching file arch/mips/Kconfig

Applying /home/joseca/openmanet-firmware/target/linux/generic/pending-6.6/301-MIPS-Add-barriers-between-dcache-icache-flushes.patch using plaintext: 
patching file arch/mips/mm/c-r4k.c

Applying /home/joseca/openmanet-firmware/target/linux/generic/pending-6.6/302-mips_no_branch_likely.patch using plaintext: 
patching file arch/mips/Makefile

Applying /home/joseca/openmanet-firmware/target/linux/generic/pending-6.6/305-mips_module_reloc.patch using plaintext: 
patching file arch/mips/Makefile
patching file arch/mips/include/asm/module.h
patching file arch/mips/kernel/module.c

Applying /home/joseca/openmanet-firmware/target/linux/generic/pending-6.6/308-mips32r2_tune.patch using plaintext: 
patching file arch/mips/Makefile

Applying /home/joseca/openmanet-firmware/target/linux/generic/pending-6.6/310-arm_module_unresolved_weak_sym.patch using plaintext: 
patching file arch/arm/kernel/module.c

Applying /home/joseca/openmanet-firmware/target/linux/generic/pending-6.6/330-MIPS-kexec-Accept-command-line-parameters-from-users.patch using plaintext: 
patching file arch/mips/kernel/machine_kexec.c
patching file arch/mips/kernel/machine_kexec.h
patching file arch/mips/kernel/relocate_kernel.S

Applying /home/joseca/openmanet-firmware/target/linux/generic/pending-6.6/332-arc-add-OWRTDTB-section.patch using plaintext: 
patching file arch/arc/kernel/head.S
patching file arch/arc/kernel/setup.c
patching file arch/arc/kernel/vmlinux.lds.S

Applying /home/joseca/openmanet-firmware/target/linux/generic/pending-6.6/333-arc-enable-unaligned-access-in-kernel-mode.patch using plaintext: 
patching file arch/arc/kernel/unaligned.c

Applying /home/joseca/openmanet-firmware/target/linux/generic/pending-6.6/342-powerpc-Enable-kernel-XZ-compression-option-on-PPC_8.patch using plaintext: 
patching file arch/powerpc/Kconfig

Applying /home/joseca/openmanet-firmware/target/linux/generic/pending-6.6/350-mips-kernel-fix-detect_memory_region-function.patch using plaintext: 
patching file arch/mips/include/asm/bootinfo.h
patching file arch/mips/kernel/setup.c

Applying /home/joseca/openmanet-firmware/target/linux/generic/pending-6.6/400-mtd-mtdsplit-support.patch using plaintext: 
patching file drivers/mtd/Kconfig
patching file drivers/mtd/Makefile
patching file drivers/mtd/mtdpart.c
patching file include/linux/mtd/mtd.h
patching file include/linux/mtd/partitions.h

Applying /home/joseca/openmanet-firmware/target/linux/generic/pending-6.6/401-mtd-don-t-register-NVMEM-devices-for-partitions-with.patch using plaintext: 
patching file drivers/mtd/mtdcore.c

Applying /home/joseca/openmanet-firmware/target/linux/generic/pending-6.6/402-mtd-spi-nor-write-support-for-minor-aligned-partitions.patch using plaintext: 
patching file drivers/mtd/mtdcore.c
patching file drivers/mtd/mtdpart.c
patching file drivers/mtd/spi-nor/Kconfig
patching file drivers/mtd/spi-nor/core.c
patching file include/linux/mtd/mtd.h

Applying /home/joseca/openmanet-firmware/target/linux/generic/pending-6.6/410-mtd-spinand-set-bitflip_threshold-to-75-of-ECC-strength.patch using plaintext: 
patching file drivers/mtd/nand/spi/core.c

Applying /home/joseca/openmanet-firmware/target/linux/generic/pending-6.6/420-mtd-redboot_space.patch using plaintext: 
patching file drivers/mtd/parsers/redboot.c

Applying /home/joseca/openmanet-firmware/target/linux/generic/pending-6.6/430-mtd-add-myloader-partition-parser.patch using plaintext: 
patching file drivers/mtd/parsers/Kconfig
patching file drivers/mtd/parsers/Makefile
patching file drivers/mtd/parsers/myloader.c

Applying /home/joseca/openmanet-firmware/target/linux/generic/pending-6.6/431-mtd-bcm47xxpart-check-for-bad-blocks-when-calculatin.patch using plaintext: 
patching file drivers/mtd/parsers/parser_trx.c

Applying /home/joseca/openmanet-firmware/target/linux/generic/pending-6.6/432-mtd-bcm47xxpart-detect-T_Meter-partition.patch using plaintext: 
patching file drivers/mtd/parsers/bcm47xxpart.c

Applying /home/joseca/openmanet-firmware/target/linux/generic/pending-6.6/435-mtd-add-routerbootpart-parser-config.patch using plaintext: 
patching file drivers/mtd/parsers/Kconfig
patching file drivers/mtd/parsers/Makefile

Applying /home/joseca/openmanet-firmware/target/linux/generic/pending-6.6/450-dt-bindings-block-add-basic-bindings-for-block-devic.patch using plaintext: 
patching file Documentation/devicetree/bindings/block/block-device.yaml
patching file Documentation/devicetree/bindings/block/partition.yaml
patching file Documentation/devicetree/bindings/block/partitions.yaml

Applying /home/joseca/openmanet-firmware/target/linux/generic/pending-6.6/451-block-partitions-populate-fwnode.patch using plaintext: 
patching file block/partitions/core.c

Applying /home/joseca/openmanet-firmware/target/linux/generic/pending-6.6/452-block-add-support-for-notifications.patch using plaintext: 
patching file block/Kconfig
patching file block/Makefile
patching file block/blk-notify.c
patching file include/linux/blkdev.h

Applying /home/joseca/openmanet-firmware/target/linux/generic/pending-6.6/453-block-add-new-genhd-flag-GENHD_FL_NVMEM.patch using plaintext: 
patching file include/linux/blkdev.h

Applying /home/joseca/openmanet-firmware/target/linux/generic/pending-6.6/454-nvmem-implement-block-NVMEM-provider.patch using plaintext: 
patching file drivers/nvmem/Kconfig
patching file drivers/nvmem/Makefile
patching file drivers/nvmem/block.c

Applying /home/joseca/openmanet-firmware/target/linux/generic/pending-6.6/455-dt-bindings-mmc-mmc-card-add-block-device-nodes.patch using plaintext: 
patching file Documentation/devicetree/bindings/mmc/mmc-card.yaml

Applying /home/joseca/openmanet-firmware/target/linux/generic/pending-6.6/456-mmc-core-set-card-fwnode_handle.patch using plaintext: 
patching file drivers/mmc/core/bus.c

Applying /home/joseca/openmanet-firmware/target/linux/generic/pending-6.6/457-mmc-block-set-fwnode-of-disk-devices.patch using plaintext: 
patching file drivers/mmc/core/block.c

Applying /home/joseca/openmanet-firmware/target/linux/generic/pending-6.6/458-mmc-block-set-GENHD_FL_NVMEM.patch using plaintext: 
patching file drivers/mmc/core/block.c

Applying /home/joseca/openmanet-firmware/target/linux/generic/pending-6.6/460-mtd-cfi_cmdset_0002-no-erase_suspend.patch using plaintext: 
patching file drivers/mtd/chips/cfi_cmdset_0002.c

Applying /home/joseca/openmanet-firmware/target/linux/generic/pending-6.6/461-mtd-cfi_cmdset_0002-add-buffer-write-cmd-timeout.patch using plaintext: 
patching file drivers/mtd/chips/cfi_cmdset_0002.c

Applying /home/joseca/openmanet-firmware/target/linux/generic/pending-6.6/465-m25p80-mx-disable-software-protection.patch using plaintext: 
patching file drivers/mtd/spi-nor/macronix.c

Applying /home/joseca/openmanet-firmware/target/linux/generic/pending-6.6/476-mtd-spi-nor-add-eon-en25q128.patch using plaintext: 
patching file drivers/mtd/spi-nor/eon.c

Applying /home/joseca/openmanet-firmware/target/linux/generic/pending-6.6/477-mtd-spi-nor-add-eon-en25qx128a.patch using plaintext: 
patching file drivers/mtd/spi-nor/eon.c

Applying /home/joseca/openmanet-firmware/target/linux/generic/pending-6.6/479-mtd-spi-nor-add-xtx-xt25f128b.patch using plaintext: 
patching file drivers/mtd/spi-nor/Makefile
patching file drivers/mtd/spi-nor/xtx.c
patching file drivers/mtd/spi-nor/core.c
patching file drivers/mtd/spi-nor/core.h

Applying /home/joseca/openmanet-firmware/target/linux/generic/pending-6.6/481-mtd-spi-nor-add-support-for-Gigadevice-GD25D05.patch using plaintext: 
patching file drivers/mtd/spi-nor/gigadevice.c

Applying /home/joseca/openmanet-firmware/target/linux/generic/pending-6.6/482-mtd-spi-nor-add-gd25q512.patch using plaintext: 
patching file drivers/mtd/spi-nor/gigadevice.c

Applying /home/joseca/openmanet-firmware/target/linux/generic/pending-6.6/484-mtd-spi-nor-add-esmt-f25l16pa.patch using plaintext: 
patching file drivers/mtd/spi-nor/esmt.c

Applying /home/joseca/openmanet-firmware/target/linux/generic/pending-6.6/485-mtd-spi-nor-add-xmc-xm25qh128c.patch using plaintext: 
patching file drivers/mtd/spi-nor/xmc.c

Applying /home/joseca/openmanet-firmware/target/linux/generic/pending-6.6/487-mtd-spinand-Add-support-for-Etron-EM73D044VCx.patch using plaintext: 
patching file drivers/mtd/nand/spi/Makefile
patching file drivers/mtd/nand/spi/core.c
patching file drivers/mtd/nand/spi/etron.c
patching file include/linux/mtd/spinand.h

Applying /home/joseca/openmanet-firmware/target/linux/generic/pending-6.6/488-mtd-spi-nor-add-xmc-xm25qh64c.patch using plaintext: 
patching file drivers/mtd/spi-nor/xmc.c

Applying /home/joseca/openmanet-firmware/target/linux/generic/pending-6.6/489-mtd-spinand-winbond-add-support-for-W25N01KV.patch using plaintext: 
patching file drivers/mtd/nand/spi/winbond.c

Applying /home/joseca/openmanet-firmware/target/linux/generic/pending-6.6/490-ubi-auto-attach-mtd-device-named-ubi-or-data-on-boot.patch using plaintext: 
patching file drivers/mtd/ubi/build.c

Applying /home/joseca/openmanet-firmware/target/linux/generic/pending-6.6/491-ubi-auto-create-ubiblock-device-for-rootfs.patch using plaintext: 
patching file drivers/mtd/ubi/block.c

Applying /home/joseca/openmanet-firmware/target/linux/generic/pending-6.6/492-try-auto-mounting-ubi0-rootfs-in-init-do_mounts.c.patch using plaintext: 
patching file init/do_mounts.c

Applying /home/joseca/openmanet-firmware/target/linux/generic/pending-6.6/493-ubi-set-ROOT_DEV-to-ubiblock-rootfs-if-unset.patch using plaintext: 
patching file drivers/mtd/ubi/block.c

Applying /home/joseca/openmanet-firmware/target/linux/generic/pending-6.6/494-mtd-ubi-add-EOF-marker-support.patch using plaintext: 
patching file drivers/mtd/ubi/attach.c
patching file drivers/mtd/ubi/ubi.h

Applying /home/joseca/openmanet-firmware/target/linux/generic/pending-6.6/496-dt-bindings-add-bindings-for-mtd-concat-devices.patch using plaintext: 
patching file Documentation/devicetree/bindings/mtd/mtd-concat.txt

Applying /home/joseca/openmanet-firmware/target/linux/generic/pending-6.6/497-mtd-mtdconcat-add-dt-driver-for-concat-devices.patch using plaintext: 
patching file drivers/mtd/Kconfig
patching file drivers/mtd/Makefile
patching file drivers/mtd/composite/Kconfig
patching file drivers/mtd/composite/Makefile
patching file drivers/mtd/composite/virt_concat.c

Applying /home/joseca/openmanet-firmware/target/linux/generic/pending-6.6/498-mtd-spi-nor-locking-support-for-MX25L6405D.patch using plaintext: 
patching file drivers/mtd/spi-nor/macronix.c

Applying /home/joseca/openmanet-firmware/target/linux/generic/pending-6.6/499-mtd-spi-nor-disable-16-bit-sr-for-macronix.patch using plaintext: 
patching file drivers/mtd/spi-nor/macronix.c

Applying /home/joseca/openmanet-firmware/target/linux/generic/pending-6.6/500-fs_cdrom_dependencies.patch using plaintext: 
patching file fs/hfs/Kconfig
patching file fs/hfsplus/Kconfig
patching file fs/isofs/Kconfig
patching file fs/udf/Kconfig

Applying /home/joseca/openmanet-firmware/target/linux/generic/pending-6.6/510-block-add-uImage.FIT-subimage-block-driver.patch using plaintext: 
patching file MAINTAINERS
patching file drivers/block/Kconfig
patching file drivers/block/Makefile
patching file drivers/block/fitblk.c
patching file include/uapi/linux/fitblk.h

Applying /home/joseca/openmanet-firmware/target/linux/generic/pending-6.6/511-init-bypass-device-lookup-for-dev-fit-rootfs.patch using plaintext: 
patching file init/do_mounts.c

Applying /home/joseca/openmanet-firmware/target/linux/generic/pending-6.6/530-jffs2_make_lzma_available.patch using plaintext: 
patching file fs/jffs2/Kconfig
patching file fs/jffs2/Makefile
patching file fs/jffs2/compr.c
patching file fs/jffs2/compr.h
patching file fs/jffs2/compr_lzma.c
patching file fs/jffs2/super.c
patching file include/linux/lzma.h
patching file include/linux/lzma/LzFind.h
patching file include/linux/lzma/LzHash.h
patching file include/linux/lzma/LzmaDec.h
patching file include/linux/lzma/LzmaEnc.h
patching file include/linux/lzma/Types.h
patching file include/uapi/linux/jffs2.h
patching file lib/Kconfig
patching file lib/Makefile
patching file lib/lzma/LzFind.c
patching file lib/lzma/LzmaDec.c
patching file lib/lzma/LzmaEnc.c
patching file lib/lzma/Makefile

Applying /home/joseca/openmanet-firmware/target/linux/generic/pending-6.6/532-jffs2_eofdetect.patch using plaintext: 
patching file fs/jffs2/build.c
patching file fs/jffs2/scan.c

Applying /home/joseca/openmanet-firmware/target/linux/generic/pending-6.6/600-netfilter_conntrack_flush.patch using plaintext: 
patching file net/netfilter/nf_conntrack_standalone.c

Applying /home/joseca/openmanet-firmware/target/linux/generic/pending-6.6/610-netfilter_match_bypass_default_checks.patch using plaintext: 
patching file include/uapi/linux/netfilter_ipv4/ip_tables.h
patching file net/ipv4/netfilter/ip_tables.c

Applying /home/joseca/openmanet-firmware/target/linux/generic/pending-6.6/611-netfilter_match_bypass_default_table.patch using plaintext: 
patching file net/ipv4/netfilter/ip_tables.c

Applying /home/joseca/openmanet-firmware/target/linux/generic/pending-6.6/612-netfilter_match_reduce_memory_access.patch using plaintext: 
patching file net/ipv4/netfilter/ip_tables.c

Applying /home/joseca/openmanet-firmware/target/linux/generic/pending-6.6/630-packet_socket_type.patch using plaintext: 
patching file include/uapi/linux/if_packet.h
patching file net/packet/af_packet.c
patching file net/packet/internal.h

Applying /home/joseca/openmanet-firmware/target/linux/generic/pending-6.6/640-net-bridge-fix-switchdev-host-mdb-entry-updates.patch using plaintext: 
patching file net/bridge/br_switchdev.c

Applying /home/joseca/openmanet-firmware/target/linux/generic/pending-6.6/641-net-bridge-switchdev-Don-t-drop-packets-between-port.patch using plaintext: 
patching file net/bridge/br_switchdev.c

Applying /home/joseca/openmanet-firmware/target/linux/generic/pending-6.6/642-net-bridge-locally-receive-all-multicast-packets-if-.patch using plaintext: 
patching file net/bridge/br_input.c

Applying /home/joseca/openmanet-firmware/target/linux/generic/pending-6.6/655-increase_skb_pad.patch using plaintext: 
patching file include/linux/skbuff.h

Applying /home/joseca/openmanet-firmware/target/linux/generic/pending-6.6/666-Add-support-for-MAP-E-FMRs-mesh-mode.patch using plaintext: 
patching file include/net/ip6_tunnel.h
patching file include/uapi/linux/if_tunnel.h
patching file net/ipv6/ip6_tunnel.c

Applying /home/joseca/openmanet-firmware/target/linux/generic/pending-6.6/670-ipv6-allow-rejecting-with-source-address-failed-policy.patch using plaintext: 
patching file include/net/netns/ipv6.h
patching file include/uapi/linux/fib_rules.h
patching file include/uapi/linux/rtnetlink.h
patching file net/ipv4/fib_semantics.c
patching file net/ipv4/fib_trie.c
patching file net/ipv4/ipmr.c
patching file net/ipv6/fib6_rules.c
patching file net/ipv6/ip6mr.c
patching file net/ipv6/route.c

Applying /home/joseca/openmanet-firmware/target/linux/generic/pending-6.6/671-net-provide-defines-for-_POLICY_FAILED-until-all-cod.patch using plaintext: 
patching file include/uapi/linux/fib_rules.h
patching file include/uapi/linux/icmpv6.h
patching file include/uapi/linux/rtnetlink.h

Applying /home/joseca/openmanet-firmware/target/linux/generic/pending-6.6/680-net-add-TCP-fraglist-GRO-support.patch using plaintext: 
patching file include/net/gro.h
patching file include/net/tcp.h
patching file net/core/gro.c
patching file net/ipv4/tcp_offload.c
patching file net/ipv4/udp_offload.c
patching file net/ipv6/tcpv6_offload.c

Applying /home/joseca/openmanet-firmware/target/linux/generic/pending-6.6/681-net-remove-NETIF_F_GSO_FRAGLIST-from-NETIF_F_GSO_SOF.patch using plaintext: 
patching file drivers/net/dummy.c
patching file drivers/net/loopback.c
patching file drivers/net/macvlan.c
patching file include/linux/netdev_features.h
patching file net/8021q/vlan.h
patching file net/8021q/vlan_dev.c
patching file net/core/sock.c
patching file net/mac80211/ieee80211_i.h
patching file net/openvswitch/vport-internal_dev.c

Applying /home/joseca/openmanet-firmware/target/linux/generic/pending-6.6/683-of_net-add-mac-address-to-of-tree.patch using plaintext: 
patching file net/core/of_net.c

Applying /home/joseca/openmanet-firmware/target/linux/generic/pending-6.6/685-net-gso-fix-tcp-fraglist-segmentation-after-pull-fro.patch using plaintext: 
patching file net/ipv4/tcp_offload.c
patching file net/ipv6/tcpv6_offload.c

Applying /home/joseca/openmanet-firmware/target/linux/generic/pending-6.6/686-net-ipv6-fix-TCP-GSO-segmentation-with-NAT.patch using plaintext: 
patching file net/ipv6/tcpv6_offload.c

Applying /home/joseca/openmanet-firmware/target/linux/generic/pending-6.6/700-netfilter-nft_flow_offload-handle-netdevice-events-f.patch using plaintext: 
patching file net/netfilter/nf_flow_table_core.c
patching file net/netfilter/nft_flow_offload.c

Applying /home/joseca/openmanet-firmware/target/linux/generic/pending-6.6/701-netfilter-nf_tables-ignore-EOPNOTSUPP-on-flowtable-d.patch using plaintext: 
patching file net/netfilter/nf_tables_api.c

Applying /home/joseca/openmanet-firmware/target/linux/generic/pending-6.6/702-net-ethernet-mtk_eth_soc-enable-threaded-NAPI.patch using plaintext: 
patching file drivers/net/ethernet/mediatek/mtk_eth_soc.c

Applying /home/joseca/openmanet-firmware/target/linux/generic/pending-6.6/703-phy-add-detach-callback-to-struct-phy_driver.patch using plaintext: 
patching file drivers/net/phy/phy_device.c
patching file include/linux/phy.h

Applying /home/joseca/openmanet-firmware/target/linux/generic/pending-6.6/704-netfilter-nf_tables-fix-bidirectional-offload-regres.patch using plaintext: 
patching file net/netfilter/nft_flow_offload.c

Applying /home/joseca/openmanet-firmware/target/linux/generic/pending-6.6/705-net-dsa-tag_mtk-add-padding-for-tx-packets.patch using plaintext: 
patching file net/dsa/tag_mtk.c

Applying /home/joseca/openmanet-firmware/target/linux/generic/pending-6.6/706-net-phy-populate-host_interfaces-when-attaching-PHY.patch using plaintext: 
patching file drivers/net/phy/phylink.c

Applying /home/joseca/openmanet-firmware/target/linux/generic/pending-6.6/710-bridge-add-knob-for-filtering-rx-tx-BPDU-pack.patch using plaintext: 
patching file include/linux/if_bridge.h
patching file net/bridge/br_forward.c
patching file net/bridge/br_input.c
patching file net/bridge/br_sysfs_if.c
patching file net/bridge/br_stp_bpdu.c
patching file include/uapi/linux/if_link.h
patching file net/bridge/br_netlink.c
patching file net/core/rtnetlink.c

Applying /home/joseca/openmanet-firmware/target/linux/generic/pending-6.6/711-01-net-dsa-qca8k-implement-lag_fdb_add-del-ops.patch using plaintext: 
patching file drivers/net/dsa/qca/qca8k-8xxx.c
patching file drivers/net/dsa/qca/qca8k-common.c
patching file drivers/net/dsa/qca/qca8k.h

Applying /home/joseca/openmanet-firmware/target/linux/generic/pending-6.6/711-02-net-dsa-qca8k-enable-flooding-to-both-CPU-port.patch using plaintext: 
patching file drivers/net/dsa/qca/qca8k-8xxx.c

Applying /home/joseca/openmanet-firmware/target/linux/generic/pending-6.6/711-03-net-dsa-qca8k-add-support-for-port_change_master.patch using plaintext: 
patching file drivers/net/dsa/qca/qca8k-8xxx.c

Applying /home/joseca/openmanet-firmware/target/linux/generic/pending-6.6/712-net-dsa-qca8k-enable-assisted-learning-on-CPU-port.patch using plaintext: 
patching file drivers/net/dsa/qca/qca8k-8xxx.c

Applying /home/joseca/openmanet-firmware/target/linux/generic/pending-6.6/713-03-arm64-dts-qcom-ipq8074-add-clock-frequency-to-MDIO-n.patch using plaintext: 
patching file arch/arm64/boot/dts/qcom/ipq8074.dtsi

Applying /home/joseca/openmanet-firmware/target/linux/generic/pending-6.6/720-01-net-phy-realtek-use-genphy_soft_reset-for-2.5G-PHYs.patch using plaintext: 
patching file drivers/net/phy/realtek/realtek_main.c

Applying /home/joseca/openmanet-firmware/target/linux/generic/pending-6.6/720-02-net-phy-realtek-disable-SGMII-in-band-AN-for-2-5G-PHYs.patch using plaintext: 
patching file drivers/net/phy/realtek/realtek_main.c

Applying /home/joseca/openmanet-firmware/target/linux/generic/pending-6.6/720-03-net-phy-realtek-make-sure-paged-read-is-protected-by.patch using plaintext: 
patching file drivers/net/phy/realtek/realtek_main.c

Applying /home/joseca/openmanet-firmware/target/linux/generic/pending-6.6/720-04-net-phy-realtek-setup-aldps.patch using plaintext: 
patching file drivers/net/phy/realtek/realtek_main.c

Applying /home/joseca/openmanet-firmware/target/linux/generic/pending-6.6/720-05-net-phy-realtek-detect-early-version-of-RTL8221B.patch using plaintext: 
patching file drivers/net/phy/realtek/realtek_main.c

Applying /home/joseca/openmanet-firmware/target/linux/generic/pending-6.6/720-06-net-phy-realtek-support-interrupt-of-RTL8221B.patch using plaintext: 
patching file drivers/net/phy/realtek/realtek_main.c

Applying /home/joseca/openmanet-firmware/target/linux/generic/pending-6.6/720-07-net-phy-realtek-mark-existing-MMDs-as-present.patch using plaintext: 
patching file drivers/net/phy/realtek/realtek_main.c

Applying /home/joseca/openmanet-firmware/target/linux/generic/pending-6.6/720-08-net-phy-realtek-work-around-broken-serdes.patch using plaintext: 
patching file drivers/net/phy/realtek/realtek_main.c

Applying /home/joseca/openmanet-firmware/target/linux/generic/pending-6.6/720-09-net-phy-realtek-disable-MDIO-broadcast.patch using plaintext: 
patching file drivers/net/phy/realtek/realtek_main.c

Applying /home/joseca/openmanet-firmware/target/linux/generic/pending-6.6/731-net-permit-ieee80211_ptr-even-with-no-CFG82111-suppo.patch using plaintext: 
patching file include/linux/netdevice.h
patching file net/batman-adv/hard-interface.c
patching file net/wireless/Kconfig

Applying /home/joseca/openmanet-firmware/target/linux/generic/pending-6.6/732-00-net-ethernet-mtk_eth_soc-compile-out-netsys-v2-code-.patch using plaintext: 
patching file drivers/net/ethernet/mediatek/mtk_eth_soc.h

Applying /home/joseca/openmanet-firmware/target/linux/generic/pending-6.6/732-01-net-ethernet-mtk_eth_soc-work-around-issue-with-send.patch using plaintext: 
patching file drivers/net/ethernet/mediatek/mtk_eth_soc.c
patching file drivers/net/ethernet/mediatek/mtk_eth_soc.h

Applying /home/joseca/openmanet-firmware/target/linux/generic/pending-6.6/732-02-net-ethernet-mtk_eth_soc-set-NETIF_F_ALL_TSO.patch using plaintext: 
patching file drivers/net/ethernet/mediatek/mtk_eth_soc.h

Applying /home/joseca/openmanet-firmware/target/linux/generic/pending-6.6/733-01-net-ethernet-mtk_eth_soc-use-napi_build_skb.patch using plaintext: 
patching file drivers/net/ethernet/mediatek/mtk_eth_soc.c

Applying /home/joseca/openmanet-firmware/target/linux/generic/pending-6.6/734-net-ethernet-mediatek-enlarge-DMA-reserve-buffer.patch using plaintext: 
patching file drivers/net/ethernet/mediatek/mtk_eth_soc.h
patching file drivers/net/ethernet/mediatek/mtk_eth_soc.c

Applying /home/joseca/openmanet-firmware/target/linux/generic/pending-6.6/735-net-ethernet-mtk_eth_soc-fix-memory-corruption-durin.patch using plaintext: 
patching file drivers/net/ethernet/mediatek/mtk_eth_soc.c

Applying /home/joseca/openmanet-firmware/target/linux/generic/pending-6.6/736-net-ethernet-mtk_wed-fix-path-of-MT7988-WO-firmware.patch using plaintext: 
patching file drivers/net/ethernet/mediatek/mtk_wed_wo.h

Applying /home/joseca/openmanet-firmware/target/linux/generic/pending-6.6/737-net-ethernet-mtk_eth_soc-add-paths-and-SerDes-modes-.patch using plaintext: 
patching file drivers/net/ethernet/mediatek/mtk_eth_path.c
patching file drivers/net/ethernet/mediatek/mtk_eth_soc.c
patching file drivers/net/ethernet/mediatek/mtk_eth_soc.h

Applying /home/joseca/openmanet-firmware/target/linux/generic/pending-6.6/738-01-net-ethernet-mtk_eth_soc-reduce-rx-ring-size-for-older.patch using plaintext: 
patching file drivers/net/ethernet/mediatek/mtk_eth_soc.c

Applying /home/joseca/openmanet-firmware/target/linux/generic/pending-6.6/738-02-net-ethernet-mtk_eth_soc-do-not-enable-page-pool-sta.patch using plaintext: 
patching file drivers/net/ethernet/mediatek/Kconfig
patching file drivers/net/ethernet/mediatek/mtk_eth_soc.c

Applying /home/joseca/openmanet-firmware/target/linux/generic/pending-6.6/739-01-dt-bindings-phy-mediatek-xfi-tphy-add-new-bindings.patch using plaintext: 
patching file Documentation/devicetree/bindings/phy/mediatek,xfi-tphy.yaml

Applying /home/joseca/openmanet-firmware/target/linux/generic/pending-6.6/739-02-phy-add-driver-for-MediaTek-XFI-T-PHY.patch using plaintext: 
patching file drivers/phy/mediatek/Kconfig
patching file drivers/phy/mediatek/Makefile
patching file drivers/phy/mediatek/phy-mtk-xfi-tphy.c

Applying /home/joseca/openmanet-firmware/target/linux/generic/pending-6.6/739-03-net-pcs-pcs-mtk-lynxi-add-platform-driver-for-MT7988.patch using plaintext: 
patching file drivers/net/pcs/pcs-mtk-lynxi.c
patching file include/linux/pcs/pcs-mtk-lynxi.h

Applying /home/joseca/openmanet-firmware/target/linux/generic/pending-6.6/739-04-dt-bindings-net-pcs-add-bindings-for-MediaTek-USXGMI.patch using plaintext: 
patching file Documentation/devicetree/bindings/net/pcs/mediatek,usxgmii.yaml

Applying /home/joseca/openmanet-firmware/target/linux/generic/pending-6.6/739-05-net-pcs-add-driver-for-MediaTek-USXGMII-PCS.patch using plaintext: 
patching file MAINTAINERS
patching file drivers/net/pcs/Kconfig
patching file drivers/net/pcs/Makefile
patching file drivers/net/pcs/pcs-mtk-usxgmii.c
patching file include/linux/pcs/pcs-mtk-usxgmii.h

Applying /home/joseca/openmanet-firmware/target/linux/generic/pending-6.6/740-net-phy-motorcomm-Add-missing-include.patch using plaintext: 
patching file drivers/net/phy/motorcomm.c

Applying /home/joseca/openmanet-firmware/target/linux/generic/pending-6.6/741-net-phy-broadcom-update-dependency-condition.patch using plaintext: 
patching file drivers/net/phy/Kconfig

Applying /home/joseca/openmanet-firmware/target/linux/generic/pending-6.6/780-ARM-kirkwood-add-missing-linux-if_ether.h-for-ETH_AL.patch using plaintext: 
patching file arch/arm/mach-mvebu/kirkwood.c

Applying /home/joseca/openmanet-firmware/target/linux/generic/pending-6.6/790-bus-mhi-core-add-SBL-state-callback.patch using plaintext: 
patching file drivers/bus/mhi/host/main.c
patching file include/linux/mhi.h

Applying /home/joseca/openmanet-firmware/target/linux/generic/pending-6.6/791-tg3-Fix-DMA-allocations-on-57766-devices.patch using plaintext: 
patching file drivers/net/ethernet/broadcom/tg3.c

Applying /home/joseca/openmanet-firmware/target/linux/generic/pending-6.6/800-bcma-get-SoC-device-struct-copy-its-DMA-params-to-th.patch using plaintext: 
patching file drivers/bcma/host_soc.c
patching file drivers/bcma/main.c

Applying /home/joseca/openmanet-firmware/target/linux/generic/pending-6.6/801-gpio-gpio-cascade-add-generic-GPIO-cascade.patch using plaintext: 
patching file drivers/gpio/Kconfig
patching file drivers/gpio/Makefile
patching file drivers/gpio/gpio-cascade.c

Applying /home/joseca/openmanet-firmware/target/linux/generic/pending-6.6/802-OPP-Provide-old-opp-to-config_clks-on-_set_opp.patch using plaintext: 
patching file drivers/devfreq/tegra30-devfreq.c
patching file drivers/opp/core.c
patching file include/linux/pm_opp.h

Applying /home/joseca/openmanet-firmware/target/linux/generic/pending-6.6/804-nvmem-core-support-mac-base-fixed-layout-cells.patch using plaintext: 
patching file drivers/nvmem/Kconfig
patching file drivers/nvmem/core.c

Applying /home/joseca/openmanet-firmware/target/linux/generic/pending-6.6/810-pci_disable_common_quirks.patch using plaintext: 
patching file drivers/pci/Kconfig
patching file drivers/pci/quirks.c

Applying /home/joseca/openmanet-firmware/target/linux/generic/pending-6.6/811-pci_disable_usb_common_quirks.patch using plaintext: 
patching file drivers/usb/host/pci-quirks.c
patching file drivers/usb/host/pci-quirks.h
patching file include/linux/usb/hcd.h

Applying /home/joseca/openmanet-firmware/target/linux/generic/pending-6.6/820-w1-gpio-fix-problem-with-platfom-data-in-w1-gpio.patch using plaintext: 
patching file drivers/w1/masters/w1-gpio.c

Applying /home/joseca/openmanet-firmware/target/linux/generic/pending-6.6/834-ledtrig-libata.patch using plaintext: 
patching file drivers/ata/Kconfig
patching file drivers/ata/libata-core.c
patching file include/linux/libata.h

Applying /home/joseca/openmanet-firmware/target/linux/generic/pending-6.6/840-hwrng-bcm2835-set-quality-to-1000.patch using plaintext: 
patching file drivers/char/hw_random/bcm2835-rng.c

Applying /home/joseca/openmanet-firmware/target/linux/generic/pending-6.6/850-0023-PCI-aardvark-Make-main-irq_chip-structure-a-static-d.patch using plaintext: 
patching file drivers/pci/controller/pci-aardvark.c

Applying /home/joseca/openmanet-firmware/target/linux/generic/pending-6.6/870-ARM-dts-nxp-imx7d-pico-add-cpu-supply-nodes.patch using plaintext: 
patching file arch/arm/boot/dts/nxp/imx/imx7d-pico.dtsi

Applying /home/joseca/openmanet-firmware/target/linux/generic/pending-6.6/880-01-dt-bindings-leds-add-LED_FUNCTION_MOBILE-for-mobile-.patch using plaintext: 
patching file include/dt-bindings/leds/common.h

Applying /home/joseca/openmanet-firmware/target/linux/generic/pending-6.6/880-02-dt-bindings-leds-add-LED_FUNCTION_SPEED_-for-link-sp.patch using plaintext: 
patching file include/dt-bindings/leds/common.h

Applying /home/joseca/openmanet-firmware/target/linux/generic/pending-6.6/890-usb-serial-add-support-for-CH348.patch using plaintext: 
patching file drivers/usb/serial/Kconfig
patching file drivers/usb/serial/Makefile
patching file drivers/usb/serial/ch348.c

Applying /home/joseca/openmanet-firmware/target/linux/generic/pending-6.6/900-net-ag71xx-fix-qca9530-and-qca9550-mdio-probe.patch using plaintext: 
patching file drivers/net/ethernet/atheros/ag71xx.c

Applying /home/joseca/openmanet-firmware/target/linux/generic/pending-6.6/920-mangle_bootargs.patch using plaintext: 
patching file init/Kconfig
patching file init/main.c

Applying /home/joseca/openmanet-firmware/target/linux/generic/pending-6.6/980-tools-thermal-tmon-Fix-compilation-warning-for-wrong.patch using plaintext: 
patching file tools/thermal/tmon/tui.c

Applying /home/joseca/openmanet-firmware/target/linux/generic/hack-6.6/200-tools_portability.patch using plaintext: 
patching file tools/scripts/Makefile.include
patching file tools/include/linux/types.h
patching file tools/objtool/include/objtool/objtool.h
patching file tools/include/asm-generic/bitops/fls.h
patching file tools/lib/string.c
patching file tools/arch/x86/include/asm/insn.h
patching file tools/arch/x86/include/asm/orc_types.h
patching file tools/include/linux/rbtree.h
patching file tools/include/tools/be_byteshift.h
patching file tools/include/tools/le_byteshift.h
patching file tools/include/tools/linux_types.h
patching file tools/objtool/Makefile
patching file tools/objtool/orc_dump.c
patching file tools/objtool/orc_gen.c
patching file tools/arch/x86/lib/insn.c

Applying /home/joseca/openmanet-firmware/target/linux/generic/hack-6.6/204-module_strip.patch using plaintext: 
patching file include/linux/module.h
patching file include/linux/moduleparam.h
patching file kernel/module/Kconfig
patching file kernel/module/main.c
patching file scripts/mod/modpost.c

Applying /home/joseca/openmanet-firmware/target/linux/generic/hack-6.6/205-kconfig-abort-configuration-on-unset-symbol.patch using plaintext: 
patching file scripts/kconfig/conf.c

Applying /home/joseca/openmanet-firmware/target/linux/generic/hack-6.6/210-darwin_scripts_include.patch using plaintext: 
patching file scripts/mod/elf.h
patching file scripts/mod/mk_elfconfig.c
patching file scripts/mod/modpost.h

Applying /home/joseca/openmanet-firmware/target/linux/generic/hack-6.6/211-darwin-uuid-typedef-clash.patch using plaintext: 
patching file scripts/mod/file2alias.c

Applying /home/joseca/openmanet-firmware/target/linux/generic/hack-6.6/214-spidev_h_portability.patch using plaintext: 
patching file include/uapi/linux/spi/spidev.h

Applying /home/joseca/openmanet-firmware/target/linux/generic/hack-6.6/220-arm-gc_sections.patch using plaintext: 
patching file arch/arm/Kconfig
patching file arch/arm/boot/compressed/Makefile
patching file arch/arm/kernel/vmlinux.lds.S
patching file arch/arm/include/asm/vmlinux.lds.h

Applying /home/joseca/openmanet-firmware/target/linux/generic/hack-6.6/230-openwrt_lzma_options.patch using plaintext: 
patching file lib/decompress.c
patching file scripts/Makefile.lib

Applying /home/joseca/openmanet-firmware/target/linux/generic/hack-6.6/250-netfilter_depends.patch using plaintext: 
patching file net/netfilter/Kconfig

Applying /home/joseca/openmanet-firmware/target/linux/generic/hack-6.6/251-kconfig.patch using plaintext: 
patching file crypto/Kconfig
patching file drivers/bcma/Kconfig
patching file drivers/ssb/Kconfig
patching file lib/Kconfig
patching file net/netfilter/Kconfig
patching file sound/core/Kconfig
patching file net/Kconfig

Applying /home/joseca/openmanet-firmware/target/linux/generic/hack-6.6/253-ksmbd-config.patch using plaintext: 
patching file init/Kconfig
patching file lib/Kconfig

Applying /home/joseca/openmanet-firmware/target/linux/generic/hack-6.6/259-regmap_dynamic.patch using plaintext: 
patching file drivers/base/regmap/Kconfig
patching file drivers/base/regmap/Makefile
patching file drivers/base/regmap/regmap.c
patching file include/linux/regmap.h

Applying /home/joseca/openmanet-firmware/target/linux/generic/hack-6.6/260-crypto_test_dependencies.patch using plaintext: 
patching file crypto/Kconfig
patching file crypto/algboss.c

Applying /home/joseca/openmanet-firmware/target/linux/generic/hack-6.6/261-lib-arc4-unhide.patch using plaintext: 
patching file lib/crypto/Kconfig

Applying /home/joseca/openmanet-firmware/target/linux/generic/hack-6.6/280-rfkill-stubs.patch using plaintext: 
patching file include/linux/rfkill.h
patching file net/Makefile
patching file net/rfkill/Kconfig
patching file net/rfkill/Makefile

Applying /home/joseca/openmanet-firmware/target/linux/generic/hack-6.6/300-MIPS-r4k_cache-use-more-efficient-cache-blast.patch using plaintext: 
patching file arch/mips/include/asm/r4kcache.h

Applying /home/joseca/openmanet-firmware/target/linux/generic/hack-6.6/402-mtd-blktrans-call-add-disks-after-mtd-device.patch using plaintext: 
patching file drivers/mtd/mtd_blkdevs.c
patching file drivers/mtd/mtdcore.c
patching file include/linux/mtd/blktrans.h

Applying /home/joseca/openmanet-firmware/target/linux/generic/hack-6.6/420-mtd-support-OpenWrt-s-MTD_ROOTFS_ROOT_DEV.patch using plaintext: 
patching file drivers/mtd/mtdcore.c

Applying /home/joseca/openmanet-firmware/target/linux/generic/hack-6.6/421-drivers-mtd-parsers-add-nvmem-support-to-cmdlinepart.patch using plaintext: 
patching file drivers/mtd/parsers/cmdlinepart.c

Applying /home/joseca/openmanet-firmware/target/linux/generic/hack-6.6/430-mtk-bmt-support.patch using plaintext: 
patching file drivers/mtd/nand/Kconfig
patching file drivers/mtd/nand/Makefile

Applying /home/joseca/openmanet-firmware/target/linux/generic/hack-6.6/600-net-enable-fraglist-GRO-by-default.patch using plaintext: 
patching file include/linux/netdev_features.h

Applying /home/joseca/openmanet-firmware/target/linux/generic/hack-6.6/610-net-page_pool-try-to-free-deferred-skbs-while-waitin.patch using plaintext: 
patching file net/core/page_pool.c

Applying /home/joseca/openmanet-firmware/target/linux/generic/hack-6.6/645-netfilter-connmark-introduce-set-dscpmark.patch using plaintext: 
patching file include/uapi/linux/netfilter/xt_connmark.h
patching file net/netfilter/xt_connmark.c

Applying /home/joseca/openmanet-firmware/target/linux/generic/hack-6.6/650-netfilter-add-xt_FLOWOFFLOAD-target.patch using plaintext: 
patching file net/netfilter/Kconfig
patching file net/netfilter/Makefile
patching file net/netfilter/xt_FLOWOFFLOAD.c
patching file net/netfilter/nf_flow_table_core.c
patching file include/uapi/linux/netfilter/xt_FLOWOFFLOAD.h
patching file include/net/netfilter/nf_flow_table.h

Applying /home/joseca/openmanet-firmware/target/linux/generic/hack-6.6/651-wireless_mesh_header.patch using plaintext: 
patching file include/linux/netdevice.h

Applying /home/joseca/openmanet-firmware/target/linux/generic/hack-6.6/660-fq_codel_defaults.patch using plaintext: 
patching file net/sched/sch_fq_codel.c

Applying /home/joseca/openmanet-firmware/target/linux/generic/hack-6.6/661-kernel-ct-size-the-hashtable-more-adequately.patch using plaintext: 
patching file net/netfilter/nf_conntrack_core.c

Applying /home/joseca/openmanet-firmware/target/linux/generic/hack-6.6/700-swconfig_switch_drivers.patch using plaintext: 
patching file drivers/net/phy/Kconfig
patching file drivers/net/phy/Makefile
patching file include/linux/platform_data/b53.h

Applying /home/joseca/openmanet-firmware/target/linux/generic/hack-6.6/711-net-dsa-mv88e6xxx-disable-ATU-violation.patch using plaintext: 
patching file drivers/net/dsa/mv88e6xxx/chip.c

Applying /home/joseca/openmanet-firmware/target/linux/generic/hack-6.6/721-net-add-packet-mangeling.patch using plaintext: 
patching file include/linux/netdevice.h
patching file include/linux/skbuff.h
patching file net/Kconfig
patching file net/core/dev.c
patching file net/core/skbuff.c
patching file net/ethernet/eth.c

Applying /home/joseca/openmanet-firmware/target/linux/generic/hack-6.6/722-net-phy-aquantia-enable-AQR112-and-AQR412.patch using plaintext: 
patching file drivers/net/phy/aquantia/aquantia_main.c

Applying /home/joseca/openmanet-firmware/target/linux/generic/hack-6.6/723-net-phy-aquantia-fix-system-side-protocol-mi.patch using plaintext: 
patching file drivers/net/phy/aquantia/aquantia_main.c

Applying /home/joseca/openmanet-firmware/target/linux/generic/hack-6.6/725-net-phy-aquantia-add-PHY_IDs-for-AQR112-variants.patch using plaintext: 
patching file drivers/net/phy/aquantia/aquantia_main.c

Applying /home/joseca/openmanet-firmware/target/linux/generic/hack-6.6/750-net-pcs-mtk-lynxi-workaround-2500BaseX-no-an.patch using plaintext: 
patching file drivers/net/pcs/pcs-mtk-lynxi.c

Applying /home/joseca/openmanet-firmware/target/linux/generic/hack-6.6/760-net-usb-r8152-add-LED-configuration-from-OF.patch using plaintext: 
patching file drivers/net/usb/r8152.c

Applying /home/joseca/openmanet-firmware/target/linux/generic/hack-6.6/761-dt-bindings-net-add-RTL8152-binding-documentation.patch using plaintext: 
patching file Documentation/devicetree/bindings/net/realtek,rtl8152.yaml

Applying /home/joseca/openmanet-firmware/target/linux/generic/hack-6.6/765-mxl-gpy-control-LED-reg-from-DT.patch using plaintext: 
patching file drivers/net/phy/mxl-gpy.c

Applying /home/joseca/openmanet-firmware/target/linux/generic/hack-6.6/766-net-phy-mediatek-ge-add-LED-configuration-interface.patch using plaintext: 
patching file drivers/net/phy/mediatek-ge.c

Applying /home/joseca/openmanet-firmware/target/linux/generic/hack-6.6/773-bgmac-add-srab-switch.patch using plaintext: 
patching file drivers/net/ethernet/broadcom/bgmac-bcma.c
patching file drivers/net/ethernet/broadcom/bgmac.c
patching file drivers/net/ethernet/broadcom/bgmac.h

Applying /home/joseca/openmanet-firmware/target/linux/generic/hack-6.6/780-usb-net-MeigLink_modem_support.patch using plaintext: 
patching file drivers/net/usb/qmi_wwan.c
patching file drivers/usb/serial/option.c

Applying /home/joseca/openmanet-firmware/target/linux/generic/hack-6.6/781-usb-net-rndis-support-asr.patch using plaintext: 
patching file drivers/net/usb/rndis_host.c

Applying /home/joseca/openmanet-firmware/target/linux/generic/hack-6.6/790-SFP-GE-T-ignore-TX_FAULT.patch using plaintext: 
patching file drivers/net/phy/sfp.c

Applying /home/joseca/openmanet-firmware/target/linux/generic/hack-6.6/800-GPIO-add-named-gpio-exports.patch using plaintext: 
patching file drivers/gpio/gpiolib-of.c
patching file include/linux/gpio/consumer.h
patching file drivers/gpio/gpiolib-sysfs.c

Applying /home/joseca/openmanet-firmware/target/linux/generic/hack-6.6/810-bcma-ssb-fallback-sprom.patch using plaintext: 
patching file drivers/bcma/Kconfig
patching file drivers/bcma/Makefile
patching file drivers/bcma/bcma_private.h
patching file drivers/bcma/main.c
patching file drivers/bcma/sprom.c
patching file drivers/ssb/Kconfig
patching file drivers/ssb/Makefile
patching file drivers/ssb/main.c
patching file drivers/ssb/sprom.c
patching file drivers/ssb/ssb_private.h

Applying /home/joseca/openmanet-firmware/target/linux/generic/hack-6.6/901-debloat_sock_diag.patch using plaintext: 
patching file net/Kconfig
patching file net/core/Makefile
patching file net/core/sock.c
patching file net/core/sock_diag.c
patching file net/ipv4/Kconfig
patching file net/netlink/Kconfig
patching file net/packet/Kconfig
patching file net/unix/Kconfig
patching file net/xdp/Kconfig

Applying /home/joseca/openmanet-firmware/target/linux/generic/hack-6.6/902-debloat_proc.patch using plaintext: 
patching file fs/locks.c
patching file fs/proc/Kconfig
patching file fs/proc/consoles.c
patching file fs/proc/proc_tty.c
patching file include/net/snmp.h
patching file ipc/msg.c
patching file ipc/sem.c
patching file ipc/shm.c
patching file ipc/util.c
patching file kernel/exec_domain.c
patching file kernel/irq/proc.c
patching file kernel/time/timer_list.c
patching file mm/vmalloc.c
patching file mm/vmstat.c
patching file net/8021q/vlanproc.c
patching file net/core/net-procfs.c
patching file net/core/sock.c
patching file net/ipv4/fib_trie.c
patching file net/ipv4/proc.c
patching file net/ipv4/route.c
patching file net/ipv4/inet_timewait_sock.c

Applying /home/joseca/openmanet-firmware/target/linux/generic/hack-6.6/904-debloat_dma_buf.patch using plaintext: 
patching file drivers/base/Kconfig
patching file drivers/dma-buf/heaps/Makefile
patching file drivers/dma-buf/Makefile
patching file drivers/dma-buf/dma-buf.c
patching file kernel/sched/core.c
patching file fs/d_path.c

Applying /home/joseca/openmanet-firmware/target/linux/generic/hack-6.6/910-kobject_uevent.patch using plaintext: 
patching file lib/kobject_uevent.c

Applying /home/joseca/openmanet-firmware/target/linux/generic/hack-6.6/911-kobject_add_broadcast_uevent.patch using plaintext: 
patching file include/linux/kobject.h
patching file lib/kobject_uevent.c

Applying /home/joseca/openmanet-firmware/target/linux/generic/hack-6.6/920-device_tree_cmdline.patch using plaintext: 
patching file drivers/of/fdt.c

Applying /home/joseca/openmanet-firmware/target/linux/generic/hack-6.6/930-Revert-Revert-Revert-driver-core-Set-fw_devlink-on-b.patch using plaintext: 
patching file drivers/base/core.c

Applying /home/joseca/openmanet-firmware/target/linux/bcm27xx/patches-6.6/950-0003-raspberrypi-firmware-Update-mailbox-commands.patch using plaintext: 
patching file include/soc/bcm2835/raspberrypi-firmware.h

Applying /home/joseca/openmanet-firmware/target/linux/bcm27xx/patches-6.6/950-0004-drm-vc4-Add-FKMS-as-an-acceptable-node-for-dma-range.patch using plaintext: 
patching file drivers/gpu/drm/vc4/vc4_drv.c

Applying /home/joseca/openmanet-firmware/target/linux/bcm27xx/patches-6.6/950-0005-drm-atomic-Don-t-fixup-modes-that-haven-t-been-reset.patch using plaintext: 
patching file drivers/gpu/drm/drm_atomic_helper.c

Applying /home/joseca/openmanet-firmware/target/linux/bcm27xx/patches-6.6/950-0006-drm-vc4-Allow-setting-the-TV-norm-via-module-paramet.patch using plaintext: 
patching file drivers/gpu/drm/vc4/vc4_vec.c

Applying /home/joseca/openmanet-firmware/target/linux/bcm27xx/patches-6.6/950-0007-drm-vc4-Add-firmware-kms-mode.patch using plaintext: 
patching file drivers/gpu/drm/vc4/Makefile
patching file drivers/gpu/drm/vc4/vc4_debugfs.c
patching file drivers/gpu/drm/vc4/vc4_drv.c
patching file drivers/gpu/drm/vc4/vc4_drv.h
patching file drivers/gpu/drm/vc4/vc4_firmware_kms.c
patching file drivers/gpu/drm/vc4/vc4_kms.c
patching file drivers/gpu/drm/vc4/vc_image_types.h

Applying /home/joseca/openmanet-firmware/target/linux/bcm27xx/patches-6.6/950-0008-drm-vc4-Add-support-for-gamma-on-BCM2711.patch using plaintext: 
patching file drivers/gpu/drm/vc4/vc4_crtc.c
patching file drivers/gpu/drm/vc4/vc4_drv.h
patching file drivers/gpu/drm/vc4/vc4_hvs.c
patching file drivers/gpu/drm/vc4/vc4_regs.h

Applying /home/joseca/openmanet-firmware/target/linux/bcm27xx/patches-6.6/950-0009-drm-vc4-Add-debugfs-node-that-dumps-the-vc5-gamma-PW.patch using plaintext: 
patching file drivers/gpu/drm/vc4/vc4_hvs.c

Applying /home/joseca/openmanet-firmware/target/linux/bcm27xx/patches-6.6/950-0010-drm-vc4-hvs-Force-modeset-on-gamma-lut-change.patch using plaintext: 
patching file drivers/gpu/drm/vc4/vc4_crtc.c
patching file drivers/gpu/drm/vc4/vc4_drv.h
patching file drivers/gpu/drm/vc4/vc4_hvs.c

Applying /home/joseca/openmanet-firmware/target/linux/bcm27xx/patches-6.6/950-0012-drm-vc4-Make-VEC-progressive-modes-readily-accessibl.patch using plaintext: 
patching file drivers/gpu/drm/vc4/vc4_vec.c

Applying /home/joseca/openmanet-firmware/target/linux/bcm27xx/patches-6.6/950-0013-drm-Check-whether-the-gamma-lut-has-changed-before-u.patch using plaintext: 
patching file drivers/gpu/drm/drm_color_mgmt.c

Applying /home/joseca/openmanet-firmware/target/linux/bcm27xx/patches-6.6/950-0014-drm-vc4-Enable-gamma-block-only-when-required.patch using plaintext: 
patching file drivers/gpu/drm/vc4/vc4_hvs.c

Applying /home/joseca/openmanet-firmware/target/linux/bcm27xx/patches-6.6/950-0015-drm-vc4-Only-add-gamma-properties-once.patch using plaintext: 
patching file drivers/gpu/drm/vc4/vc4_crtc.c

Applying /home/joseca/openmanet-firmware/target/linux/bcm27xx/patches-6.6/950-0016-drm-vc4-Validate-the-size-of-the-gamma_lut.patch using plaintext: 
patching file drivers/gpu/drm/vc4/vc4_hvs.c

Applying /home/joseca/openmanet-firmware/target/linux/bcm27xx/patches-6.6/950-0017-drm-vc4-Disable-Gamma-control-on-HVS5-due-to-issues-.patch using plaintext: 
patching file drivers/gpu/drm/vc4/vc4_crtc.c

Applying /home/joseca/openmanet-firmware/target/linux/bcm27xx/patches-6.6/950-0018-drm-dsi-Document-the-meaning-and-spec-references-for.patch using plaintext: 
patching file include/drm/drm_mipi_dsi.h

Applying /home/joseca/openmanet-firmware/target/linux/bcm27xx/patches-6.6/950-0019-drm-bridge-tc358762-Ignore-EPROBE_DEFER-when-logging.patch using plaintext: 
patching file drivers/gpu/drm/bridge/tc358762.c

Applying /home/joseca/openmanet-firmware/target/linux/bcm27xx/patches-6.6/950-0020-vc4-drm-vc4_plane-Keep-fractional-source-coords-insi.patch using plaintext: 
patching file drivers/gpu/drm/vc4/vc4_drv.h
patching file drivers/gpu/drm/vc4/vc4_plane.c

Applying /home/joseca/openmanet-firmware/target/linux/bcm27xx/patches-6.6/950-0021-vc4-drm-Handle-fractional-coordinates-using-the-phas.patch using plaintext: 
patching file drivers/gpu/drm/vc4/vc4_plane.c

Applying /home/joseca/openmanet-firmware/target/linux/bcm27xx/patches-6.6/950-0022-drm-Add-chroma-siting-properties.patch using plaintext: 
patching file drivers/gpu/drm/drm_atomic_state_helper.c
patching file drivers/gpu/drm/drm_atomic_uapi.c
patching file drivers/gpu/drm/drm_color_mgmt.c
patching file include/drm/drm_color_mgmt.h
patching file include/drm/drm_plane.h

Applying /home/joseca/openmanet-firmware/target/linux/bcm27xx/patches-6.6/950-0023-vc4-drm-plane-Make-use-of-chroma-siting-parameter.patch using plaintext: 
patching file drivers/gpu/drm/vc4/vc4_plane.c

Applying /home/joseca/openmanet-firmware/target/linux/bcm27xx/patches-6.6/950-0024-drm-vc4-Force-trigger-of-dlist-update-on-margins-cha.patch using plaintext: 
patching file drivers/gpu/drm/vc4/vc4_crtc.c
patching file drivers/gpu/drm/vc4/vc4_drv.h

Applying /home/joseca/openmanet-firmware/target/linux/bcm27xx/patches-6.6/950-0025-drm-atomic-helpers-remove-legacy_cursor_update-hacks.patch using plaintext: 
patching file drivers/gpu/drm/drm_atomic_helper.c
patching file drivers/gpu/drm/i915/display/intel_display.c
patching file drivers/gpu/drm/msm/msm_atomic.c

Applying /home/joseca/openmanet-firmware/target/linux/bcm27xx/patches-6.6/950-0026-drm-atomic-If-margins-are-updated-update-all-planes.patch using plaintext: 
patching file drivers/gpu/drm/drm_atomic_uapi.c

Applying /home/joseca/openmanet-firmware/target/linux/bcm27xx/patches-6.6/950-0027-drm-vc4-hvs-Skip-DebugFS-Registration-for-FKMS.patch using plaintext: 
patching file drivers/gpu/drm/vc4/vc4_hvs.c

Applying /home/joseca/openmanet-firmware/target/linux/bcm27xx/patches-6.6/950-0028-drm-vc4_hdmi-Allow-hotplug-detect-to-be-forced.patch using plaintext: 
patching file drivers/gpu/drm/vc4/vc4_hdmi.c

Applying /home/joseca/openmanet-firmware/target/linux/bcm27xx/patches-6.6/950-0030-drm-vc4-hvs-Defer-dlist-slots-deallocation.patch using plaintext: 
patching file drivers/gpu/drm/vc4/vc4_crtc.c
patching file drivers/gpu/drm/vc4/vc4_drv.h
patching file drivers/gpu/drm/vc4/vc4_hvs.c

Applying /home/joseca/openmanet-firmware/target/linux/bcm27xx/patches-6.6/950-0031-drm-vc4-hvs-Initialize-the-dlist-allocation-list-ent.patch using plaintext: 
patching file drivers/gpu/drm/vc4/vc4_hvs.c

Applying /home/joseca/openmanet-firmware/target/linux/bcm27xx/patches-6.6/950-0032-drm-vc4-hvs-Move-the-dlist-allocation-destruction-to.patch using plaintext: 
patching file drivers/gpu/drm/vc4/vc4_hvs.c

Applying /home/joseca/openmanet-firmware/target/linux/bcm27xx/patches-6.6/950-0033-drm-vc4-hvs-Destroy-dlist-allocations-immediately-wh.patch using plaintext: 
patching file drivers/gpu/drm/vc4/vc4_hvs.c

Applying /home/joseca/openmanet-firmware/target/linux/bcm27xx/patches-6.6/950-0034-drm-vc4_plane-Add-support-for-YUV444-formats.patch using plaintext: 
patching file drivers/gpu/drm/vc4/vc4_plane.c

Applying /home/joseca/openmanet-firmware/target/linux/bcm27xx/patches-6.6/950-0035-drm-vc4-Calculate-bpc-based-on-max_requested_bpc.patch using plaintext: 
patching file drivers/gpu/drm/vc4/vc4_hdmi.c

Applying /home/joseca/openmanet-firmware/target/linux/bcm27xx/patches-6.6/950-0036-drm-vc4-Set-AXI-panic-modes-for-the-HVS.patch using plaintext: 
patching file drivers/gpu/drm/vc4/vc4_hvs.c

Applying /home/joseca/openmanet-firmware/target/linux/bcm27xx/patches-6.6/950-0037-drm-vc4-drop-unnecessary-and-harmful-HDMI-RGB-format.patch using plaintext: 
patching file drivers/gpu/drm/vc4/vc4_hdmi.c

Applying /home/joseca/openmanet-firmware/target/linux/bcm27xx/patches-6.6/950-0038-drm-vc4-Limit-max_bpc-to-8-on-Pi0-3.patch using plaintext: 
patching file drivers/gpu/drm/vc4/vc4_hdmi.c

Applying /home/joseca/openmanet-firmware/target/linux/bcm27xx/patches-6.6/950-0039-arm64-setup-Fix-build-warning.patch using plaintext: 
patching file arch/arm64/kernel/setup.c

Applying /home/joseca/openmanet-firmware/target/linux/bcm27xx/patches-6.6/950-0040-BCM2708-Add-core-Device-Tree-support.patch using plaintext: 
patching file arch/arm/boot/dts/Makefile
patching file arch/arm/boot/dts/broadcom/Makefile
patching file arch/arm/boot/dts/broadcom/bcm2708-rpi-b-plus.dts
patching file arch/arm/boot/dts/broadcom/bcm2708-rpi-b-rev1.dts
patching file arch/arm/boot/dts/broadcom/bcm2708-rpi-b.dts
patching file arch/arm/boot/dts/broadcom/bcm2708-rpi-bt.dtsi
patching file arch/arm/boot/dts/broadcom/bcm2708-rpi-cm.dts
patching file arch/arm/boot/dts/broadcom/bcm2708-rpi-cm.dtsi
patching file arch/arm/boot/dts/broadcom/bcm2708-rpi-zero-w.dts
patching file arch/arm/boot/dts/broadcom/bcm2708-rpi-zero.dts
patching file arch/arm/boot/dts/broadcom/bcm2708-rpi.dtsi
patching file arch/arm/boot/dts/broadcom/bcm2708.dtsi
patching file arch/arm/boot/dts/broadcom/bcm2709-rpi-2-b.dts
patching file arch/arm/boot/dts/broadcom/bcm2709-rpi-cm2.dts
patching file arch/arm/boot/dts/broadcom/bcm2709-rpi.dtsi
patching file arch/arm/boot/dts/broadcom/bcm2709.dtsi
patching file arch/arm/boot/dts/broadcom/bcm270x-rpi.dtsi
patching file arch/arm/boot/dts/broadcom/bcm270x.dtsi
patching file arch/arm/boot/dts/broadcom/bcm2710-rpi-2-b.dts
patching file arch/arm/boot/dts/broadcom/bcm2710-rpi-3-b-plus.dts
patching file arch/arm/boot/dts/broadcom/bcm2710-rpi-3-b.dts
patching file arch/arm/boot/dts/broadcom/bcm2710-rpi-cm3.dts
patching file arch/arm/boot/dts/broadcom/bcm2710-rpi-zero-2-w.dts
patching file arch/arm/boot/dts/broadcom/bcm2710-rpi-zero-2.dts
patching file arch/arm/boot/dts/broadcom/bcm2710.dtsi
patching file arch/arm/boot/dts/broadcom/bcm2711-rpi-4-b.dts
patching file arch/arm/boot/dts/broadcom/bcm2711-rpi-400.dts
patching file arch/arm/boot/dts/broadcom/bcm2711-rpi-cm4.dts
patching file arch/arm/boot/dts/broadcom/bcm2711-rpi-cm4s.dts
patching file arch/arm/boot/dts/broadcom/bcm2711-rpi-ds.dtsi
patching file arch/arm/boot/dts/broadcom/bcm2711-rpi.dtsi
patching file arch/arm/boot/dts/broadcom/bcm271x-rpi-bt.dtsi
patching file arch/arm/boot/dts/broadcom/bcm283x-rpi-csi0-2lane.dtsi
patching file arch/arm/boot/dts/broadcom/bcm283x-rpi-csi1-2lane.dtsi
patching file arch/arm/boot/dts/broadcom/bcm283x-rpi-csi1-4lane.dtsi
patching file arch/arm/boot/dts/broadcom/bcm283x-rpi-i2c0mux_0_28.dtsi
patching file arch/arm/boot/dts/broadcom/bcm283x-rpi-i2c0mux_0_44.dtsi
patching file arch/arm/boot/dts/overlays/Makefile
patching file arch/arm/boot/dts/overlays/README
patching file arch/arm/boot/dts/overlays/act-led-overlay.dts
patching file arch/arm/boot/dts/overlays/adafruit-st7735r-overlay.dts
patching file arch/arm/boot/dts/overlays/adafruit18-overlay.dts
patching file arch/arm/boot/dts/overlays/adau1977-adc-overlay.dts
patching file arch/arm/boot/dts/overlays/adau7002-simple-overlay.dts
patching file arch/arm/boot/dts/overlays/ads1015-overlay.dts
patching file arch/arm/boot/dts/overlays/ads1115-overlay.dts
patching file arch/arm/boot/dts/overlays/ads7846-overlay.dts
patching file arch/arm/boot/dts/overlays/adv7282m-overlay.dts
patching file arch/arm/boot/dts/overlays/adv728x-m-overlay.dts
patching file arch/arm/boot/dts/overlays/akkordion-iqdacplus-overlay.dts
patching file arch/arm/boot/dts/overlays/allo-boss-dac-pcm512x-audio-overlay.dts
patching file arch/arm/boot/dts/overlays/allo-boss2-dac-audio-overlay.dts
patching file arch/arm/boot/dts/overlays/allo-digione-overlay.dts
patching file arch/arm/boot/dts/overlays/allo-katana-dac-audio-overlay.dts
patching file arch/arm/boot/dts/overlays/allo-piano-dac-pcm512x-audio-overlay.dts
patching file arch/arm/boot/dts/overlays/allo-piano-dac-plus-pcm512x-audio-overlay.dts
patching file arch/arm/boot/dts/overlays/anyspi-overlay.dts
patching file arch/arm/boot/dts/overlays/apds9960-overlay.dts
patching file arch/arm/boot/dts/overlays/applepi-dac-overlay.dts
patching file arch/arm/boot/dts/overlays/arducam-64mp-overlay.dts
patching file arch/arm/boot/dts/overlays/arducam-64mp.dtsi
patching file arch/arm/boot/dts/overlays/arducam-pivariety-overlay.dts
patching file arch/arm/boot/dts/overlays/at86rf233-overlay.dts
patching file arch/arm/boot/dts/overlays/audioinjector-addons-overlay.dts
patching file arch/arm/boot/dts/overlays/audioinjector-bare-i2s-overlay.dts
patching file arch/arm/boot/dts/overlays/audioinjector-isolated-soundcard-overlay.dts
patching file arch/arm/boot/dts/overlays/audioinjector-ultra-overlay.dts
patching file arch/arm/boot/dts/overlays/audioinjector-wm8731-audio-overlay.dts
patching file arch/arm/boot/dts/overlays/audiosense-pi-overlay.dts
patching file arch/arm/boot/dts/overlays/audremap-overlay.dts
patching file arch/arm/boot/dts/overlays/balena-fin-overlay.dts
patching file arch/arm/boot/dts/overlays/camera-mux-2port-overlay.dts
patching file arch/arm/boot/dts/overlays/camera-mux-4port-overlay.dts
patching file arch/arm/boot/dts/overlays/cap1106-overlay.dts
patching file arch/arm/boot/dts/overlays/chipdip-dac-overlay.dts
patching file arch/arm/boot/dts/overlays/cirrus-wm5102-overlay.dts
patching file arch/arm/boot/dts/overlays/cm-swap-i2c0-overlay.dts
patching file arch/arm/boot/dts/overlays/cma-overlay.dts
patching file arch/arm/boot/dts/overlays/crystalfontz-cfa050_pi_m-overlay.dts
patching file arch/arm/boot/dts/overlays/cutiepi-panel-overlay.dts
patching file arch/arm/boot/dts/overlays/dacberry400-overlay.dts
patching file arch/arm/boot/dts/overlays/dht11-overlay.dts
patching file arch/arm/boot/dts/overlays/dionaudio-kiwi-overlay.dts
patching file arch/arm/boot/dts/overlays/dionaudio-loco-overlay.dts
patching file arch/arm/boot/dts/overlays/dionaudio-loco-v2-overlay.dts
patching file arch/arm/boot/dts/overlays/disable-bt-overlay.dts
patching file arch/arm/boot/dts/overlays/disable-emmc2-overlay.dts
patching file arch/arm/boot/dts/overlays/disable-wifi-overlay.dts
patching file arch/arm/boot/dts/overlays/dpi18-overlay.dts
patching file arch/arm/boot/dts/overlays/dpi18cpadhi-overlay.dts
patching file arch/arm/boot/dts/overlays/dpi24-overlay.dts
patching file arch/arm/boot/dts/overlays/draws-overlay.dts
patching file arch/arm/boot/dts/overlays/dwc-otg-overlay.dts
patching file arch/arm/boot/dts/overlays/dwc2-overlay.dts
patching file arch/arm/boot/dts/overlays/edt-ft5406-overlay.dts
patching file arch/arm/boot/dts/overlays/edt-ft5406.dtsi
patching file arch/arm/boot/dts/overlays/enc28j60-overlay.dts
patching file arch/arm/boot/dts/overlays/enc28j60-spi2-overlay.dts
patching file arch/arm/boot/dts/overlays/exc3000-overlay.dts
patching file arch/arm/boot/dts/overlays/fbtft-overlay.dts
patching file arch/arm/boot/dts/overlays/fe-pi-audio-overlay.dts
patching file arch/arm/boot/dts/overlays/fsm-demo-overlay.dts
patching file arch/arm/boot/dts/overlays/gc9a01-overlay.dts
patching file arch/arm/boot/dts/overlays/ghost-amp-overlay.dts
patching file arch/arm/boot/dts/overlays/goodix-overlay.dts
patching file arch/arm/boot/dts/overlays/googlevoicehat-soundcard-overlay.dts
patching file arch/arm/boot/dts/overlays/gpio-charger-overlay.dts
patching file arch/arm/boot/dts/overlays/gpio-fan-overlay.dts
patching file arch/arm/boot/dts/overlays/gpio-hog-overlay.dts
patching file arch/arm/boot/dts/overlays/gpio-ir-overlay.dts
patching file arch/arm/boot/dts/overlays/gpio-ir-tx-overlay.dts
patching file arch/arm/boot/dts/overlays/gpio-key-overlay.dts
patching file arch/arm/boot/dts/overlays/gpio-led-overlay.dts
patching file arch/arm/boot/dts/overlays/gpio-no-bank0-irq-overlay.dts
patching file arch/arm/boot/dts/overlays/gpio-no-irq-overlay.dts
patching file arch/arm/boot/dts/overlays/gpio-poweroff-overlay.dts
patching file arch/arm/boot/dts/overlays/gpio-shutdown-overlay.dts
patching file arch/arm/boot/dts/overlays/hd44780-lcd-overlay.dts
patching file arch/arm/boot/dts/overlays/hdmi-backlight-hwhack-gpio-overlay.dts
patching file arch/arm/boot/dts/overlays/hifiberry-amp-overlay.dts
patching file arch/arm/boot/dts/overlays/hifiberry-amp100-overlay.dts
patching file arch/arm/boot/dts/overlays/hifiberry-amp3-overlay.dts
patching file arch/arm/boot/dts/overlays/hifiberry-dac-overlay.dts
patching file arch/arm/boot/dts/overlays/hifiberry-dacplus-overlay.dts
patching file arch/arm/boot/dts/overlays/hifiberry-dacplusadc-overlay.dts
patching file arch/arm/boot/dts/overlays/hifiberry-dacplusadcpro-overlay.dts
patching file arch/arm/boot/dts/overlays/hifiberry-dacplusdsp-overlay.dts
patching file arch/arm/boot/dts/overlays/hifiberry-dacplushd-overlay.dts
patching file arch/arm/boot/dts/overlays/hifiberry-digi-overlay.dts
patching file arch/arm/boot/dts/overlays/hifiberry-digi-pro-overlay.dts
patching file arch/arm/boot/dts/overlays/highperi-overlay.dts
patching file arch/arm/boot/dts/overlays/hy28a-overlay.dts
patching file arch/arm/boot/dts/overlays/hy28b-2017-overlay.dts
patching file arch/arm/boot/dts/overlays/hy28b-overlay.dts
patching file arch/arm/boot/dts/overlays/i-sabre-q2m-overlay.dts
patching file arch/arm/boot/dts/overlays/i2c-bcm2708-overlay.dts
patching file arch/arm/boot/dts/overlays/i2c-fan-overlay.dts
patching file arch/arm/boot/dts/overlays/i2c-gpio-overlay.dts
patching file arch/arm/boot/dts/overlays/i2c-mux-overlay.dts
patching file arch/arm/boot/dts/overlays/i2c-pwm-pca9685a-overlay.dts
patching file arch/arm/boot/dts/overlays/i2c-rtc-common.dtsi
patching file arch/arm/boot/dts/overlays/i2c-rtc-gpio-overlay.dts
patching file arch/arm/boot/dts/overlays/i2c-rtc-overlay.dts
patching file arch/arm/boot/dts/overlays/i2c-sensor-common.dtsi
patching file arch/arm/boot/dts/overlays/i2c-sensor-overlay.dts
patching file arch/arm/boot/dts/overlays/i2c0-overlay.dts
patching file arch/arm/boot/dts/overlays/i2c1-overlay.dts
patching file arch/arm/boot/dts/overlays/i2c3-overlay.dts
patching file arch/arm/boot/dts/overlays/i2c4-overlay.dts
patching file arch/arm/boot/dts/overlays/i2c5-overlay.dts
patching file arch/arm/boot/dts/overlays/i2c6-overlay.dts
patching file arch/arm/boot/dts/overlays/i2s-dac-overlay.dts
patching file arch/arm/boot/dts/overlays/i2s-gpio28-31-overlay.dts
patching file arch/arm/boot/dts/overlays/ilitek251x-overlay.dts
patching file arch/arm/boot/dts/overlays/imx219-overlay.dts
patching file arch/arm/boot/dts/overlays/imx219.dtsi
patching file arch/arm/boot/dts/overlays/imx258-overlay.dts
patching file arch/arm/boot/dts/overlays/imx258.dtsi
patching file arch/arm/boot/dts/overlays/imx290-overlay.dts
patching file arch/arm/boot/dts/overlays/imx290_327-overlay.dtsi
patching file arch/arm/boot/dts/overlays/imx290_327.dtsi
patching file arch/arm/boot/dts/overlays/imx296-overlay.dts
patching file arch/arm/boot/dts/overlays/imx327-overlay.dts
patching file arch/arm/boot/dts/overlays/imx378-overlay.dts
patching file arch/arm/boot/dts/overlays/imx462-overlay.dts
patching file arch/arm/boot/dts/overlays/imx477-overlay.dts
patching file arch/arm/boot/dts/overlays/imx477_378-overlay.dtsi
patching file arch/arm/boot/dts/overlays/imx477_378.dtsi
patching file arch/arm/boot/dts/overlays/imx519-overlay.dts
patching file arch/arm/boot/dts/overlays/imx519.dtsi
patching file arch/arm/boot/dts/overlays/imx708-overlay.dts
patching file arch/arm/boot/dts/overlays/imx708.dtsi
patching file arch/arm/boot/dts/overlays/iqaudio-codec-overlay.dts
patching file arch/arm/boot/dts/overlays/iqaudio-dac-overlay.dts
patching file arch/arm/boot/dts/overlays/iqaudio-dacplus-overlay.dts
patching file arch/arm/boot/dts/overlays/iqaudio-digi-wm8804-audio-overlay.dts
patching file arch/arm/boot/dts/overlays/iqs550-overlay.dts
patching file arch/arm/boot/dts/overlays/irs1125-overlay.dts
patching file arch/arm/boot/dts/overlays/jedec-spi-nor-overlay.dts
patching file arch/arm/boot/dts/overlays/justboom-both-overlay.dts
patching file arch/arm/boot/dts/overlays/justboom-dac-overlay.dts
patching file arch/arm/boot/dts/overlays/justboom-digi-overlay.dts
patching file arch/arm/boot/dts/overlays/ltc294x-overlay.dts
patching file arch/arm/boot/dts/overlays/max98357a-overlay.dts
patching file arch/arm/boot/dts/overlays/maxtherm-overlay.dts
patching file arch/arm/boot/dts/overlays/mbed-dac-overlay.dts
patching file arch/arm/boot/dts/overlays/mcp23017-overlay.dts
patching file arch/arm/boot/dts/overlays/mcp23s17-overlay.dts
patching file arch/arm/boot/dts/overlays/mcp2515-can0-overlay.dts
patching file arch/arm/boot/dts/overlays/mcp2515-can1-overlay.dts
patching file arch/arm/boot/dts/overlays/mcp2515-overlay.dts
patching file arch/arm/boot/dts/overlays/mcp251xfd-overlay.dts
patching file arch/arm/boot/dts/overlays/mcp3008-overlay.dts
patching file arch/arm/boot/dts/overlays/mcp3202-overlay.dts
patching file arch/arm/boot/dts/overlays/mcp342x-overlay.dts
patching file arch/arm/boot/dts/overlays/media-center-overlay.dts
patching file arch/arm/boot/dts/overlays/merus-amp-overlay.dts
patching file arch/arm/boot/dts/overlays/midi-uart0-overlay.dts
patching file arch/arm/boot/dts/overlays/midi-uart1-overlay.dts
patching file arch/arm/boot/dts/overlays/midi-uart2-overlay.dts
patching file arch/arm/boot/dts/overlays/midi-uart3-overlay.dts
patching file arch/arm/boot/dts/overlays/midi-uart4-overlay.dts
patching file arch/arm/boot/dts/overlays/midi-uart5-overlay.dts
patching file arch/arm/boot/dts/overlays/minipitft13-overlay.dts
patching file arch/arm/boot/dts/overlays/miniuart-bt-overlay.dts
patching file arch/arm/boot/dts/overlays/mipi-dbi-spi-overlay.dts
patching file arch/arm/boot/dts/overlays/mlx90640-overlay.dts
patching file arch/arm/boot/dts/overlays/mmc-overlay.dts
patching file arch/arm/boot/dts/overlays/mpu6050-overlay.dts
patching file arch/arm/boot/dts/overlays/mz61581-overlay.dts
patching file arch/arm/boot/dts/overlays/ov2311-overlay.dts
patching file arch/arm/boot/dts/overlays/ov2311.dtsi
patching file arch/arm/boot/dts/overlays/ov5647-overlay.dts
patching file arch/arm/boot/dts/overlays/ov5647.dtsi
patching file arch/arm/boot/dts/overlays/ov7251-overlay.dts
patching file arch/arm/boot/dts/overlays/ov7251.dtsi
patching file arch/arm/boot/dts/overlays/ov9281-overlay.dts
patching file arch/arm/boot/dts/overlays/ov9281.dtsi
patching file arch/arm/boot/dts/overlays/overlay_map.dts
patching file arch/arm/boot/dts/overlays/papirus-overlay.dts
patching file arch/arm/boot/dts/overlays/pca953x-overlay.dts
patching file arch/arm/boot/dts/overlays/pcf857x-overlay.dts
patching file arch/arm/boot/dts/overlays/pcie-32bit-dma-overlay.dts
patching file arch/arm/boot/dts/overlays/pibell-overlay.dts
patching file arch/arm/boot/dts/overlays/pifacedigital-overlay.dts
patching file arch/arm/boot/dts/overlays/pifi-40-overlay.dts
patching file arch/arm/boot/dts/overlays/pifi-dac-hd-overlay.dts
patching file arch/arm/boot/dts/overlays/pifi-dac-zero-overlay.dts
patching file arch/arm/boot/dts/overlays/pifi-mini-210-overlay.dts
patching file arch/arm/boot/dts/overlays/piglow-overlay.dts
patching file arch/arm/boot/dts/overlays/piscreen-overlay.dts
patching file arch/arm/boot/dts/overlays/piscreen2r-overlay.dts
patching file arch/arm/boot/dts/overlays/pisound-overlay.dts
patching file arch/arm/boot/dts/overlays/pitft22-overlay.dts
patching file arch/arm/boot/dts/overlays/pitft28-capacitive-overlay.dts
patching file arch/arm/boot/dts/overlays/pitft28-resistive-overlay.dts
patching file arch/arm/boot/dts/overlays/pitft35-resistive-overlay.dts
patching file arch/arm/boot/dts/overlays/pps-gpio-overlay.dts
patching file arch/arm/boot/dts/overlays/proto-codec-overlay.dts
patching file arch/arm/boot/dts/overlays/pwm-2chan-overlay.dts
patching file arch/arm/boot/dts/overlays/pwm-ir-tx-overlay.dts
patching file arch/arm/boot/dts/overlays/pwm-overlay.dts
patching file arch/arm/boot/dts/overlays/pwm1-overlay.dts
patching file arch/arm/boot/dts/overlays/qca7000-overlay.dts
patching file arch/arm/boot/dts/overlays/qca7000-uart0-overlay.dts
patching file arch/arm/boot/dts/overlays/ramoops-overlay.dts
patching file arch/arm/boot/dts/overlays/ramoops-pi4-overlay.dts
patching file arch/arm/boot/dts/overlays/rotary-encoder-overlay.dts
patching file arch/arm/boot/dts/overlays/rpi-backlight-overlay.dts
patching file arch/arm/boot/dts/overlays/rpi-codeczero-overlay.dts
patching file arch/arm/boot/dts/overlays/rpi-dacplus-overlay.dts
patching file arch/arm/boot/dts/overlays/rpi-dacpro-overlay.dts
patching file arch/arm/boot/dts/overlays/rpi-digiampplus-overlay.dts
patching file arch/arm/boot/dts/overlays/rpi-ft5406-overlay.dts
patching file arch/arm/boot/dts/overlays/rpi-poe-overlay.dts
patching file arch/arm/boot/dts/overlays/rpi-poe-plus-overlay.dts
patching file arch/arm/boot/dts/overlays/rpi-sense-overlay.dts
patching file arch/arm/boot/dts/overlays/rpi-sense-v2-overlay.dts
patching file arch/arm/boot/dts/overlays/rpi-tv-overlay.dts
patching file arch/arm/boot/dts/overlays/rra-digidac1-wm8741-audio-overlay.dts
patching file arch/arm/boot/dts/overlays/sainsmart18-overlay.dts
patching file arch/arm/boot/dts/overlays/sc16is750-i2c-overlay.dts
patching file arch/arm/boot/dts/overlays/sc16is752-i2c-overlay.dts
patching file arch/arm/boot/dts/overlays/sc16is752-spi0-overlay.dts
patching file arch/arm/boot/dts/overlays/sc16is752-spi1-overlay.dts
patching file arch/arm/boot/dts/overlays/sdhost-overlay.dts
patching file arch/arm/boot/dts/overlays/sdio-overlay.dts
patching file arch/arm/boot/dts/overlays/seeed-can-fd-hat-v1-overlay.dts
patching file arch/arm/boot/dts/overlays/seeed-can-fd-hat-v2-overlay.dts
patching file arch/arm/boot/dts/overlays/sh1106-spi-overlay.dts
patching file arch/arm/boot/dts/overlays/si446x-spi0-overlay.dts
patching file arch/arm/boot/dts/overlays/smi-dev-overlay.dts
patching file arch/arm/boot/dts/overlays/smi-nand-overlay.dts
patching file arch/arm/boot/dts/overlays/smi-overlay.dts
patching file arch/arm/boot/dts/overlays/spi-gpio35-39-overlay.dts
patching file arch/arm/boot/dts/overlays/spi-gpio40-45-overlay.dts
patching file arch/arm/boot/dts/overlays/spi-rtc-overlay.dts
patching file arch/arm/boot/dts/overlays/spi0-0cs-overlay.dts
patching file arch/arm/boot/dts/overlays/spi0-1cs-overlay.dts
patching file arch/arm/boot/dts/overlays/spi0-2cs-overlay.dts
patching file arch/arm/boot/dts/overlays/spi1-1cs-overlay.dts
patching file arch/arm/boot/dts/overlays/spi1-2cs-overlay.dts
patching file arch/arm/boot/dts/overlays/spi1-3cs-overlay.dts
patching file arch/arm/boot/dts/overlays/spi2-1cs-overlay.dts
patching file arch/arm/boot/dts/overlays/spi2-2cs-overlay.dts
patching file arch/arm/boot/dts/overlays/spi2-3cs-overlay.dts
patching file arch/arm/boot/dts/overlays/spi3-1cs-overlay.dts
patching file arch/arm/boot/dts/overlays/spi3-2cs-overlay.dts
patching file arch/arm/boot/dts/overlays/spi4-1cs-overlay.dts
patching file arch/arm/boot/dts/overlays/spi4-2cs-overlay.dts
patching file arch/arm/boot/dts/overlays/spi5-1cs-overlay.dts
patching file arch/arm/boot/dts/overlays/spi5-2cs-overlay.dts
patching file arch/arm/boot/dts/overlays/spi6-1cs-overlay.dts
patching file arch/arm/boot/dts/overlays/spi6-2cs-overlay.dts
patching file arch/arm/boot/dts/overlays/ssd1306-overlay.dts
patching file arch/arm/boot/dts/overlays/ssd1306-spi-overlay.dts
patching file arch/arm/boot/dts/overlays/ssd1331-spi-overlay.dts
patching file arch/arm/boot/dts/overlays/ssd1351-spi-overlay.dts
patching file arch/arm/boot/dts/overlays/superaudioboard-overlay.dts
patching file arch/arm/boot/dts/overlays/sx150x-overlay.dts
patching file arch/arm/boot/dts/overlays/tc358743-audio-overlay.dts
patching file arch/arm/boot/dts/overlays/tc358743-overlay.dts
patching file arch/arm/boot/dts/overlays/tinylcd35-overlay.dts
patching file arch/arm/boot/dts/overlays/tpm-slb9670-overlay.dts
patching file arch/arm/boot/dts/overlays/tpm-slb9673-overlay.dts
patching file arch/arm/boot/dts/overlays/uart0-overlay.dts
patching file arch/arm/boot/dts/overlays/uart1-overlay.dts
patching file arch/arm/boot/dts/overlays/uart2-overlay.dts
patching file arch/arm/boot/dts/overlays/uart3-overlay.dts
patching file arch/arm/boot/dts/overlays/uart4-overlay.dts
patching file arch/arm/boot/dts/overlays/uart5-overlay.dts
patching file arch/arm/boot/dts/overlays/udrc-overlay.dts
patching file arch/arm/boot/dts/overlays/ugreen-dabboard-overlay.dts
patching file arch/arm/boot/dts/overlays/upstream-overlay.dts
patching file arch/arm/boot/dts/overlays/upstream-pi4-overlay.dts
patching file arch/arm/boot/dts/overlays/vc4-fkms-v3d-overlay.dts
patching file arch/arm/boot/dts/overlays/vc4-fkms-v3d-pi4-overlay.dts
patching file arch/arm/boot/dts/overlays/vc4-kms-dpi-generic-overlay.dts
patching file arch/arm/boot/dts/overlays/vc4-kms-dpi-hyperpixel.dtsi
patching file arch/arm/boot/dts/overlays/vc4-kms-dpi-hyperpixel2r-overlay.dts
patching file arch/arm/boot/dts/overlays/vc4-kms-dpi-hyperpixel4-overlay.dts
patching file arch/arm/boot/dts/overlays/vc4-kms-dpi-hyperpixel4sq-overlay.dts
patching file arch/arm/boot/dts/overlays/vc4-kms-dpi-panel-overlay.dts
patching file arch/arm/boot/dts/overlays/vc4-kms-dpi.dtsi
patching file arch/arm/boot/dts/overlays/vc4-kms-dsi-7inch-overlay.dts
patching file arch/arm/boot/dts/overlays/vc4-kms-dsi-lt070me05000-overlay.dts
patching file arch/arm/boot/dts/overlays/vc4-kms-dsi-lt070me05000-v2-overlay.dts
patching file arch/arm/boot/dts/overlays/vc4-kms-dsi-waveshare-panel-overlay.dts
patching file arch/arm/boot/dts/overlays/vc4-kms-kippah-7inch-overlay.dts
patching file arch/arm/boot/dts/overlays/vc4-kms-v3d-overlay.dts
patching file arch/arm/boot/dts/overlays/vc4-kms-v3d-pi4-overlay.dts
patching file arch/arm/boot/dts/overlays/vc4-kms-vga666-overlay.dts
patching file arch/arm/boot/dts/overlays/vga666-overlay.dts
patching file arch/arm/boot/dts/overlays/vl805-overlay.dts
patching file arch/arm/boot/dts/overlays/w1-gpio-overlay.dts
patching file arch/arm/boot/dts/overlays/w1-gpio-pullup-overlay.dts
patching file arch/arm/boot/dts/overlays/w5500-overlay.dts
patching file arch/arm/boot/dts/overlays/watterott-display-overlay.dts
patching file arch/arm/boot/dts/overlays/waveshare-can-fd-hat-mode-a-overlay.dts
patching file arch/arm/boot/dts/overlays/waveshare-can-fd-hat-mode-b-overlay.dts
patching file arch/arm/boot/dts/overlays/wittypi-overlay.dts
patching file arch/arm/boot/dts/overlays/wm8960-soundcard-overlay.dts
patching file arch/arm64/boot/dts/Makefile
patching file arch/arm64/boot/dts/broadcom/Makefile
patching file arch/arm64/boot/dts/broadcom/bcm2710-rpi-2-b.dts
patching file arch/arm64/boot/dts/broadcom/bcm2710-rpi-3-b-plus.dts
patching file arch/arm64/boot/dts/broadcom/bcm2710-rpi-3-b.dts
patching file arch/arm64/boot/dts/broadcom/bcm2710-rpi-cm3.dts
patching file arch/arm64/boot/dts/broadcom/bcm2710-rpi-zero-2-w.dts
patching file arch/arm64/boot/dts/broadcom/bcm2710-rpi-zero-2.dts
patching file arch/arm64/boot/dts/broadcom/bcm2711-rpi-cm4.dts
patching file arch/arm64/boot/dts/broadcom/bcm2711-rpi-cm4s.dts
patching symbolic link arch/arm64/boot/dts/overlays
patching file include/dt-bindings/gpio/gpio-fsm.h
patching file scripts/Makefile.dtbinst
patching file scripts/Makefile.lib
Hunk #2 succeeded at 426 (offset 4 lines).

Applying /home/joseca/openmanet-firmware/target/linux/bcm27xx/patches-6.6/950-0042-clk-raspberrypi-Add-ISP-to-exported-clocks.patch using plaintext: 
patching file drivers/clk/bcm/clk-raspberrypi.c

Applying /home/joseca/openmanet-firmware/target/linux/bcm27xx/patches-6.6/950-0043-Register-the-clocks-early-during-the-boot-process-so.patch using plaintext: 
patching file drivers/clk/bcm/clk-bcm2835.c

Applying /home/joseca/openmanet-firmware/target/linux/bcm27xx/patches-6.6/950-0044-clk-bcm2835-Mark-used-PLLs-and-dividers-CRITICAL.patch using plaintext: 
patching file drivers/clk/bcm/clk-bcm2835.c

Applying /home/joseca/openmanet-firmware/target/linux/bcm27xx/patches-6.6/950-0045-clk-bcm2835-Add-claim-clocks-property.patch using plaintext: 
patching file drivers/clk/bcm/clk-bcm2835.c

Applying /home/joseca/openmanet-firmware/target/linux/bcm27xx/patches-6.6/950-0046-clk-bcm2835-Read-max-core-clock-from-firmware.patch using plaintext: 
patching file drivers/clk/bcm/clk-bcm2835.c

Applying /home/joseca/openmanet-firmware/target/linux/bcm27xx/patches-6.6/950-0047-clk-clk-bcm2835-Use-zd-when-printing-size_t.patch using plaintext: 
patching file drivers/clk/bcm/clk-bcm2835.c

Applying /home/joseca/openmanet-firmware/target/linux/bcm27xx/patches-6.6/950-0048-clk-bcm2835-Don-t-wait-for-pllh-lock.patch using plaintext: 
patching file drivers/clk/bcm/clk-bcm2835.c

Applying /home/joseca/openmanet-firmware/target/linux/bcm27xx/patches-6.6/950-0049-clk-bcm2835-Add-support-for-setting-leaf-clock-rates.patch using plaintext: 
patching file drivers/clk/bcm/clk-bcm2835.c

Applying /home/joseca/openmanet-firmware/target/linux/bcm27xx/patches-6.6/950-0050-clk-bcm2835-Allow-reparenting-leaf-clocks-while-they.patch using plaintext: 
patching file drivers/clk/bcm/clk-bcm2835.c

Applying /home/joseca/openmanet-firmware/target/linux/bcm27xx/patches-6.6/950-0051-clk-bcm2835-Avoid-null-pointer-exception.patch using plaintext: 
patching file drivers/clk/bcm/clk-bcm2835.c

Applying /home/joseca/openmanet-firmware/target/linux/bcm27xx/patches-6.6/950-0052-clk-bcm2835-Disable-v3d-clock.patch using plaintext: 
patching file drivers/clk/bcm/clk-bcm2835.c

Applying /home/joseca/openmanet-firmware/target/linux/bcm27xx/patches-6.6/950-0053-clk-bcm2835-Pass-DT-node-to-rpi_firmware_get.patch using plaintext: 
patching file drivers/clk/bcm/clk-bcm2835.c

Applying /home/joseca/openmanet-firmware/target/linux/bcm27xx/patches-6.6/950-0054-clk-bcm2835-Remove-VEC-clock-support.patch using plaintext: 
patching file drivers/clk/bcm/clk-bcm2835.c

Applying /home/joseca/openmanet-firmware/target/linux/bcm27xx/patches-6.6/950-0055-arm-partially-revert-702b94bff3c50542a6e4ab9a4f4cef0.patch using plaintext: 
patching file arch/arm/include/asm/cacheflush.h
patching file arch/arm/include/asm/glue-cache.h
patching file arch/arm/mm/proc-macros.S
patching file arch/arm/mm/proc-syms.c

Applying /home/joseca/openmanet-firmware/target/linux/bcm27xx/patches-6.6/950-0056-cache-export-clean-and-invalidate.patch using plaintext: 
patching file arch/arm/mm/cache-v6.S
patching file arch/arm/mm/cache-v7.S

Applying /home/joseca/openmanet-firmware/target/linux/bcm27xx/patches-6.6/950-0057-Revert-spi-spidev-Fix-CS-polarity-if-GPIO-descriptor.patch using plaintext: 
patching file drivers/spi/spidev.c

Applying /home/joseca/openmanet-firmware/target/linux/bcm27xx/patches-6.6/950-0059-Revert-Bluetooth-Always-request-for-user-confirmatio.patch using plaintext: 
patching file net/bluetooth/smp.c

Applying /home/joseca/openmanet-firmware/target/linux/bcm27xx/patches-6.6/950-0060-Revert-net-bcmgenet-Request-APD-DLL-disable-and-IDDQ.patch using plaintext: 
patching file drivers/net/ethernet/broadcom/genet/bcmmii.c

Applying /home/joseca/openmanet-firmware/target/linux/bcm27xx/patches-6.6/950-0061-Revert-Revert-xhci-add-quirk-for-host-controllers-th.patch using plaintext: 
patching file drivers/usb/host/xhci-pci.c
patching file drivers/usb/host/xhci-ring.c

Applying /home/joseca/openmanet-firmware/target/linux/bcm27xx/patches-6.6/950-0065-cgroup-Disable-cgroup-memory-by-default.patch using plaintext: 
patching file kernel/cgroup/cgroup.c

Applying /home/joseca/openmanet-firmware/target/linux/bcm27xx/patches-6.6/950-0066-Protect-__release_resource-against-resources-without.patch using plaintext: 
patching file kernel/resource.c

Applying /home/joseca/openmanet-firmware/target/linux/bcm27xx/patches-6.6/950-0067-irq-bcm2836-Avoid-Invalid-trigger-warning.patch using plaintext: 
patching file drivers/irqchip/irq-bcm2836.c

Applying /home/joseca/openmanet-firmware/target/linux/bcm27xx/patches-6.6/950-0068-irqchip-bcm2835-Add-FIQ-support.patch using plaintext: 
patching file arch/arm/mach-bcm/Kconfig
patching file drivers/irqchip/irq-bcm2835.c

Applying /home/joseca/openmanet-firmware/target/linux/bcm27xx/patches-6.6/950-0069-irqchip-irq-bcm2835-Add-2836-FIQ-support.patch using plaintext: 
patching file drivers/irqchip/irq-bcm2835.c

Applying /home/joseca/openmanet-firmware/target/linux/bcm27xx/patches-6.6/950-0070-spi-spidev-Completely-disable-the-spidev-warning.patch using plaintext: 
patching file drivers/spi/spidev.c

Applying /home/joseca/openmanet-firmware/target/linux/bcm27xx/patches-6.6/950-0071-dmaengine-bcm2835-Load-driver-early-and-support-lega.patch using plaintext: 
patching file drivers/dma/Kconfig
patching file drivers/dma/bcm2835-dma.c

Applying /home/joseca/openmanet-firmware/target/linux/bcm27xx/patches-6.6/950-0072-rtc-Add-SPI-alias-for-pcf2123-driver.patch using plaintext: 
patching file drivers/rtc/rtc-pcf2123.c

Applying /home/joseca/openmanet-firmware/target/linux/bcm27xx/patches-6.6/950-0073-watchdog-bcm2835-Support-setting-reboot-partition.patch using plaintext: 
patching file drivers/watchdog/bcm2835_wdt.c

Applying /home/joseca/openmanet-firmware/target/linux/bcm27xx/patches-6.6/950-0074-reboot-Use-power-off-rather-than-busy-spinning-when-.patch using plaintext: 
patching file arch/arm/kernel/reboot.c
patching file arch/arm64/kernel/process.c

Applying /home/joseca/openmanet-firmware/target/linux/bcm27xx/patches-6.6/950-0075-bcm-Make-RASPBERRYPI_POWER-depend-on-PM.patch using plaintext: 
patching file drivers/soc/bcm/Kconfig

Applying /home/joseca/openmanet-firmware/target/linux/bcm27xx/patches-6.6/950-0076-bcm2835-rng-Avoid-initialising-if-already-enabled.patch using plaintext: 
patching file drivers/char/hw_random/bcm2835-rng.c

Applying /home/joseca/openmanet-firmware/target/linux/bcm27xx/patches-6.6/950-0077-sound-Demote-deferral-errors-to-INFO-level.patch using plaintext: 
patching file sound/soc/soc-core.c

Applying /home/joseca/openmanet-firmware/target/linux/bcm27xx/patches-6.6/950-0078-Update-vfpmodule.c.patch using plaintext: 
patching file arch/arm/vfp/vfpmodule.c

Applying /home/joseca/openmanet-firmware/target/linux/bcm27xx/patches-6.6/950-0079-i2c-bcm2835-Add-debug-support.patch using plaintext: 
patching file drivers/i2c/busses/i2c-bcm2835.c

Applying /home/joseca/openmanet-firmware/target/linux/bcm27xx/patches-6.6/950-0080-irqchip-irq-bcm2836-Remove-regmap-and-syscon-use.patch using plaintext: 
patching file drivers/irqchip/irq-bcm2835.c
patching file drivers/irqchip/irq-bcm2836.c

Applying /home/joseca/openmanet-firmware/target/linux/bcm27xx/patches-6.6/950-0081-lan78xx-Enable-LEDs-and-auto-negotiation.patch using plaintext: 
patching file drivers/net/usb/lan78xx.c

Applying /home/joseca/openmanet-firmware/target/linux/bcm27xx/patches-6.6/950-0082-amba_pl011-Insert-mb-for-correct-FIFO-handling.patch using plaintext: 
patching file drivers/tty/serial/amba-pl011.c

Applying /home/joseca/openmanet-firmware/target/linux/bcm27xx/patches-6.6/950-0083-amba_pl011-Add-cts-event-workaround-DT-property.patch using plaintext: 
patching file Documentation/devicetree/bindings/serial/pl011.yaml
patching file drivers/tty/serial/amba-pl011.c

Applying /home/joseca/openmanet-firmware/target/linux/bcm27xx/patches-6.6/950-0084-tty-amba-pl011-Avoid-rare-write-when-full-error.patch using plaintext: 
patching file drivers/tty/serial/amba-pl011.c

Applying /home/joseca/openmanet-firmware/target/linux/bcm27xx/patches-6.6/950-0086-Main-bcm2708-bcm2709-linux-port.patch using plaintext: 
patching file arch/arm/mach-bcm/Kconfig
patching file arch/arm/mm/proc-v6.S
patching file drivers/irqchip/irq-bcm2835.c
patching file drivers/mailbox/bcm2835-mailbox.c

Applying /home/joseca/openmanet-firmware/target/linux/bcm27xx/patches-6.6/950-0087-Add-dwc_otg-driver.patch using plaintext: 
patching file arch/arm/include/asm/irqflags.h
patching file arch/arm/kernel/fiqasm.S
patching file drivers/usb/Makefile
patching file drivers/usb/core/generic.c
patching file drivers/usb/core/hub.c
patching file drivers/usb/core/message.c
patching file drivers/usb/core/otg_productlist.h
patching file drivers/usb/gadget/file_storage.c
patching file drivers/usb/host/Kconfig
patching file drivers/usb/host/Makefile
patching file drivers/usb/host/dwc_common_port/Makefile
patching file drivers/usb/host/dwc_common_port/Makefile.fbsd
patching file drivers/usb/host/dwc_common_port/Makefile.linux
patching file drivers/usb/host/dwc_common_port/changes.txt
patching file drivers/usb/host/dwc_common_port/doc/doxygen.cfg
patching file drivers/usb/host/dwc_common_port/dwc_cc.c
patching file drivers/usb/host/dwc_common_port/dwc_cc.h
patching file drivers/usb/host/dwc_common_port/dwc_common_fbsd.c
patching file drivers/usb/host/dwc_common_port/dwc_common_linux.c
patching file drivers/usb/host/dwc_common_port/dwc_common_nbsd.c
patching file drivers/usb/host/dwc_common_port/dwc_crypto.c
patching file drivers/usb/host/dwc_common_port/dwc_crypto.h
patching file drivers/usb/host/dwc_common_port/dwc_dh.c
patching file drivers/usb/host/dwc_common_port/dwc_dh.h
patching file drivers/usb/host/dwc_common_port/dwc_list.h
patching file drivers/usb/host/dwc_common_port/dwc_mem.c
patching file drivers/usb/host/dwc_common_port/dwc_modpow.c
patching file drivers/usb/host/dwc_common_port/dwc_modpow.h
patching file drivers/usb/host/dwc_common_port/dwc_notifier.c
patching file drivers/usb/host/dwc_common_port/dwc_notifier.h
patching file drivers/usb/host/dwc_common_port/dwc_os.h
patching file drivers/usb/host/dwc_common_port/usb.h
patching file drivers/usb/host/dwc_otg/Makefile
patching file drivers/usb/host/dwc_otg/doc/doxygen.cfg
patching file drivers/usb/host/dwc_otg/dummy_audio.c
patching file drivers/usb/host/dwc_otg/dwc_cfi_common.h
patching file drivers/usb/host/dwc_otg/dwc_otg_adp.c
patching file drivers/usb/host/dwc_otg/dwc_otg_adp.h
patching file drivers/usb/host/dwc_otg/dwc_otg_attr.c
patching file drivers/usb/host/dwc_otg/dwc_otg_attr.h
patching file drivers/usb/host/dwc_otg/dwc_otg_cfi.c
patching file drivers/usb/host/dwc_otg/dwc_otg_cfi.h
patching file drivers/usb/host/dwc_otg/dwc_otg_cil.c
patching file drivers/usb/host/dwc_otg/dwc_otg_cil.h
patching file drivers/usb/host/dwc_otg/dwc_otg_cil_intr.c
patching file drivers/usb/host/dwc_otg/dwc_otg_core_if.h
patching file drivers/usb/host/dwc_otg/dwc_otg_dbg.h
patching file drivers/usb/host/dwc_otg/dwc_otg_driver.c
patching file drivers/usb/host/dwc_otg/dwc_otg_driver.h
patching file drivers/usb/host/dwc_otg/dwc_otg_fiq_fsm.c
patching file drivers/usb/host/dwc_otg/dwc_otg_fiq_fsm.h
patching file drivers/usb/host/dwc_otg/dwc_otg_fiq_stub.S
patching file drivers/usb/host/dwc_otg/dwc_otg_hcd.c
patching file drivers/usb/host/dwc_otg/dwc_otg_hcd.h
patching file drivers/usb/host/dwc_otg/dwc_otg_hcd_ddma.c
patching file drivers/usb/host/dwc_otg/dwc_otg_hcd_if.h
patching file drivers/usb/host/dwc_otg/dwc_otg_hcd_intr.c
patching file drivers/usb/host/dwc_otg/dwc_otg_hcd_linux.c
patching file drivers/usb/host/dwc_otg/dwc_otg_hcd_queue.c
patching file drivers/usb/host/dwc_otg/dwc_otg_os_dep.h
patching file drivers/usb/host/dwc_otg/dwc_otg_pcd.c
patching file drivers/usb/host/dwc_otg/dwc_otg_pcd.h
patching file drivers/usb/host/dwc_otg/dwc_otg_pcd_if.h
patching file drivers/usb/host/dwc_otg/dwc_otg_pcd_intr.c
patching file drivers/usb/host/dwc_otg/dwc_otg_pcd_linux.c
patching file drivers/usb/host/dwc_otg/dwc_otg_regs.h
patching file drivers/usb/host/dwc_otg/test/Makefile
patching file drivers/usb/host/dwc_otg/test/dwc_otg_test.pm
patching file drivers/usb/host/dwc_otg/test/test_mod_param.pl
patching file drivers/usb/host/dwc_otg/test/test_sysfs.pl

Applying /home/joseca/openmanet-firmware/target/linux/bcm27xx/patches-6.6/950-0088-bcm2708-framebuffer-driver.patch using plaintext: 
patching file drivers/video/fbdev/Kconfig
patching file drivers/video/fbdev/Makefile
patching file drivers/video/fbdev/bcm2708_fb.c
patching file drivers/video/logo/logo_linux_clut224.ppm

Applying /home/joseca/openmanet-firmware/target/linux/bcm27xx/patches-6.6/950-0089-Pulled-in-the-multi-frame-buffer-support-from-the-Pi.patch using plaintext: 
patching file drivers/video/fbdev/bcm2708_fb.c

Applying /home/joseca/openmanet-firmware/target/linux/bcm27xx/patches-6.6/950-0090-fbdev-add-FBIOCOPYAREA-ioctl.patch using plaintext: 
patching file drivers/video/fbdev/bcm2708_fb.c
patching file drivers/video/fbdev/core/fb_chrdev.c
patching file include/uapi/linux/fb.h

Applying /home/joseca/openmanet-firmware/target/linux/bcm27xx/patches-6.6/950-0091-dmaengine-Add-support-for-BCM2708.patch using plaintext: 
patching file drivers/dma/Kconfig
patching file drivers/dma/Makefile
patching file drivers/dma/bcm2708-dmaengine.c
patching file include/linux/platform_data/dma-bcm2708.h

Applying /home/joseca/openmanet-firmware/target/linux/bcm27xx/patches-6.6/950-0092-MMC-added-alternative-MMC-driver.patch using plaintext: 
patching file drivers/mmc/core/block.c
patching file drivers/mmc/core/core.c
patching file drivers/mmc/core/quirks.h
patching file drivers/mmc/host/Kconfig
patching file drivers/mmc/host/Makefile
patching file drivers/mmc/host/bcm2835-mmc.c
patching file drivers/mmc/host/sdhci-iproc.c
patching file drivers/mmc/host/sdhci.c
patching file include/linux/mmc/card.h

Applying /home/joseca/openmanet-firmware/target/linux/bcm27xx/patches-6.6/950-0093-mmc-block-Don-t-do-single-sector-reads-during-recove.patch using plaintext: 
patching file drivers/mmc/core/block.c

Applying /home/joseca/openmanet-firmware/target/linux/bcm27xx/patches-6.6/950-0094-Adding-bcm2835-sdhost-driver-and-an-overlay-to-enabl.patch using plaintext: 
patching file drivers/mmc/host/Kconfig
patching file drivers/mmc/host/Makefile
patching file drivers/mmc/host/bcm2835-sdhost.c

Applying /home/joseca/openmanet-firmware/target/linux/bcm27xx/patches-6.6/950-0095-vc_mem-Add-vc_mem-driver-for-querying-firmware-memor.patch using plaintext: 
patching file drivers/char/broadcom/Kconfig
patching file drivers/char/broadcom/Makefile
patching file drivers/char/broadcom/vc_mem.c
patching file include/linux/broadcom/vc_mem.h

Applying /home/joseca/openmanet-firmware/target/linux/bcm27xx/patches-6.6/950-0096-Add-dev-gpiomem-device-for-rootless-user-GPIO-access.patch using plaintext: 
patching file drivers/char/broadcom/Kconfig
patching file drivers/char/broadcom/Makefile
patching file drivers/char/broadcom/bcm2835-gpiomem.c

Applying /home/joseca/openmanet-firmware/target/linux/bcm27xx/patches-6.6/950-0097-Add-SMI-driver.patch using plaintext: 
patching file Documentation/devicetree/bindings/misc/brcm,bcm2835-smi-dev.txt
patching file Documentation/devicetree/bindings/misc/brcm,bcm2835-smi.txt
patching file drivers/char/broadcom/Kconfig
patching file drivers/char/broadcom/Makefile
patching file drivers/char/broadcom/bcm2835_smi_dev.c
patching file drivers/misc/Kconfig
patching file drivers/misc/Makefile
patching file drivers/misc/bcm2835_smi.c
patching file include/linux/broadcom/bcm2835_smi.h

Applying /home/joseca/openmanet-firmware/target/linux/bcm27xx/patches-6.6/950-0098-Add-Chris-Boot-s-i2c-driver.patch using plaintext: 
patching file drivers/i2c/busses/Kconfig
patching file drivers/i2c/busses/Makefile
patching file drivers/i2c/busses/i2c-bcm2708.c

Applying /home/joseca/openmanet-firmware/target/linux/bcm27xx/patches-6.6/950-0099-char-broadcom-Add-vcio-module.patch using plaintext: 
patching file drivers/char/broadcom/Kconfig
patching file drivers/char/broadcom/Makefile
patching file drivers/char/broadcom/vcio.c

Applying /home/joseca/openmanet-firmware/target/linux/bcm27xx/patches-6.6/950-0100-firmware-bcm2835-Support-ARCH_BCM270x.patch using plaintext: 
patching file drivers/firmware/raspberrypi.c

Applying /home/joseca/openmanet-firmware/target/linux/bcm27xx/patches-6.6/950-0101-leds-Add-the-input-trigger-for-pwr_led.patch using plaintext: 
patching file drivers/leds/leds-gpio.c
patching file drivers/leds/trigger/Kconfig
patching file drivers/leds/trigger/Makefile
patching file drivers/leds/trigger/ledtrig-input.c
patching file include/linux/leds.h

Applying /home/joseca/openmanet-firmware/target/linux/bcm27xx/patches-6.6/950-0102-Added-Device-IDs-for-August-DVB-T-205.patch using plaintext: 
patching file drivers/media/usb/dvb-usb-v2/rtl28xxu.c

Applying /home/joseca/openmanet-firmware/target/linux/bcm27xx/patches-6.6/950-0103-Improve-__copy_to_user-and-__copy_from_user-performa.patch using plaintext: 
patching file arch/arm/include/asm/string.h
patching file arch/arm/include/asm/uaccess.h
patching file arch/arm/lib/Makefile
patching file arch/arm/lib/arm-mem.h
patching file arch/arm/lib/copy_from_user.S
patching file arch/arm/lib/exports_rpi.c
patching file arch/arm/lib/memcmp_rpi.S
patching file arch/arm/lib/memcpy_rpi.S
patching file arch/arm/lib/memcpymove.h
patching file arch/arm/lib/memmove_rpi.S
patching file arch/arm/lib/memset_rpi.S
patching file arch/arm/lib/uaccess_with_memcpy.c
patching file arch/arm/mach-bcm/Kconfig

Applying /home/joseca/openmanet-firmware/target/linux/bcm27xx/patches-6.6/950-0104-gpio-poweroff-Allow-it-to-work-on-Raspberry-Pi.patch using plaintext: 
patching file drivers/power/reset/gpio-poweroff.c

Applying /home/joseca/openmanet-firmware/target/linux/bcm27xx/patches-6.6/950-0105-mfd-Add-Raspberry-Pi-Sense-HAT-core-driver.patch using plaintext: 
patching file drivers/input/joystick/Kconfig
patching file drivers/input/joystick/Makefile
patching file drivers/input/joystick/rpisense-js.c
patching file drivers/mfd/Kconfig
patching file drivers/mfd/Makefile
patching file drivers/mfd/rpisense-core.c
patching file drivers/video/fbdev/Kconfig
patching file drivers/video/fbdev/Makefile
patching file drivers/video/fbdev/rpisense-fb.c
patching file include/linux/mfd/rpisense/core.h
patching file include/linux/mfd/rpisense/framebuffer.h
patching file include/linux/mfd/rpisense/joystick.h

Applying /home/joseca/openmanet-firmware/target/linux/bcm27xx/patches-6.6/950-0106-Add-support-for-all-the-downstream-rpi-sound-card-dr.patch using plaintext: 
patching file Documentation/devicetree/bindings/vendor-prefixes.txt
patching file Documentation/devicetree/bindings/vendor-prefixes.yaml
patching file drivers/clk/Kconfig
patching file drivers/clk/Makefile
patching file drivers/clk/clk-hifiberry-dachd.c
patching file drivers/clk/clk-hifiberry-dacpro.c
patching file sound/soc/bcm/Kconfig
patching file sound/soc/bcm/Makefile
patching file sound/soc/bcm/allo-boss-dac.c
patching file sound/soc/bcm/allo-boss2-dac.c
patching file sound/soc/bcm/allo-katana-codec.c
patching file sound/soc/bcm/allo-piano-dac-plus.c
patching file sound/soc/bcm/allo-piano-dac.c
patching file sound/soc/bcm/audioinjector-isolated-soundcard.c
patching file sound/soc/bcm/audioinjector-octo-soundcard.c
patching file sound/soc/bcm/audioinjector-pi-soundcard.c
patching file sound/soc/bcm/audiosense-pi.c
patching file sound/soc/bcm/bcm2835-i2s.c
patching file sound/soc/bcm/chipdip-dac.c
patching file sound/soc/bcm/dacberry400.c
patching file sound/soc/bcm/digidac1-soundcard.c
patching file sound/soc/bcm/dionaudio_loco-v2.c
patching file sound/soc/bcm/dionaudio_loco.c
patching file sound/soc/bcm/fe-pi-audio.c
patching file sound/soc/bcm/googlevoicehat-codec.c
patching file sound/soc/bcm/hifiberry_dacplus.c
patching file sound/soc/bcm/hifiberry_dacplusadc.c
patching file sound/soc/bcm/hifiberry_dacplusadcpro.c
patching file sound/soc/bcm/hifiberry_dacplusdsp.c
patching file sound/soc/bcm/hifiberry_dacplushd.c
patching file sound/soc/bcm/i-sabre-q2m.c
patching file sound/soc/bcm/iqaudio-codec.c
patching file sound/soc/bcm/iqaudio-dac.c
patching file sound/soc/bcm/justboom-both.c
patching file sound/soc/bcm/justboom-dac.c
patching file sound/soc/bcm/pifi-40.c
patching file sound/soc/bcm/pisound.c
patching file sound/soc/bcm/rpi-cirrus.c
patching file sound/soc/bcm/rpi-proto.c
patching file sound/soc/bcm/rpi-simple-soundcard.c
patching file sound/soc/bcm/rpi-wm8804-soundcard.c
patching file sound/soc/codecs/Kconfig
patching file sound/soc/codecs/Makefile
patching file sound/soc/codecs/adau1977-i2c.c
patching file sound/soc/codecs/cs42xx8-i2c.c
patching file sound/soc/codecs/cs42xx8.c
patching file sound/soc/codecs/i-sabre-codec.c
patching file sound/soc/codecs/i-sabre-codec.h
patching file sound/soc/codecs/ma120x0p.c
patching file sound/soc/codecs/pcm1794a.c
patching file sound/soc/codecs/pcm512x.c
patching file sound/soc/codecs/tas5713.c
patching file sound/soc/codecs/tas5713.h
patching file sound/soc/soc-core.c
patching file sound/usb/card.c
patching file sound/usb/quirks.c

Applying /home/joseca/openmanet-firmware/target/linux/bcm27xx/patches-6.6/950-0107-rpi_display-add-backlight-driver-and-overlay.patch using plaintext: 
patching file drivers/video/backlight/Kconfig
patching file drivers/video/backlight/Makefile
patching file drivers/video/backlight/rpi_backlight.c

Applying /home/joseca/openmanet-firmware/target/linux/bcm27xx/patches-6.6/950-0108-bcm2835-virtgpio-Virtual-GPIO-driver.patch using plaintext: 
patching file drivers/gpio/Kconfig
patching file drivers/gpio/Makefile
patching file drivers/gpio/gpio-bcm-virt.c

Applying /home/joseca/openmanet-firmware/target/linux/bcm27xx/patches-6.6/950-0109-OF-DT-Overlay-configfs-interface.patch using plaintext: 
patching file Documentation/devicetree/configfs-overlays.txt
patching file drivers/of/Kconfig
patching file drivers/of/Makefile
patching file drivers/of/configfs.c

Applying /home/joseca/openmanet-firmware/target/linux/bcm27xx/patches-6.6/950-0111-hci_h5-Don-t-send-conf_req-when-ACTIVE.patch using plaintext: 
patching file drivers/bluetooth/hci_h5.c

Applying /home/joseca/openmanet-firmware/target/linux/bcm27xx/patches-6.6/950-0112-ARM64-Round-Robin-dispatch-IRQs-between-CPUs.patch using plaintext: 
patching file drivers/irqchip/irq-bcm2835.c
patching file drivers/irqchip/irq-bcm2836.c

Applying /home/joseca/openmanet-firmware/target/linux/bcm27xx/patches-6.6/950-0113-ARM64-Force-hardware-emulation-of-deprecated-instruc.patch using plaintext: 
patching file arch/arm64/kernel/armv8_deprecated.c

Applying /home/joseca/openmanet-firmware/target/linux/bcm27xx/patches-6.6/950-0114-AXI-performance-monitor-driver-2222.patch using plaintext: 
patching file drivers/perf/Kconfig
patching file drivers/perf/Makefile
patching file drivers/perf/raspberrypi_axi_monitor.c

Applying /home/joseca/openmanet-firmware/target/linux/bcm27xx/patches-6.6/950-0115-ARM-bcm2835-Set-Serial-number-and-Revision.patch using plaintext: 
patching file arch/arm/mach-bcm/board_bcm2835.c

Applying /home/joseca/openmanet-firmware/target/linux/bcm27xx/patches-6.6/950-0116-dwc-otg-FIQ-Fix-bad-mode-in-data-abort-handler.patch using plaintext: 
patching file arch/arm/mach-bcm/board_bcm2835.c

Applying /home/joseca/openmanet-firmware/target/linux/bcm27xx/patches-6.6/950-0117-ARM-Activate-FIQs-to-avoid-__irq_startup-warnings.patch using plaintext: 
patching file arch/arm/kernel/fiq.c

Applying /home/joseca/openmanet-firmware/target/linux/bcm27xx/patches-6.6/950-0118-i2c-gpio-Also-set-bus-numbers-from-reg-property.patch using plaintext: 
patching file drivers/i2c/busses/i2c-gpio.c

Applying /home/joseca/openmanet-firmware/target/linux/bcm27xx/patches-6.6/950-0119-added-capture_clear-option-to-pps-gpio-via-dtoverlay.patch using plaintext: 
patching file drivers/pps/clients/pps-gpio.c

Applying /home/joseca/openmanet-firmware/target/linux/bcm27xx/patches-6.6/950-0120-lan78xx-Read-initial-EEE-status-from-DT.patch using plaintext: 
patching file drivers/net/usb/lan78xx.c

Applying /home/joseca/openmanet-firmware/target/linux/bcm27xx/patches-6.6/950-0121-hid-Reduce-default-mouse-polling-interval-to-60Hz.patch using plaintext: 
patching file drivers/hid/usbhid/hid-core.c

Applying /home/joseca/openmanet-firmware/target/linux/bcm27xx/patches-6.6/950-0122-Add-ability-to-export-gpio-used-by-gpio-poweroff.patch using plaintext: 
patching file Documentation/devicetree/bindings/power/reset/gpio-poweroff.txt
patching file drivers/power/reset/gpio-poweroff.c

Applying /home/joseca/openmanet-firmware/target/linux/bcm27xx/patches-6.6/950-0123-firmware-raspberrypi-Notify-firmware-of-a-reboot.patch using plaintext: 
patching file drivers/firmware/raspberrypi.c

Applying /home/joseca/openmanet-firmware/target/linux/bcm27xx/patches-6.6/950-0124-irqchip-irq-bcm2835-Calc.-FIQ_START-at-boot-time.patch using plaintext: 
patching file drivers/irqchip/irq-bcm2835.c

Applying /home/joseca/openmanet-firmware/target/linux/bcm27xx/patches-6.6/950-0125-net-lan78xx-Disable-TCP-Segmentation-Offload-TSO.patch using plaintext: 
patching file drivers/net/usb/lan78xx.c

Applying /home/joseca/openmanet-firmware/target/linux/bcm27xx/patches-6.6/950-0127-lan78xx-Move-enabling-of-EEE-into-PHY-init-code.patch using plaintext: 
patching file drivers/net/usb/lan78xx.c

Applying /home/joseca/openmanet-firmware/target/linux/bcm27xx/patches-6.6/950-0128-cxd2880-CXD2880_SPI_DRV-should-select-DVB_CXD2880-wi.patch using plaintext: 
patching file drivers/media/spi/Kconfig

Applying /home/joseca/openmanet-firmware/target/linux/bcm27xx/patches-6.6/950-0129-firmware-raspberrypi-Add-backward-compatible-get_thr.patch using plaintext: 
patching file drivers/firmware/raspberrypi.c

Applying /home/joseca/openmanet-firmware/target/linux/bcm27xx/patches-6.6/950-0130-serial-sc16is7xx-Don-t-spin-if-no-data-received.patch using plaintext: 
patching file drivers/tty/serial/sc16is7xx.c

Applying /home/joseca/openmanet-firmware/target/linux/bcm27xx/patches-6.6/950-0131-net-lan78xx-Support-auto-downshift-to-100Mb-s.patch using plaintext: 
patching file Documentation/devicetree/bindings/net/microchip,lan78xx.txt
patching file drivers/net/phy/microchip.c
patching file include/linux/microchipphy.h

Applying /home/joseca/openmanet-firmware/target/linux/bcm27xx/patches-6.6/950-0132-firmware-raspberrypi-Report-the-fw-variant-during-pr.patch using plaintext: 
patching file drivers/firmware/raspberrypi.c

Applying /home/joseca/openmanet-firmware/target/linux/bcm27xx/patches-6.6/950-0133-lan78xx-Debounce-link-events-to-minimize-poll-storm.patch using plaintext: 
patching file drivers/net/usb/lan78xx.c

Applying /home/joseca/openmanet-firmware/target/linux/bcm27xx/patches-6.6/950-0134-lan78xx-EEE-support-is-now-a-PHY-property.patch using plaintext: 
patching file drivers/net/usb/lan78xx.c

Applying /home/joseca/openmanet-firmware/target/linux/bcm27xx/patches-6.6/950-0135-media-tc358743-Increase-FIFO-level-to-374.patch using plaintext: 
patching file drivers/media/i2c/tc358743.c

Applying /home/joseca/openmanet-firmware/target/linux/bcm27xx/patches-6.6/950-0136-media-tc358743-Add-support-for-972Mbit-s-link-freq.patch using plaintext: 
patching file drivers/media/i2c/tc358743.c

Applying /home/joseca/openmanet-firmware/target/linux/bcm27xx/patches-6.6/950-0137-media-tc358743-Check-I2C-succeeded-during-probe.patch using plaintext: 
patching file drivers/media/i2c/tc358743.c

Applying /home/joseca/openmanet-firmware/target/linux/bcm27xx/patches-6.6/950-0138-media-adv7180-Default-to-the-first-valid-input.patch using plaintext: 
patching file drivers/media/i2c/adv7180.c

Applying /home/joseca/openmanet-firmware/target/linux/bcm27xx/patches-6.6/950-0139-media-adv7180-Add-YPrPb-support-for-ADV7282M.patch using plaintext: 
patching file drivers/media/i2c/adv7180.c

Applying /home/joseca/openmanet-firmware/target/linux/bcm27xx/patches-6.6/950-0140-media-videodev2-Add-helper-defines-for-printing-FOUR.patch using plaintext: 
patching file include/uapi/linux/videodev2.h

Applying /home/joseca/openmanet-firmware/target/linux/bcm27xx/patches-6.6/950-0141-dt-bindings-Document-BCM283x-CSI2-CCP2-receiver.patch using plaintext: 
patching file Documentation/devicetree/bindings/media/bcm2835-unicam.txt

Applying /home/joseca/openmanet-firmware/target/linux/bcm27xx/patches-6.6/950-0142-MAINTAINERS-Add-entry-for-BCM2835-Unicam-driver.patch using plaintext: 
patching file MAINTAINERS

Applying /home/joseca/openmanet-firmware/target/linux/bcm27xx/patches-6.6/950-0143-media-tc358743-Return-an-appropriate-colorspace-from.patch using plaintext: 
patching file drivers/media/i2c/tc358743.c

Applying /home/joseca/openmanet-firmware/target/linux/bcm27xx/patches-6.6/950-0144-staging-mmal-vchiq-Avoid-use-of-bool-in-structures.patch using plaintext: 
patching file drivers/staging/vc04_services/vchiq-mmal/mmal-vchiq.c

Applying /home/joseca/openmanet-firmware/target/linux/bcm27xx/patches-6.6/950-0145-staging-mmal-vchiq-Add-support-for-event-callbacks.patch using plaintext: 
patching file drivers/staging/vc04_services/vchiq-mmal/mmal-common.h
patching file drivers/staging/vc04_services/vchiq-mmal/mmal-msg.h
patching file drivers/staging/vc04_services/vchiq-mmal/mmal-vchiq.c
patching file drivers/staging/vc04_services/vchiq-mmal/mmal-vchiq.h

Applying /home/joseca/openmanet-firmware/target/linux/bcm27xx/patches-6.6/950-0146-staging-vc04_services-Support-sending-data-to-MMAL-p.patch using plaintext: 
patching file drivers/staging/vc04_services/vchiq-mmal/mmal-vchiq.c

Applying /home/joseca/openmanet-firmware/target/linux/bcm27xx/patches-6.6/950-0147-media-videobuf2-Allow-exporting-of-a-struct-dmabuf.patch using plaintext: 
patching file drivers/media/common/videobuf2/videobuf2-core.c
patching file include/media/videobuf2-core.h

Applying /home/joseca/openmanet-firmware/target/linux/bcm27xx/patches-6.6/950-0148-staging-mmal-vchiq-Fix-client_component-for-64-bit-k.patch using plaintext: 
patching file drivers/staging/vc04_services/vchiq-mmal/mmal-vchiq.c

Applying /home/joseca/openmanet-firmware/target/linux/bcm27xx/patches-6.6/950-0149-staging-mmal_vchiq-Add-in-the-Bayer-encoding-formats.patch using plaintext: 
patching file drivers/staging/vc04_services/vchiq-mmal/mmal-encodings.h

Applying /home/joseca/openmanet-firmware/target/linux/bcm27xx/patches-6.6/950-0150-staging-mmal-vchiq-Update-mmal_parameters.h-with-rec.patch using plaintext: 
patching file drivers/staging/vc04_services/vchiq-mmal/mmal-parameters.h

Applying /home/joseca/openmanet-firmware/target/linux/bcm27xx/patches-6.6/950-0151-staging-mmal-vchiq-Free-the-event-context-for-contro.patch using plaintext: 
patching file drivers/staging/vc04_services/vchiq-mmal/mmal-vchiq.c

Applying /home/joseca/openmanet-firmware/target/linux/bcm27xx/patches-6.6/950-0152-staging-mmal-vchiq-Fix-memory-leak-in-error-path.patch using plaintext: 
patching file drivers/staging/vc04_services/vchiq-mmal/mmal-vchiq.c

Applying /home/joseca/openmanet-firmware/target/linux/bcm27xx/patches-6.6/950-0153-w1-w1-gpio-Make-GPIO-an-output-for-strong-pullup.patch using plaintext: 
patching file drivers/w1/masters/w1-gpio.c

Applying /home/joseca/openmanet-firmware/target/linux/bcm27xx/patches-6.6/950-0154-arm-bcm2835-Fix-FIQ-early-ioremap.patch using plaintext: 
patching file arch/arm/mach-bcm/board_bcm2835.c

Applying /home/joseca/openmanet-firmware/target/linux/bcm27xx/patches-6.6/950-0155-arm-bcm2835-DMA-can-only-address-1GB.patch using plaintext: 
patching file arch/arm/mach-bcm/board_bcm2835.c

Applying /home/joseca/openmanet-firmware/target/linux/bcm27xx/patches-6.6/950-0156-hwrng-iproc-rng200-Add-BCM2838-support.patch using plaintext: 
patching file drivers/char/hw_random/Kconfig
patching file drivers/char/hw_random/iproc-rng200.c

Applying /home/joseca/openmanet-firmware/target/linux/bcm27xx/patches-6.6/950-0157-bcmgenet-constrain-max-DMA-burst-length.patch using plaintext: 
patching file drivers/net/ethernet/broadcom/genet/bcmgenet.h

Applying /home/joseca/openmanet-firmware/target/linux/bcm27xx/patches-6.6/950-0158-bcmgenet-Better-coalescing-parameter-defaults.patch using plaintext: 
patching file drivers/net/ethernet/broadcom/genet/bcmgenet.c

Applying /home/joseca/openmanet-firmware/target/linux/bcm27xx/patches-6.6/950-0159-net-genet-enable-link-energy-detect-powerdown-for-ex.patch using plaintext: 
patching file drivers/net/ethernet/broadcom/genet/bcmmii.c

Applying /home/joseca/openmanet-firmware/target/linux/bcm27xx/patches-6.6/950-0161-xhci-implement-xhci_fixup_endpoint-for-interval-adju.patch using plaintext: 
patching file drivers/usb/host/xhci.c

Applying /home/joseca/openmanet-firmware/target/linux/bcm27xx/patches-6.6/950-0162-usb-xhci-workaround-for-bogus-SET_DEQ_PENDING-endpoi.patch using plaintext: 
patching file drivers/usb/host/xhci-ring.c

Applying /home/joseca/openmanet-firmware/target/linux/bcm27xx/patches-6.6/950-0163-usb-xhci-drop-and-add-the-endpoint-context-in-xhci_f.patch using plaintext: 
patching file drivers/usb/host/xhci.c

Applying /home/joseca/openmanet-firmware/target/linux/bcm27xx/patches-6.6/950-0164-usbhid-call-usb_fixup_endpoint-after-mangling-interv.patch using plaintext: 
patching file drivers/hid/usbhid/hid-core.c

Applying /home/joseca/openmanet-firmware/target/linux/bcm27xx/patches-6.6/950-0165-arm-bcm2835-Add-bcm2838-compatible-string.patch using plaintext: 
patching file arch/arm/mach-bcm/board_bcm2835.c

Applying /home/joseca/openmanet-firmware/target/linux/bcm27xx/patches-6.6/950-0166-i2c-bcm2835-Set-clock-stretch-timeout-to-35ms.patch using plaintext: 
patching file drivers/i2c/busses/i2c-bcm2835.c

Applying /home/joseca/openmanet-firmware/target/linux/bcm27xx/patches-6.6/950-0167-drm-v3d-Clock-V3D-down-when-not-in-use.patch using plaintext: 
patching file drivers/gpu/drm/v3d/v3d_drv.c
patching file drivers/gpu/drm/v3d/v3d_drv.h
patching file drivers/gpu/drm/v3d/v3d_gem.c

Applying /home/joseca/openmanet-firmware/target/linux/bcm27xx/patches-6.6/950-0169-hid-usb-Add-device-quirks-for-Freeway-Airmouse-T3-an.patch using plaintext: 
patching file drivers/hid/hid-ids.h
patching file drivers/hid/hid-quirks.c

Applying /home/joseca/openmanet-firmware/target/linux/bcm27xx/patches-6.6/950-0170-net-bcmgenet-Workaround-2-for-Pi4-Ethernet-fail.patch using plaintext: 
patching file drivers/net/ethernet/broadcom/genet/bcmgenet.c

Applying /home/joseca/openmanet-firmware/target/linux/bcm27xx/patches-6.6/950-0171-arch-arm-Add-model-string-to-cpuinfo.patch using plaintext: 
patching file arch/arm/kernel/setup.c

Applying /home/joseca/openmanet-firmware/target/linux/bcm27xx/patches-6.6/950-0172-arch-arm64-Add-Revision-Serial-Model-to-cpuinfo.patch using plaintext: 
patching file arch/arm64/kernel/cpuinfo.c

Applying /home/joseca/openmanet-firmware/target/linux/bcm27xx/patches-6.6/950-0173-media-i2c-imx477-Support-for-the-Sony-IMX477-sensor.patch using plaintext: 
patching file Documentation/devicetree/bindings/media/i2c/imx477.yaml
patching file MAINTAINERS
patching file drivers/media/i2c/Kconfig
patching file drivers/media/i2c/Makefile
patching file drivers/media/i2c/imx477.c

Applying /home/joseca/openmanet-firmware/target/linux/bcm27xx/patches-6.6/950-0174-media-i2c-imx519-Support-for-the-Sony-IMX519-sensor.patch using plaintext: 
patching file Documentation/devicetree/bindings/media/i2c/imx519.yaml
patching file MAINTAINERS
patching file drivers/media/i2c/Kconfig
patching file drivers/media/i2c/Makefile
patching file drivers/media/i2c/imx519.c

Applying /home/joseca/openmanet-firmware/target/linux/bcm27xx/patches-6.6/950-0175-Documentation-devicetree-Add-documentation-for-imx37.patch using plaintext: 
patching file Documentation/devicetree/bindings/media/i2c/imx378.yaml
patching file MAINTAINERS

Applying /home/joseca/openmanet-firmware/target/linux/bcm27xx/patches-6.6/950-0176-v4l2-Add-a-Greyworld-AWB-mode.patch using plaintext: 
patching file include/uapi/linux/v4l2-controls.h

Applying /home/joseca/openmanet-firmware/target/linux/bcm27xx/patches-6.6/950-0177-staging-bcm2835-camera-Add-greyworld-AWB-mode.patch using plaintext: 
patching file drivers/staging/vc04_services/bcm2835-camera/controls.c
patching file drivers/staging/vc04_services/vchiq-mmal/mmal-parameters.h

Applying /home/joseca/openmanet-firmware/target/linux/bcm27xx/patches-6.6/950-0178-media-v4l2-Add-Greyworld-AWB-control-name.patch using plaintext: 
patching file drivers/media/v4l2-core/v4l2-ctrls-defs.c

Applying /home/joseca/openmanet-firmware/target/linux/bcm27xx/patches-6.6/950-0179-staging-bcm2835-camera-Fix-the-cherry-pick-of-AWB-Gr.patch using plaintext: 
patching file drivers/staging/vc04_services/bcm2835-camera/controls.c

Applying /home/joseca/openmanet-firmware/target/linux/bcm27xx/patches-6.6/950-0180-ARM-bcm-Switch-board-clk-and-pinctrl-to-bcm2711-comp.patch using plaintext: 
patching file arch/arm/mach-bcm/board_bcm2835.c

Applying /home/joseca/openmanet-firmware/target/linux/bcm27xx/patches-6.6/950-0181-dt-bindings-Add-binding-for-the-Infineon-IRS1125-sen.patch using plaintext: 
patching file Documentation/devicetree/bindings/media/i2c/irs1125.txt

Applying /home/joseca/openmanet-firmware/target/linux/bcm27xx/patches-6.6/950-0182-media-i2c-Add-a-driver-for-the-Infineon-IRS1125-dept.patch using plaintext: 
patching file drivers/media/i2c/Kconfig
patching file drivers/media/i2c/Makefile
patching file drivers/media/i2c/irs1125.c
patching file drivers/media/i2c/irs1125.h

Applying /home/joseca/openmanet-firmware/target/linux/bcm27xx/patches-6.6/950-0183-drm-v3d-Suppress-all-but-the-first-MMU-error.patch using plaintext: 
patching file drivers/gpu/drm/v3d/v3d_irq.c

Applying /home/joseca/openmanet-firmware/target/linux/bcm27xx/patches-6.6/950-0184-staging-vchiq_arm-Register-vcsm-cma-as-a-platform-dr.patch using plaintext: 
patching file drivers/staging/vc04_services/interface/vchiq_arm/vchiq_arm.c

Applying /home/joseca/openmanet-firmware/target/linux/bcm27xx/patches-6.6/950-0185-staging-vchiq_arm-Register-bcm2835-codec-as-a-platfo.patch using plaintext: 
patching file drivers/staging/vc04_services/interface/vchiq_arm/vchiq_arm.c

Applying /home/joseca/openmanet-firmware/target/linux/bcm27xx/patches-6.6/950-0186-net-phy-2711-Allow-ethernet-LED-mode-to-be-set-via-d.patch using plaintext: 
patching file drivers/net/phy/broadcom.c

Applying /home/joseca/openmanet-firmware/target/linux/bcm27xx/patches-6.6/950-0187-v3d_drv-Handle-missing-clock-more-gracefully.patch using plaintext: 
patching file drivers/gpu/drm/v3d/v3d_drv.c

Applying /home/joseca/openmanet-firmware/target/linux/bcm27xx/patches-6.6/950-0188-v3d_gem-Kick-the-clock-so-firmware-knows-we-are-usin.patch using plaintext: 
patching file drivers/gpu/drm/v3d/v3d_gem.c

Applying /home/joseca/openmanet-firmware/target/linux/bcm27xx/patches-6.6/950-0189-clk-raspberrypi-Allow-cpufreq-driver-to-also-adjust-.patch using plaintext: 
patching file drivers/clk/bcm/clk-raspberrypi.c

Applying /home/joseca/openmanet-firmware/target/linux/bcm27xx/patches-6.6/950-0190-staging-vchiq_arm-Set-up-dma-ranges-on-child-devices.patch using plaintext: 
patching file drivers/staging/vc04_services/interface/vchiq_arm/vchiq_arm.c

Applying /home/joseca/openmanet-firmware/target/linux/bcm27xx/patches-6.6/950-0191-staging-vchiq-Use-the-old-dma-controller-for-OF-conf.patch using plaintext: 
patching file drivers/staging/vc04_services/interface/vchiq_arm/vchiq_arm.c

Applying /home/joseca/openmanet-firmware/target/linux/bcm27xx/patches-6.6/950-0192-ARM-bcm-Backport-BCM2711-support-from-upstream.patch using plaintext: 
patching file arch/arm/mach-bcm/board_bcm2835.c

Applying /home/joseca/openmanet-firmware/target/linux/bcm27xx/patches-6.6/950-0193-Initialise-rpi-firmware-before-clk-bcm2835.patch using plaintext: 
patching file drivers/clk/bcm/clk-bcm2835.c
patching file drivers/firmware/raspberrypi.c

Applying /home/joseca/openmanet-firmware/target/linux/bcm27xx/patches-6.6/950-0194-staging-vchiq_arm-Give-vchiq-children-DT-nodes.patch using plaintext: 
patching file drivers/staging/vc04_services/interface/vchiq_arm/vchiq_arm.c

Applying /home/joseca/openmanet-firmware/target/linux/bcm27xx/patches-6.6/950-0195-pinctrl-bcm2835-Remove-gpiochip-on-error.patch using plaintext: 
patching file drivers/pinctrl/bcm/pinctrl-bcm2835.c

Applying /home/joseca/openmanet-firmware/target/linux/bcm27xx/patches-6.6/950-0196-video-fbdev-bcm2708_fb-Use-common-compat-header.patch using plaintext: 
patching file drivers/video/fbdev/bcm2708_fb.c

Applying /home/joseca/openmanet-firmware/target/linux/bcm27xx/patches-6.6/950-0197-of-overlay-Correct-symbol-path-fixups.patch using plaintext: 
patching file drivers/of/overlay.c

Applying /home/joseca/openmanet-firmware/target/linux/bcm27xx/patches-6.6/950-0198-dt-bindings-pci-Add-DT-docs-for-Brcmstb-PCIe-device.patch using plaintext: 
patching file Documentation/devicetree/bindings/pci/brcmstb-pcie.txt

Applying /home/joseca/openmanet-firmware/target/linux/bcm27xx/patches-6.6/950-0199-bcmgenet-Disable-skip_umac_reset-by-default.patch using plaintext: 
patching file drivers/net/ethernet/broadcom/genet/bcmgenet.c

Applying /home/joseca/openmanet-firmware/target/linux/bcm27xx/patches-6.6/950-0200-media-videodev2.h-Add-a-format-for-column-YUV4-2-0-m.patch using plaintext: 
patching file Documentation/userspace-api/media/v4l/pixfmt-nv12-col128.rst
patching file Documentation/userspace-api/media/v4l/pixfmt-yuv-planar.rst
patching file Documentation/userspace-api/media/v4l/yuv-formats.rst
patching file drivers/media/v4l2-core/v4l2-ioctl.c
patching file include/uapi/linux/videodev2.h

Applying /home/joseca/openmanet-firmware/target/linux/bcm27xx/patches-6.6/950-0201-media-dt-bindings-media-Add-binding-for-the-Raspberr.patch using plaintext: 
patching file Documentation/devicetree/bindings/media/rpivid_hevc.yaml
patching file MAINTAINERS

Applying /home/joseca/openmanet-firmware/target/linux/bcm27xx/patches-6.6/950-0202-RFC-media-Add-media_request_-pin-unpin-API.patch using plaintext: 
patching file drivers/media/mc/mc-request.c
patching file include/media/media-request.h

Applying /home/joseca/openmanet-firmware/target/linux/bcm27xx/patches-6.6/950-0203-staging-media-rpivid-Add-Raspberry-Pi-V4L2-H265-deco.patch using plaintext: 
patching file drivers/media/v4l2-core/v4l2-mem2mem.c
patching file drivers/staging/media/Kconfig
patching file drivers/staging/media/Makefile
patching file drivers/staging/media/rpivid/Kconfig
patching file drivers/staging/media/rpivid/Makefile
patching file drivers/staging/media/rpivid/rpivid.c
patching file drivers/staging/media/rpivid/rpivid.h
patching file drivers/staging/media/rpivid/rpivid_dec.c
patching file drivers/staging/media/rpivid/rpivid_dec.h
patching file drivers/staging/media/rpivid/rpivid_h265.c
patching file drivers/staging/media/rpivid/rpivid_hw.c
patching file drivers/staging/media/rpivid/rpivid_hw.h
patching file drivers/staging/media/rpivid/rpivid_video.c
patching file drivers/staging/media/rpivid/rpivid_video.h

Applying /home/joseca/openmanet-firmware/target/linux/bcm27xx/patches-6.6/950-0204-spi-Force-CS_HIGH-if-GPIO-descriptors-are-used.patch using plaintext: 
patching file drivers/spi/spi.c

Applying /home/joseca/openmanet-firmware/target/linux/bcm27xx/patches-6.6/950-0205-media-uapi-v4l2-core-Add-sensor-ancillary-data-V4L2-.patch using plaintext: 
patching file Documentation/userspace-api/media/v4l/meta-formats.rst
patching file Documentation/userspace-api/media/v4l/pixfmt-meta-sensor-data.rst
patching file drivers/media/v4l2-core/v4l2-ioctl.c
patching file include/uapi/linux/videodev2.h

Applying /home/joseca/openmanet-firmware/target/linux/bcm27xx/patches-6.6/950-0206-media-uapi-Add-MEDIA_BUS_FMT_SENSOR_DATA-media-bus-f.patch using plaintext: 
patching file Documentation/userspace-api/media/v4l/subdev-formats.rst
patching file include/uapi/linux/media-bus-format.h

Applying /home/joseca/openmanet-firmware/target/linux/bcm27xx/patches-6.6/950-0207-media-uapi-v4l2-core-Add-ISP-statistics-output-V4L2-.patch using plaintext: 
patching file Documentation/userspace-api/media/v4l/meta-formats.rst
patching file Documentation/userspace-api/media/v4l/pixfmt-meta-bcm2835-isp-stats.rst
patching file drivers/media/v4l2-core/v4l2-ioctl.c
patching file include/uapi/linux/videodev2.h

Applying /home/joseca/openmanet-firmware/target/linux/bcm27xx/patches-6.6/950-0208-media-uapi-v4l-ctrls-Add-CID-base-for-the-bcm2835-is.patch using plaintext: 
patching file Documentation/admin-guide/media/bcm2835-isp.rst
patching file Documentation/userspace-api/media/drivers/index.rst
patching file include/uapi/linux/v4l2-controls.h

Applying /home/joseca/openmanet-firmware/target/linux/bcm27xx/patches-6.6/950-0209-staging-vchiq-Load-bcm2835_isp-driver-from-vchiq.patch using plaintext: 
patching file drivers/staging/vc04_services/interface/vchiq_arm/vchiq_arm.c

Applying /home/joseca/openmanet-firmware/target/linux/bcm27xx/patches-6.6/950-0210-media-i2c-tc358743-Fix-fallthrough-warning.patch using plaintext: 
patching file drivers/media/i2c/tc358743.c

Applying /home/joseca/openmanet-firmware/target/linux/bcm27xx/patches-6.6/950-0211-video-bcm2708_fb-Disable-FB-if-no-displays-found.patch using plaintext: 
patching file drivers/video/fbdev/bcm2708_fb.c

Applying /home/joseca/openmanet-firmware/target/linux/bcm27xx/patches-6.6/950-0212-staging-vc04_services-mmal-vchiq-Update-parameters-l.patch using plaintext: 
patching file drivers/staging/vc04_services/vchiq-mmal/mmal-parameters.h

Applying /home/joseca/openmanet-firmware/target/linux/bcm27xx/patches-6.6/950-0213-staging-vc04_services-bcm2835-camera-Request-headers.patch using plaintext: 
patching file drivers/staging/vc04_services/bcm2835-camera/bcm2835-camera.c

Applying /home/joseca/openmanet-firmware/target/linux/bcm27xx/patches-6.6/950-0214-gpiolib-Don-t-prevent-IRQ-usage-of-output-GPIOs.patch using plaintext: 
patching file drivers/gpio/gpiolib.c

Applying /home/joseca/openmanet-firmware/target/linux/bcm27xx/patches-6.6/950-0215-PCI-brcmstb-Add-DT-property-to-control-L1SS.patch using plaintext: 
patching file drivers/pci/controller/pcie-brcmstb.c

Applying /home/joseca/openmanet-firmware/target/linux/bcm27xx/patches-6.6/950-0216-media-irs1125-Using-i2c_transfer-for-ic2-reads.patch using plaintext: 
patching file drivers/media/i2c/irs1125.c

Applying /home/joseca/openmanet-firmware/target/linux/bcm27xx/patches-6.6/950-0217-media-irs1125-Refactoring-and-debug-messages.patch using plaintext: 
patching file drivers/media/i2c/irs1125.c

Applying /home/joseca/openmanet-firmware/target/linux/bcm27xx/patches-6.6/950-0218-media-irs1125-Atomic-access-to-imager-reconfiguratio.patch using plaintext: 
patching file drivers/media/i2c/irs1125.c
patching file drivers/media/i2c/irs1125.h

Applying /home/joseca/openmanet-firmware/target/linux/bcm27xx/patches-6.6/950-0219-media-irs1125-Keep-HW-in-sync-after-imager-reset.patch using plaintext: 
patching file drivers/media/i2c/irs1125.c

Applying /home/joseca/openmanet-firmware/target/linux/bcm27xx/patches-6.6/950-0221-media-bcm2835-unicam-Driver-for-CCP2-CSI2-camera-int.patch using plaintext: 
patching file MAINTAINERS
patching file drivers/media/platform/bcm2835/Kconfig
patching file drivers/media/platform/bcm2835/Makefile
patching file drivers/media/platform/bcm2835/bcm2835-unicam.c
patching file drivers/media/platform/bcm2835/vc4-regs-unicam.h

Applying /home/joseca/openmanet-firmware/target/linux/bcm27xx/patches-6.6/950-0222-media-bcm2835-unicam-Kconfig-Makefile-for-CCP2-CSI2-.patch using plaintext: 
patching file MAINTAINERS
patching file drivers/media/platform/Kconfig
patching file drivers/media/platform/Makefile

Applying /home/joseca/openmanet-firmware/target/linux/bcm27xx/patches-6.6/950-0223-media-bcm2835-unicam-Add-support-for-get_mbus_config.patch using plaintext: 
patching file drivers/media/platform/bcm2835/bcm2835-unicam.c

Applying /home/joseca/openmanet-firmware/target/linux/bcm27xx/patches-6.6/950-0224-media-bcm2835-unicam-Avoid-gcc-warning-over-0-on-end.patch using plaintext: 
patching file drivers/media/platform/bcm2835/bcm2835-unicam.c

Applying /home/joseca/openmanet-firmware/target/linux/bcm27xx/patches-6.6/950-0225-serial-8250-bcm2835aux-defer-if-clock-is-zero.patch using plaintext: 
patching file drivers/tty/serial/8250/8250_bcm2835aux.c

Applying /home/joseca/openmanet-firmware/target/linux/bcm27xx/patches-6.6/950-0226-media-Add-a-pixel-format-for-MIPI-packed-12bit-luma-.patch using plaintext: 
patching file Documentation/userspace-api/media/v4l/pixfmt-y12p.rst
patching file Documentation/userspace-api/media/v4l/yuv-formats.rst
patching file drivers/media/v4l2-core/v4l2-ioctl.c
patching file include/uapi/linux/videodev2.h

Applying /home/joseca/openmanet-firmware/target/linux/bcm27xx/patches-6.6/950-0227-media-Add-a-pixel-format-for-MIPI-packed-14bit-luma-.patch using plaintext: 
patching file Documentation/userspace-api/media/v4l/pixfmt-y14p.rst
patching file Documentation/userspace-api/media/v4l/yuv-formats.rst
patching file drivers/media/v4l2-core/v4l2-ioctl.c
patching file include/uapi/linux/videodev2.h

Applying /home/joseca/openmanet-firmware/target/linux/bcm27xx/patches-6.6/950-0228-media-bcm2835-unicam-Add-support-for-12bit-mono-pack.patch using plaintext: 
patching file drivers/media/platform/bcm2835/bcm2835-unicam.c

Applying /home/joseca/openmanet-firmware/target/linux/bcm27xx/patches-6.6/950-0229-media-bcm2835-unicam-Add-support-for-14bit-mono-sour.patch using plaintext: 
patching file drivers/media/platform/bcm2835/bcm2835-unicam.c

Applying /home/joseca/openmanet-firmware/target/linux/bcm27xx/patches-6.6/950-0230-media-bcm2835-unicam-Add-support-for-unpacked-14bit-.patch using plaintext: 
patching file drivers/media/platform/bcm2835/bcm2835-unicam.c

Applying /home/joseca/openmanet-firmware/target/linux/bcm27xx/patches-6.6/950-0231-media-bcm2835-unicam-Reinstate-V4L2_CAP_READWRITE-in.patch using plaintext: 
patching file drivers/media/platform/bcm2835/bcm2835-unicam.c

Applying /home/joseca/openmanet-firmware/target/linux/bcm27xx/patches-6.6/950-0232-media-bcm2835-unicam-Ensure-type-is-VIDEO_CAPTURE-in.patch using plaintext: 
patching file drivers/media/platform/bcm2835/bcm2835-unicam.c

Applying /home/joseca/openmanet-firmware/target/linux/bcm27xx/patches-6.6/950-0233-media-bcm2835-unicam-Set-VPU-min-clock-freq-to-250Mh.patch using plaintext: 
patching file drivers/media/platform/bcm2835/bcm2835-unicam.c

Applying /home/joseca/openmanet-firmware/target/linux/bcm27xx/patches-6.6/950-0234-dt-bindings-bcm2835-unicam-Update-documentation-with.patch using plaintext: 
patching file Documentation/devicetree/bindings/media/bcm2835-unicam.txt

Applying /home/joseca/openmanet-firmware/target/linux/bcm27xx/patches-6.6/950-0235-leds-Add-the-actpwr-trigger.patch using plaintext: 
patching file drivers/leds/trigger/Kconfig
patching file drivers/leds/trigger/Makefile
patching file drivers/leds/trigger/ledtrig-actpwr.c

Applying /home/joseca/openmanet-firmware/target/linux/bcm27xx/patches-6.6/950-0236-media-bcm2835-unicam-Drop-WARN-on-uing-direct-cache-.patch using plaintext: 
patching file drivers/media/platform/bcm2835/bcm2835-unicam.c

Applying /home/joseca/openmanet-firmware/target/linux/bcm27xx/patches-6.6/950-0237-media-i2c-tc358743-Only-allow-supported-pixel-fmts-i.patch using plaintext: 
patching file drivers/media/i2c/tc358743.c

Applying /home/joseca/openmanet-firmware/target/linux/bcm27xx/patches-6.6/950-0238-media-bcm2835-unicam-Always-service-interrupts.patch using plaintext: 
patching file drivers/media/platform/bcm2835/bcm2835-unicam.c

Applying /home/joseca/openmanet-firmware/target/linux/bcm27xx/patches-6.6/950-0239-media-bcm2835-unicam-Fix-uninitialized-warning.patch using plaintext: 
patching file drivers/media/platform/bcm2835/bcm2835-unicam.c

Applying /home/joseca/openmanet-firmware/target/linux/bcm27xx/patches-6.6/950-0240-media-bcm2835-unicam-Fixup-review-comments-from-Hans.patch using plaintext: 
patching file drivers/media/platform/bcm2835/bcm2835-unicam.c

Applying /home/joseca/openmanet-firmware/target/linux/bcm27xx/patches-6.6/950-0241-media-bcm2835-unicam-Retain-packing-information-on-G.patch using plaintext: 
patching file drivers/media/platform/bcm2835/bcm2835-unicam.c

Applying /home/joseca/openmanet-firmware/target/linux/bcm27xx/patches-6.6/950-0242-media-bcm2835-unicam-change-minimum-number-of-vb2_qu.patch using plaintext: 
patching file drivers/media/platform/bcm2835/bcm2835-unicam.c

Applying /home/joseca/openmanet-firmware/target/linux/bcm27xx/patches-6.6/950-0243-staging-fbtft-Add-support-for-display-variants.patch using plaintext: 
patching file drivers/staging/fbtft/fb_st7735r.c
patching file drivers/staging/fbtft/fbtft-core.c
patching file drivers/staging/fbtft/fbtft.h

Applying /home/joseca/openmanet-firmware/target/linux/bcm27xx/patches-6.6/950-0246-char-Add-broadcom-char-drivers-back-to-build-files.patch using plaintext: 
patching file drivers/char/Kconfig
patching file drivers/char/Makefile

Applying /home/joseca/openmanet-firmware/target/linux/bcm27xx/patches-6.6/950-0247-staging-bcm2835-camera-Replace-deprecated-V4L2_PIX_F.patch using plaintext: 
patching file drivers/staging/vc04_services/bcm2835-camera/bcm2835-camera.c

Applying /home/joseca/openmanet-firmware/target/linux/bcm27xx/patches-6.6/950-0248-staging-vc04_services-Add-new-vc-sm-cma-driver.patch using plaintext: 
patching file drivers/staging/vc04_services/Kconfig
patching file drivers/staging/vc04_services/Makefile
patching file drivers/staging/vc04_services/include/linux/broadcom/vc_sm_cma_ioctl.h
patching file drivers/staging/vc04_services/vc-sm-cma/Kconfig
patching file drivers/staging/vc04_services/vc-sm-cma/Makefile
patching file drivers/staging/vc04_services/vc-sm-cma/TODO
patching file drivers/staging/vc04_services/vc-sm-cma/vc_sm.c
patching file drivers/staging/vc04_services/vc-sm-cma/vc_sm.h
patching file drivers/staging/vc04_services/vc-sm-cma/vc_sm_cma_vchi.c
patching file drivers/staging/vc04_services/vc-sm-cma/vc_sm_cma_vchi.h
patching file drivers/staging/vc04_services/vc-sm-cma/vc_sm_defs.h
patching file drivers/staging/vc04_services/vc-sm-cma/vc_sm_knl.h

Applying /home/joseca/openmanet-firmware/target/linux/bcm27xx/patches-6.6/950-0249-staging-vchiq-mmal-Add-support-for-14bit-Bayer.patch using plaintext: 
patching file drivers/staging/vc04_services/vchiq-mmal/mmal-encodings.h

Applying /home/joseca/openmanet-firmware/target/linux/bcm27xx/patches-6.6/950-0250-staging-mmal-vchiq-Add-monochrome-image-formats.patch using plaintext: 
patching file drivers/staging/vc04_services/vchiq-mmal/mmal-encodings.h

Applying /home/joseca/openmanet-firmware/target/linux/bcm27xx/patches-6.6/950-0251-staging-mmal-vchiq-Use-vc-sm-cma-to-support-zero-cop.patch using plaintext: 
patching file drivers/staging/vc04_services/vchiq-mmal/Kconfig
patching file drivers/staging/vc04_services/vchiq-mmal/mmal-common.h
patching file drivers/staging/vc04_services/vchiq-mmal/mmal-vchiq.c
patching file drivers/staging/vc04_services/vchiq-mmal/mmal-vchiq.h

Applying /home/joseca/openmanet-firmware/target/linux/bcm27xx/patches-6.6/950-0252-staging-vc04_services-Add-a-V4L2-M2M-codec-driver.patch using plaintext: 
patching file drivers/staging/vc04_services/Kconfig
patching file drivers/staging/vc04_services/Makefile
patching file drivers/staging/vc04_services/bcm2835-codec/Kconfig
patching file drivers/staging/vc04_services/bcm2835-codec/Makefile
patching file drivers/staging/vc04_services/bcm2835-codec/TODO
patching file drivers/staging/vc04_services/bcm2835-codec/bcm2835-v4l2-codec.c
patching file drivers/staging/vc04_services/vchiq-mmal/mmal-parameters.h

Applying /home/joseca/openmanet-firmware/target/linux/bcm27xx/patches-6.6/950-0253-uapi-bcm2835-isp-Add-bcm2835-isp-uapi-header-file.patch using plaintext: 
patching file include/uapi/linux/bcm2835-isp.h

Applying /home/joseca/openmanet-firmware/target/linux/bcm27xx/patches-6.6/950-0254-staging-vc04_services-ISP-Add-a-more-complex-ISP-pro.patch using plaintext: 
patching file MAINTAINERS
patching file drivers/staging/vc04_services/Kconfig
patching file drivers/staging/vc04_services/Makefile
patching file drivers/staging/vc04_services/bcm2835-isp/Kconfig
patching file drivers/staging/vc04_services/bcm2835-isp/Makefile
patching file drivers/staging/vc04_services/bcm2835-isp/bcm2835-isp-ctrls.h
patching file drivers/staging/vc04_services/bcm2835-isp/bcm2835-isp-fmts.h
patching file drivers/staging/vc04_services/bcm2835-isp/bcm2835-v4l2-isp.c
patching file drivers/staging/vc04_services/vchiq-mmal/mmal-encodings.h
patching file drivers/staging/vc04_services/vchiq-mmal/mmal-parameters.h

Applying /home/joseca/openmanet-firmware/target/linux/bcm27xx/patches-6.6/950-0255-gpio-Add-gpio-fsm-driver.patch using plaintext: 
patching file drivers/gpio/Kconfig
patching file drivers/gpio/Makefile
patching file drivers/gpio/gpio-fsm.c

Applying /home/joseca/openmanet-firmware/target/linux/bcm27xx/patches-6.6/950-0256-rpisense-fb-Set-pseudo_pallete-to-prevent-crash-on-f.patch using plaintext: 
patching file drivers/video/fbdev/rpisense-fb.c

Applying /home/joseca/openmanet-firmware/target/linux/bcm27xx/patches-6.6/950-0257-bcm2708_fb-Fix-a-build-warning.patch using plaintext: 
patching file drivers/video/fbdev/bcm2708_fb.c

Applying /home/joseca/openmanet-firmware/target/linux/bcm27xx/patches-6.6/950-0258-watchdog-bcm2835-Ignore-params-after-the-partition-n.patch using plaintext: 
patching file drivers/watchdog/bcm2835_wdt.c

Applying /home/joseca/openmanet-firmware/target/linux/bcm27xx/patches-6.6/950-0259-firmware-raspberrypi-Add-support-for-tryonce-reboot-.patch using plaintext: 
patching file drivers/firmware/raspberrypi.c

Applying /home/joseca/openmanet-firmware/target/linux/bcm27xx/patches-6.6/950-0260-phy-broadcom-split-out-the-BCM54213PE-from-the-BCM54.patch using plaintext: 
patching file drivers/net/phy/broadcom.c
patching file include/linux/brcmphy.h

Applying /home/joseca/openmanet-firmware/target/linux/bcm27xx/patches-6.6/950-0261-phy-broadcom-Add-bcm54213pe-configuration.patch using plaintext: 
patching file drivers/net/phy/broadcom.c

Applying /home/joseca/openmanet-firmware/target/linux/bcm27xx/patches-6.6/950-0262-Input-edt-ft5x06-Poll-the-device-if-no-interrupt-is-.patch using plaintext: 
patching file drivers/input/touchscreen/edt-ft5x06.c

Applying /home/joseca/openmanet-firmware/target/linux/bcm27xx/patches-6.6/950-0263-drm-panel-raspberrypi-touchscreen-Use-independent-I2.patch using plaintext: 
patching file drivers/gpu/drm/panel/panel-raspberrypi-touchscreen.c

Applying /home/joseca/openmanet-firmware/target/linux/bcm27xx/patches-6.6/950-0264-drm-panel-raspberrypi-ts-Insert-delay-before-polling.patch using plaintext: 
patching file drivers/gpu/drm/panel/panel-raspberrypi-touchscreen.c

Applying /home/joseca/openmanet-firmware/target/linux/bcm27xx/patches-6.6/950-0265-dt-bindings-Add-compatible-for-BCM2711-DSI1.patch using plaintext: 
patching file Documentation/devicetree/bindings/display/brcm,bcm2835-dsi0.yaml

Applying /home/joseca/openmanet-firmware/target/linux/bcm27xx/patches-6.6/950-0266-media-bcm2835-unicam-Correctly-handle-error-propagat.patch using plaintext: 
patching file drivers/media/platform/bcm2835/bcm2835-unicam.c

Applying /home/joseca/openmanet-firmware/target/linux/bcm27xx/patches-6.6/950-0267-media-bcm2835-unicam-Return-early-from-stop_streamin.patch using plaintext: 
patching file drivers/media/platform/bcm2835/bcm2835-unicam.c

Applying /home/joseca/openmanet-firmware/target/linux/bcm27xx/patches-6.6/950-0268-media-bcm2835-unicam-Clear-clock-state-when-stopping.patch using plaintext: 
patching file drivers/media/platform/bcm2835/bcm2835-unicam.c

Applying /home/joseca/openmanet-firmware/target/linux/bcm27xx/patches-6.6/950-0269-PCI-brcmstb-Advertise-MSI-X-support.patch using plaintext: 
patching file drivers/pci/controller/pcie-brcmstb.c

Applying /home/joseca/openmanet-firmware/target/linux/bcm27xx/patches-6.6/950-0270-net-lan78xx-Ack-pending-PHY-ints-when-resetting.patch using plaintext: 
patching file drivers/net/usb/lan78xx.c

Applying /home/joseca/openmanet-firmware/target/linux/bcm27xx/patches-6.6/950-0271-staging-vc04_services-Add-additional-unpacked-raw-fo.patch using plaintext: 
patching file drivers/staging/vc04_services/vchiq-mmal/mmal-encodings.h

Applying /home/joseca/openmanet-firmware/target/linux/bcm27xx/patches-6.6/950-0272-staging-bcm2835-isp-Add-the-unpacked-16bpp-raw-forma.patch using plaintext: 
patching file drivers/staging/vc04_services/bcm2835-isp/bcm2835-isp-fmts.h
patching file drivers/staging/vc04_services/bcm2835-isp/bcm2835-v4l2-isp.c

Applying /home/joseca/openmanet-firmware/target/linux/bcm27xx/patches-6.6/950-0273-staging-bcm2835-isp-Log-the-number-of-excess-support.patch using plaintext: 
patching file drivers/staging/vc04_services/bcm2835-isp/bcm2835-v4l2-isp.c

Applying /home/joseca/openmanet-firmware/target/linux/bcm27xx/patches-6.6/950-0274-uapi-bcm2835-isp-Add-colour-denoise-configuration.patch using plaintext: 
patching file include/uapi/linux/bcm2835-isp.h

Applying /home/joseca/openmanet-firmware/target/linux/bcm27xx/patches-6.6/950-0275-staging-vc04_services-ISP-Add-colour-denoise-control.patch using plaintext: 
patching file drivers/staging/vc04_services/bcm2835-isp/bcm2835-isp-ctrls.h
patching file drivers/staging/vc04_services/bcm2835-isp/bcm2835-v4l2-isp.c
patching file drivers/staging/vc04_services/vchiq-mmal/mmal-parameters.h

Applying /home/joseca/openmanet-firmware/target/linux/bcm27xx/patches-6.6/950-0276-spi-bcm2835-Workaround-fix-for-zero-length-transfers.patch using plaintext: 
patching file drivers/spi/spi-bcm2835.c

Applying /home/joseca/openmanet-firmware/target/linux/bcm27xx/patches-6.6/950-0277-kbuild-Silence-unavoidable-dtc-overlay-warnings.patch using plaintext: 
patching file scripts/Makefile.lib

Applying /home/joseca/openmanet-firmware/target/linux/bcm27xx/patches-6.6/950-0278-bcm2835-isp-Allow-formats-with-different-colour-spac.patch using plaintext: 
patching file drivers/staging/vc04_services/bcm2835-isp/bcm2835-isp-fmts.h
patching file drivers/staging/vc04_services/bcm2835-isp/bcm2835-v4l2-isp.c

Applying /home/joseca/openmanet-firmware/target/linux/bcm27xx/patches-6.6/950-0279-media-bcm2835-unicam-Fix-bug-in-buffer-swapping-logi.patch using plaintext: 
patching file drivers/media/platform/bcm2835/bcm2835-unicam.c

Applying /home/joseca/openmanet-firmware/target/linux/bcm27xx/patches-6.6/950-0280-Assign-crypto-aliases-to-different-AES-implementatio.patch using plaintext: 
patching file arch/arm64/crypto/aes-cipher-glue.c
patching file arch/arm64/crypto/aes-glue.c
patching file arch/arm64/crypto/aes-neonbs-glue.c

Applying /home/joseca/openmanet-firmware/target/linux/bcm27xx/patches-6.6/950-0281-media-v4l2_m2m-In-buffered-mode-run-jobs-if-either-p.patch using plaintext: 
patching file drivers/media/v4l2-core/v4l2-mem2mem.c

Applying /home/joseca/openmanet-firmware/target/linux/bcm27xx/patches-6.6/950-0282-media-i2c-add-ov9281-driver.patch using plaintext: 
patching file drivers/media/i2c/imx477.c
patching file drivers/media/i2c/irs1125.c
patching file drivers/media/platform/bcm2835/bcm2835-unicam.c
patching file drivers/staging/vc04_services/bcm2835-isp/bcm2835-v4l2-isp.c

Applying /home/joseca/openmanet-firmware/target/linux/bcm27xx/patches-6.6/950-0283-media-ov5647-Fix-return-codes-from-ov5647_write-ov56.patch using plaintext: 
patching file drivers/media/i2c/ov5647.c

Applying /home/joseca/openmanet-firmware/target/linux/bcm27xx/patches-6.6/950-0284-media-i2c-ov5647-Parse-and-register-properties.patch using plaintext: 
patching file drivers/media/i2c/ov5647.c

Applying /home/joseca/openmanet-firmware/target/linux/bcm27xx/patches-6.6/950-0285-staging-bcm2835-camera-Add-support-for-DMABUFs.patch using plaintext: 
patching file drivers/staging/vc04_services/bcm2835-camera/bcm2835-camera.c

Applying /home/joseca/openmanet-firmware/target/linux/bcm27xx/patches-6.6/950-0286-staging-fbtft-Add-minipitft13-variant.patch using plaintext: 
patching file drivers/staging/fbtft/fb_st7789v.c

Applying /home/joseca/openmanet-firmware/target/linux/bcm27xx/patches-6.6/950-0287-drm-panel-jdi-lt070me05000-Use-gpiod_set_value_cansl.patch using plaintext: 
patching file drivers/gpu/drm/panel/panel-jdi-lt070me05000.c

Applying /home/joseca/openmanet-firmware/target/linux/bcm27xx/patches-6.6/950-0288-staging-bcm2835-camera-Add-support-for-H264-levels-4.patch using plaintext: 
patching file drivers/staging/vc04_services/bcm2835-camera/controls.c

Applying /home/joseca/openmanet-firmware/target/linux/bcm27xx/patches-6.6/950-0289-staging-bcm2835-isp-Fix-compiler-warning.patch using plaintext: 
patching file drivers/staging/vc04_services/bcm2835-isp/bcm2835-v4l2-isp.c

Applying /home/joseca/openmanet-firmware/target/linux/bcm27xx/patches-6.6/950-0290-gpio-poweroff-Remember-the-old-poweroff-handler.patch using plaintext: 
patching file drivers/power/reset/gpio-poweroff.c

Applying /home/joseca/openmanet-firmware/target/linux/bcm27xx/patches-6.6/950-0291-media-i2c-ov5647-Correct-pixel-array-offset.patch using plaintext: 
patching file drivers/media/i2c/ov5647.c

Applying /home/joseca/openmanet-firmware/target/linux/bcm27xx/patches-6.6/950-0292-media-i2c-ov5647-Correct-minimum-VBLANK-value.patch using plaintext: 
patching file drivers/media/i2c/ov5647.c

Applying /home/joseca/openmanet-firmware/target/linux/bcm27xx/patches-6.6/950-0293-media-i2c-ov5647-Fix-v4l2-compliance-failure-subscri.patch using plaintext: 
patching file drivers/media/i2c/ov5647.c

Applying /home/joseca/openmanet-firmware/target/linux/bcm27xx/patches-6.6/950-0294-staging-vc04_services-isp-Set-the-YUV420-YVU420-form.patch using plaintext: 
patching file drivers/staging/vc04_services/bcm2835-isp/bcm2835-isp-fmts.h

Applying /home/joseca/openmanet-firmware/target/linux/bcm27xx/patches-6.6/950-0295-media-bcm2835-unicam-Forward-input-status-from-subde.patch using plaintext: 
patching file drivers/media/platform/bcm2835/bcm2835-unicam.c

Applying /home/joseca/openmanet-firmware/target/linux/bcm27xx/patches-6.6/950-0296-media-i2c-ov7251-Add-fwnode-properties-controls.patch using plaintext: 
patching file drivers/media/i2c/ov7251.c

Applying /home/joseca/openmanet-firmware/target/linux/bcm27xx/patches-6.6/950-0300-drm-panel-raspberrypi-touchscreen-Handle-I2C-errors.patch using plaintext: 
patching file drivers/gpu/drm/panel/panel-raspberrypi-touchscreen.c

Applying /home/joseca/openmanet-firmware/target/linux/bcm27xx/patches-6.6/950-0301-drm-panel-simple-Add-a-timing-for-the-Raspberry-Pi-7.patch using plaintext: 
patching file drivers/gpu/drm/panel/panel-simple.c

Applying /home/joseca/openmanet-firmware/target/linux/bcm27xx/patches-6.6/950-0302-Input-edt-ft54x6-Clean-up-timer-and-workqueue-on-rem.patch using plaintext: 
patching file drivers/input/touchscreen/edt-ft5x06.c

Applying /home/joseca/openmanet-firmware/target/linux/bcm27xx/patches-6.6/950-0303-staging-vchiq-mmal-Add-buffer-flags-for-interlaced-v.patch using plaintext: 
patching file drivers/staging/vc04_services/vchiq-mmal/mmal-msg.h

Applying /home/joseca/openmanet-firmware/target/linux/bcm27xx/patches-6.6/950-0304-staging-vchiq-mmal-Add-parameters-for-interlaced-vid.patch using plaintext: 
patching file drivers/staging/vc04_services/vchiq-mmal/mmal-parameters.h

Applying /home/joseca/openmanet-firmware/target/linux/bcm27xx/patches-6.6/950-0305-staging-vchiq-mmal-Add-the-deinterlace-image-effects.patch using plaintext: 
patching file drivers/staging/vc04_services/vchiq-mmal/mmal-parameters.h

Applying /home/joseca/openmanet-firmware/target/linux/bcm27xx/patches-6.6/950-0306-Add-Raspberry-Pi-PoE-HAT-support.patch using plaintext: 
patching file drivers/power/supply/Kconfig
patching file drivers/power/supply/Makefile
patching file drivers/power/supply/rpi_poe_power.c

Applying /home/joseca/openmanet-firmware/target/linux/bcm27xx/patches-6.6/950-0307-staging-mmal-vchiq-Add-module-parameter-to-enable-lo.patch using plaintext: 
patching file drivers/staging/vc04_services/vchiq-mmal/mmal-vchiq.c

Applying /home/joseca/openmanet-firmware/target/linux/bcm27xx/patches-6.6/950-0308-staging-mmal-vchiq-Reset-buffers_with_vpu-on-port_en.patch using plaintext: 
patching file drivers/staging/vc04_services/vchiq-mmal/mmal-vchiq.c

Applying /home/joseca/openmanet-firmware/target/linux/bcm27xx/patches-6.6/950-0309-drivers-gpio-Add-a-driver-that-wraps-the-PWM-API-as-.patch using plaintext: 
patching file drivers/gpio/Kconfig
patching file drivers/gpio/Makefile
patching file drivers/gpio/gpio-pwm.c

Applying /home/joseca/openmanet-firmware/target/linux/bcm27xx/patches-6.6/950-0310-media-i2c-ov5647-Sensor-should-report-RAW-color-spac.patch using plaintext: 
patching file drivers/media/i2c/ov5647.c

Applying /home/joseca/openmanet-firmware/target/linux/bcm27xx/patches-6.6/950-0311-vc04_services-isp-Report-input-node-as-wanting-full-.patch using plaintext: 
patching file drivers/staging/vc04_services/bcm2835-isp/bcm2835-v4l2-isp.c

Applying /home/joseca/openmanet-firmware/target/linux/bcm27xx/patches-6.6/950-0312-media-bcm2835-unicam-Parse-pad-numbers-correctly.patch using plaintext: 
patching file drivers/media/platform/bcm2835/bcm2835-unicam.c

Applying /home/joseca/openmanet-firmware/target/linux/bcm27xx/patches-6.6/950-0313-media-bcm2835-unicam-Add-support-for-configuration-v.patch using plaintext: 
patching file drivers/media/platform/bcm2835/bcm2835-unicam.c

Applying /home/joseca/openmanet-firmware/target/linux/bcm27xx/patches-6.6/950-0314-staging-bcm2835-camera-Add-support-for-H264_MIN_QP-H.patch using plaintext: 
patching file drivers/staging/vc04_services/bcm2835-camera/bcm2835-camera.h
patching file drivers/staging/vc04_services/bcm2835-camera/controls.c

Applying /home/joseca/openmanet-firmware/target/linux/bcm27xx/patches-6.6/950-0315-staging-bcm2835-camera-Add-support-for-MPEG_VIDEO_FO.patch using plaintext: 
patching file drivers/staging/vc04_services/bcm2835-camera/bcm2835-camera.h
patching file drivers/staging/vc04_services/bcm2835-camera/controls.c

Applying /home/joseca/openmanet-firmware/target/linux/bcm27xx/patches-6.6/950-0317-media-i2c-ov5647-Support-HFLIP-and-VFLIP.patch using plaintext: 
patching file drivers/media/i2c/ov5647.c

Applying /home/joseca/openmanet-firmware/target/linux/bcm27xx/patches-6.6/950-0318-drivers-bcm2835_isp-Allow-multiple-users-for-the-ISP.patch using plaintext: 
patching file drivers/staging/vc04_services/bcm2835-isp/bcm2835-v4l2-isp.c

Applying /home/joseca/openmanet-firmware/target/linux/bcm27xx/patches-6.6/950-0319-drivers-bcm2835_isp-Fix-div-by-0-bug.patch using plaintext: 
patching file drivers/staging/vc04_services/bcm2835-isp/bcm2835-isp-fmts.h

Applying /home/joseca/openmanet-firmware/target/linux/bcm27xx/patches-6.6/950-0321-drivers-bcm2835_unicam-Add-logging-message-when-a-fr.patch using plaintext: 
patching file drivers/media/platform/bcm2835/bcm2835-unicam.c

Applying /home/joseca/openmanet-firmware/target/linux/bcm27xx/patches-6.6/950-0322-regulator-rpi-panel-attiny-Don-t-read-the-LCD-power-.patch using plaintext: 
patching file drivers/regulator/rpi-panel-attiny-regulator.c

Applying /home/joseca/openmanet-firmware/target/linux/bcm27xx/patches-6.6/950-0323-rtc-pcf8523-Fix-oscillator-stop-bit-handling.patch using plaintext: 
patching file drivers/rtc/rtc-pcf8523.c

Applying /home/joseca/openmanet-firmware/target/linux/bcm27xx/patches-6.6/950-0324-drm-panel-simple-Populate-bpc-when-using-panel-dpi.patch using plaintext: 
patching file drivers/gpu/drm/panel/panel-simple.c

Applying /home/joseca/openmanet-firmware/target/linux/bcm27xx/patches-6.6/950-0325-drm-panel-simple-Allow-the-bus-format-to-be-read-fro.patch using plaintext: 
patching file drivers/gpu/drm/panel/panel-simple.c

Applying /home/joseca/openmanet-firmware/target/linux/bcm27xx/patches-6.6/950-0326-media-i2c-ov5647-Add-support-for-regulator-control.patch using plaintext: 
patching file drivers/media/i2c/ov5647.c

Applying /home/joseca/openmanet-firmware/target/linux/bcm27xx/patches-6.6/950-0327-media-i2c-ov7251-Make-the-enable-GPIO-optional.patch using plaintext: 
patching file drivers/media/i2c/ov7251.c

Applying /home/joseca/openmanet-firmware/target/linux/bcm27xx/patches-6.6/950-0328-staging-bcm2835-isp-Fix-cleanup-after-init-fail.patch using plaintext: 
patching file drivers/staging/vc04_services/bcm2835-isp/bcm2835-v4l2-isp.c

Applying /home/joseca/openmanet-firmware/target/linux/bcm27xx/patches-6.6/950-0329-uapi-v4l2-controls-Reset-V4L2_CID_USER_BCM2835_ISP_B.patch using plaintext: 
patching file include/uapi/linux/v4l2-controls.h

Applying /home/joseca/openmanet-firmware/target/linux/bcm27xx/patches-6.6/950-0330-bcm2835-v4l2-isp-Add-missing-lock-initialization.patch using plaintext: 
patching file drivers/staging/vc04_services/bcm2835-isp/bcm2835-v4l2-isp.c

Applying /home/joseca/openmanet-firmware/target/linux/bcm27xx/patches-6.6/950-0331-mfd-simple-mfd-i2c-Add-configuration-for-RPi-POE-HAT.patch using plaintext: 
patching file drivers/mfd/Kconfig
patching file drivers/mfd/simple-mfd-i2c.c

Applying /home/joseca/openmanet-firmware/target/linux/bcm27xx/patches-6.6/950-0332-pwm-raspberrypi-poe-Add-option-of-being-created-by-M.patch using plaintext: 
patching file drivers/pwm/pwm-raspberrypi-poe.c

Applying /home/joseca/openmanet-firmware/target/linux/bcm27xx/patches-6.6/950-0333-power-rpi-poe-Drop-CURRENT_AVG-as-it-is-not-hardware.patch using plaintext: 
patching file drivers/power/supply/rpi_poe_power.c

Applying /home/joseca/openmanet-firmware/target/linux/bcm27xx/patches-6.6/950-0334-power-rpi-poe-Add-option-of-being-created-by-MFD-or-.patch using plaintext: 
patching file drivers/power/supply/rpi_poe_power.c

Applying /home/joseca/openmanet-firmware/target/linux/bcm27xx/patches-6.6/950-0335-drivers-bcm2835_unicam-Disable-trigger-mode-operatio.patch using plaintext: 
patching file drivers/media/platform/bcm2835/bcm2835-unicam.c

Applying /home/joseca/openmanet-firmware/target/linux/bcm27xx/patches-6.6/950-0336-Extending-ili9881c-driver-support-for-nwe080-panel.patch using plaintext: 
patching file drivers/gpu/drm/panel/panel-ilitek-ili9881c.c

Applying /home/joseca/openmanet-firmware/target/linux/bcm27xx/patches-6.6/950-0337-media-bcm2835-unicam-Set-ret-on-error-path-in-unicam.patch using plaintext: 
patching file drivers/media/platform/bcm2835/bcm2835-unicam.c

Applying /home/joseca/openmanet-firmware/target/linux/bcm27xx/patches-6.6/950-0338-i2c-bcm2835-Make-clock-stretch-timeout-configurable.patch using plaintext: 
patching file drivers/i2c/busses/i2c-bcm2835.c

Applying /home/joseca/openmanet-firmware/target/linux/bcm27xx/patches-6.6/950-0339-Patching-lan78xx-for-SOF_TIMESTAMPING_TX_SOFTWARE-su.patch using plaintext: 
patching file drivers/net/usb/lan78xx.c

Applying /home/joseca/openmanet-firmware/target/linux/bcm27xx/patches-6.6/950-0340-media-uapi-Document-format-MEDIA_BUS_FMT_RGB565_1X24.patch using plaintext: 
patching file Documentation/userspace-api/media/v4l/subdev-formats.rst

Applying /home/joseca/openmanet-firmware/target/linux/bcm27xx/patches-6.6/950-0341-dt-bindings-vendor-prefixes-Add-Geekworm.patch using plaintext: 
patching file Documentation/devicetree/bindings/vendor-prefixes.yaml

Applying /home/joseca/openmanet-firmware/target/linux/bcm27xx/patches-6.6/950-0342-dt-bindings-display-simple-add-Geekworm-MZP280-Panel.patch using plaintext: 
patching file Documentation/devicetree/bindings/display/panel/panel-simple.yaml

Applying /home/joseca/openmanet-firmware/target/linux/bcm27xx/patches-6.6/950-0343-drm-panel-simple-add-Geekworm-MZP280-Panel.patch using plaintext: 
patching file drivers/gpu/drm/panel/panel-simple.c

Applying /home/joseca/openmanet-firmware/target/linux/bcm27xx/patches-6.6/950-0345-drm-panel-Add-panel-driver-for-Ilitek-ILI9806E-panel.patch using plaintext: 
patching file drivers/gpu/drm/panel/Kconfig
patching file drivers/gpu/drm/panel/Makefile
patching file drivers/gpu/drm/panel/panel-ilitek-ili9806e.c

Applying /home/joseca/openmanet-firmware/target/linux/bcm27xx/patches-6.6/950-0346-drm-panel-Add-panel-driver-for-TDO-Y17B-based-panels.patch using plaintext: 
patching file drivers/gpu/drm/panel/Kconfig
patching file drivers/gpu/drm/panel/Makefile
patching file drivers/gpu/drm/panel/panel-tdo-y17p.c

Applying /home/joseca/openmanet-firmware/target/linux/bcm27xx/patches-6.6/950-0347-bindings-Add-sck-idle-input-to-spi-gpio.patch using plaintext: 
patching file Documentation/devicetree/bindings/spi/spi-gpio.yaml

Applying /home/joseca/openmanet-firmware/target/linux/bcm27xx/patches-6.6/950-0348-spi-gpio-Add-sck-idle-input-property.patch using plaintext: 
patching file drivers/spi/spi-gpio.c

Applying /home/joseca/openmanet-firmware/target/linux/bcm27xx/patches-6.6/950-0349-media-bcm2835-unicam-Handle-a-repeated-frame-start-w.patch using plaintext: 
patching file drivers/media/platform/bcm2835/bcm2835-unicam.c

Applying /home/joseca/openmanet-firmware/target/linux/bcm27xx/patches-6.6/950-0350-media-i2c-ov7251-Reinstate-setting-ov7251_global_ini.patch using plaintext: 
patching file drivers/media/i2c/ov7251.c

Applying /home/joseca/openmanet-firmware/target/linux/bcm27xx/patches-6.6/950-0351-media-i2c-Add-driver-for-Omnivision-OV2311.patch using plaintext: 
patching file drivers/media/i2c/Kconfig
patching file drivers/media/i2c/Makefile
patching file drivers/media/i2c/ov2311.c

Applying /home/joseca/openmanet-firmware/target/linux/bcm27xx/patches-6.6/950-0352-staging-vc04_services-isp-Permit-all-sRGB-colour-spa.patch using plaintext: 
patching file drivers/staging/vc04_services/bcm2835-isp/bcm2835-isp-fmts.h

Applying /home/joseca/openmanet-firmware/target/linux/bcm27xx/patches-6.6/950-0353-drivers-staging-bcm2835-isp-Do-not-cleanup-mmal-vcsm.patch using plaintext: 
patching file drivers/staging/vc04_services/bcm2835-isp/bcm2835-v4l2-isp.c

Applying /home/joseca/openmanet-firmware/target/linux/bcm27xx/patches-6.6/950-0354-dt-bindings-media-i2c-Add-binding-for-ad5398-VCM.patch using plaintext: 
patching file Documentation/devicetree/bindings/media/i2c/ad5398.txt

Applying /home/joseca/openmanet-firmware/target/linux/bcm27xx/patches-6.6/950-0355-media-i2c-Add-driver-for-AD5398-VCM-lens-driver.patch using plaintext: 
patching file drivers/media/i2c/Kconfig
patching file drivers/media/i2c/Makefile
patching file drivers/media/i2c/ad5398.c

Applying /home/joseca/openmanet-firmware/target/linux/bcm27xx/patches-6.6/950-0356-media-i2c-ov5647-Use-v4l2_async_register_subdev_sens.patch using plaintext: 
patching file drivers/media/i2c/ov5647.c

Applying /home/joseca/openmanet-firmware/target/linux/bcm27xx/patches-6.6/950-0357-media-i2c-Rename-ad5398-to-ad5398_vcm.patch using plaintext: 
patching file drivers/media/i2c/Makefile
patching file drivers/media/i2c/ad5398.c
patching file drivers/media/i2c/ad5398_vcm.c

Applying /home/joseca/openmanet-firmware/target/linux/bcm27xx/patches-6.6/950-0358-drivers-staging-bcm2835-isp-Clear-LS-table-handle-in.patch using plaintext: 
patching file drivers/staging/vc04_services/bcm2835-isp/bcm2835-v4l2-isp.c

Applying /home/joseca/openmanet-firmware/target/linux/bcm27xx/patches-6.6/950-0359-mm-page_alloc-cma-introduce-a-customisable-threshold.patch using plaintext: 
patching file mm/page_alloc.c

Applying /home/joseca/openmanet-firmware/target/linux/bcm27xx/patches-6.6/950-0361-drm-panel-ilitek-ili9881c-Clean-up-on-mipi_dsi_attac.patch using plaintext: 
patching file drivers/gpu/drm/panel/panel-ilitek-ili9881c.c

Applying /home/joseca/openmanet-firmware/target/linux/bcm27xx/patches-6.6/950-0362-drm-panel-panel-ilitek9881c-Add-prepare_upstream_fir.patch using plaintext: 
patching file drivers/gpu/drm/panel/panel-ilitek-ili9881c.c

Applying /home/joseca/openmanet-firmware/target/linux/bcm27xx/patches-6.6/950-0363-clk-bcm2835-use-subsys_initcall-for-the-clock-driver.patch using plaintext: 
patching file drivers/clk/bcm/clk-bcm2835.c

Applying /home/joseca/openmanet-firmware/target/linux/bcm27xx/patches-6.6/950-0364-tpm_tis_spi_main-Force-probe-routine-to-run-synchron.patch using plaintext: 
patching file drivers/char/tpm/tpm_tis_spi_main.c

Applying /home/joseca/openmanet-firmware/target/linux/bcm27xx/patches-6.6/950-0366-dt-bindings-vendor-prefixes-Add-Arducam.patch using plaintext: 
patching file Documentation/devicetree/bindings/vendor-prefixes.yaml

Applying /home/joseca/openmanet-firmware/target/linux/bcm27xx/patches-6.6/950-0367-media-dt-bindings-media-i2c-Add-Arducam-Pivariety-Se.patch using plaintext: 
patching file Documentation/devicetree/bindings/media/i2c/arducam-pivariety.yaml
patching file MAINTAINERS

Applying /home/joseca/openmanet-firmware/target/linux/bcm27xx/patches-6.6/950-0368-media-i2c-Add-driver-of-Arducam-Pivariety-series-cam.patch using plaintext: 
patching file drivers/media/i2c/Kconfig
patching file drivers/media/i2c/Makefile
patching file drivers/media/i2c/arducam-pivariety.c
patching file drivers/media/i2c/arducam-pivariety.h

Applying /home/joseca/openmanet-firmware/target/linux/bcm27xx/patches-6.6/950-0369-thermal-broadcom-Use-dev_err_probe-to-suppress-defer.patch using plaintext: 
patching file drivers/thermal/broadcom/bcm2711_thermal.c

Applying /home/joseca/openmanet-firmware/target/linux/bcm27xx/patches-6.6/950-0370-dt-bindings-hwmon-add-microchip-emc2305.yaml-dt-bind.patch using plaintext: 
patching file Documentation/devicetree/bindings/hwmon/microchip,emc2305.yaml

Applying /home/joseca/openmanet-firmware/target/linux/bcm27xx/patches-6.6/950-0371-hwmon-emc2305-fixups-for-driver-submitted-to-mailing.patch using plaintext: 
patching file drivers/hwmon/emc2305.c

Applying /home/joseca/openmanet-firmware/target/linux/bcm27xx/patches-6.6/950-0372-media-i2c-Update-irs1125-Kconfig-entry.patch using plaintext: 
patching file drivers/media/i2c/Kconfig

Applying /home/joseca/openmanet-firmware/target/linux/bcm27xx/patches-6.6/950-0373-media-i2c-arducam-pivariety-Fixup-for-mainline-API-c.patch using plaintext: 
patching file drivers/media/i2c/arducam-pivariety.c

Applying /home/joseca/openmanet-firmware/target/linux/bcm27xx/patches-6.6/950-0374-vc04_services-vchiq-mmal-Add-defines-for-mmal_es_for.patch using plaintext: 
patching file drivers/staging/vc04_services/vchiq-mmal/mmal-msg-format.h

Applying /home/joseca/openmanet-firmware/target/linux/bcm27xx/patches-6.6/950-0375-random-do-not-use-jump-labels-before-they-are-initia.patch using plaintext: 
patching file drivers/char/random.c

Applying /home/joseca/openmanet-firmware/target/linux/bcm27xx/patches-6.6/950-0376-drm-v3d-Switch-clock-setting-to-new-api.patch using plaintext: 
patching file drivers/gpu/drm/v3d/v3d_drv.c
patching file drivers/gpu/drm/v3d/v3d_gem.c

Applying /home/joseca/openmanet-firmware/target/linux/bcm27xx/patches-6.6/950-0377-clk-raspberrypi-Enable-minimize-for-all-firmware-clo.patch using plaintext: 
patching file drivers/clk/bcm/clk-raspberrypi.c

Applying /home/joseca/openmanet-firmware/target/linux/bcm27xx/patches-6.6/950-0378-media-dt-bindings-media-i2c-Add-Arducam-64MP-CMOS-se.patch using plaintext: 
patching file Documentation/devicetree/bindings/media/i2c/arducam,64mp.yaml
patching file MAINTAINERS

Applying /home/joseca/openmanet-firmware/target/linux/bcm27xx/patches-6.6/950-0379-media-i2c-Add-driver-of-Arducam-64MP-camera.patch using plaintext: 
patching file drivers/media/i2c/Kconfig
patching file drivers/media/i2c/Makefile
patching file drivers/media/i2c/arducam_64mp.c

Applying /home/joseca/openmanet-firmware/target/linux/bcm27xx/patches-6.6/950-0380-media-i2c-arducam_64mp-Advertise-embedded-data-node-.patch using plaintext: 
patching file drivers/media/i2c/arducam_64mp.c

Applying /home/joseca/openmanet-firmware/target/linux/bcm27xx/patches-6.6/950-0381-Add-HDMI1-facility-to-the-driver.patch using plaintext: 
patching file drivers/staging/vc04_services/bcm2835-audio/bcm2835-pcm.c
patching file drivers/staging/vc04_services/bcm2835-audio/bcm2835.c
patching file drivers/staging/vc04_services/bcm2835-audio/bcm2835.h

Applying /home/joseca/openmanet-firmware/target/linux/bcm27xx/patches-6.6/950-0382-Populate-phy-driver-block-for-BCM54213PE.patch using plaintext: 
patching file drivers/net/phy/broadcom.c

Applying /home/joseca/openmanet-firmware/target/linux/bcm27xx/patches-6.6/950-0383-clk-bcm-rpi-Add-the-BCM283x-pixel-clock.patch using plaintext: 
patching file drivers/clk/bcm/clk-raspberrypi.c

Applying /home/joseca/openmanet-firmware/target/linux/bcm27xx/patches-6.6/950-0384-media-bcm2835-unicam-Correctly-handle-FS-FE-ISR-cond.patch using plaintext: 
patching file drivers/media/platform/bcm2835/bcm2835-unicam.c

Applying /home/joseca/openmanet-firmware/target/linux/bcm27xx/patches-6.6/950-0386-media-video-mux-Read-CSI2-config-from-FW-and-pass-to.patch using plaintext: 
patching file drivers/media/platform/video-mux.c

Applying /home/joseca/openmanet-firmware/target/linux/bcm27xx/patches-6.6/950-0387-media-i2c-arducam-pivariety-Add-custom-controls.patch using plaintext: 
patching file drivers/media/i2c/arducam-pivariety.c
patching file drivers/media/i2c/arducam-pivariety.h

Applying /home/joseca/openmanet-firmware/target/linux/bcm27xx/patches-6.6/950-0388-media-bcm2835-unicam-Fix-for-possible-dummy-buffer-o.patch using plaintext: 
patching file drivers/media/platform/bcm2835/bcm2835-unicam.c

Applying /home/joseca/openmanet-firmware/target/linux/bcm27xx/patches-6.6/950-0390-drm-panel-Rename-GEM-CMA-helpers-GEM-DMA-helpers.patch using plaintext: 
patching file drivers/gpu/drm/panel/Kconfig

Applying /home/joseca/openmanet-firmware/target/linux/bcm27xx/patches-6.6/950-0391-media-bcm2835-unicam-Fix-up-start-stop-api-change.patch using plaintext: 
patching file drivers/media/platform/bcm2835/bcm2835-unicam.c

Applying /home/joseca/openmanet-firmware/target/linux/bcm27xx/patches-6.6/950-0392-drivers-usb-dwc_otg-fix-reference-passing-when-check.patch using plaintext: 
patching file drivers/usb/host/dwc_otg/dwc_otg_hcd_linux.c

Applying /home/joseca/openmanet-firmware/target/linux/bcm27xx/patches-6.6/950-0393-drivers-dwc_otg-stop-GCC-from-patching-FIQ-functions.patch using plaintext: 
patching file drivers/usb/host/dwc_otg/Makefile
patching file drivers/usb/host/dwc_otg/dwc_otg_fiq_fsm.c

Applying /home/joseca/openmanet-firmware/target/linux/bcm27xx/patches-6.6/950-0394-net-phy-BCM54210PE-does-not-support-PTP.patch using plaintext: 
patching file drivers/net/phy/bcm-phy-ptp.c

Applying /home/joseca/openmanet-firmware/target/linux/bcm27xx/patches-6.6/950-0395-media-adv7180-Nasty-hack-to-allow-input-selection.patch using plaintext: 
patching file drivers/media/i2c/adv7180.c

Applying /home/joseca/openmanet-firmware/target/linux/bcm27xx/patches-6.6/950-0396-media-i2c-ov7251-Add-module-param-to-select-ext-trig.patch using plaintext: 
patching file drivers/media/i2c/ov7251.c

Applying /home/joseca/openmanet-firmware/target/linux/bcm27xx/patches-6.6/950-0399-drm-panel-panel-ilitek9881c-Crystalfontz-support.patch using plaintext: 
patching file drivers/gpu/drm/panel/panel-ilitek-ili9881c.c

Applying /home/joseca/openmanet-firmware/target/linux/bcm27xx/patches-6.6/950-0400-net-bcmgenet-Add-eee-module-parameter.patch using plaintext: 
patching file drivers/net/ethernet/broadcom/genet/bcmgenet.c

Applying /home/joseca/openmanet-firmware/target/linux/bcm27xx/patches-6.6/950-0401-drm-panel-simple-Add-Innolux-AT056tN53V1-5.6-VGA.patch using plaintext: 
patching file Documentation/devicetree/bindings/display/panel/panel-simple.yaml
patching file Documentation/userspace-api/media/v4l/subdev-formats.rst
patching file drivers/gpu/drm/panel/panel-simple.c

Applying /home/joseca/openmanet-firmware/target/linux/bcm27xx/patches-6.6/950-0402-media-dt-bindings-Add-DW9817-to-DW9807-binding.patch using plaintext: 
patching file Documentation/devicetree/bindings/media/i2c/dongwoon,dw9807-vcm.yaml

Applying /home/joseca/openmanet-firmware/target/linux/bcm27xx/patches-6.6/950-0403-media-dw9807-vcm-Add-support-for-DW9817-bidirectiona.patch using plaintext: 
patching file drivers/media/i2c/dw9807-vcm.c

Applying /home/joseca/openmanet-firmware/target/linux/bcm27xx/patches-6.6/950-0404-media-dt-bindings-Add-regulator-to-dw9807-vcm.patch using plaintext: 
patching file Documentation/devicetree/bindings/media/i2c/dongwoon,dw9807-vcm.yaml
patching file drivers/media/i2c/dw9807-vcm.c

Applying /home/joseca/openmanet-firmware/target/linux/bcm27xx/patches-6.6/950-0405-media-dw9807-vcm-Add-regulator-support-to-the-driver.patch using plaintext: 
patching file drivers/media/i2c/dw9807-vcm.c

Applying /home/joseca/openmanet-firmware/target/linux/bcm27xx/patches-6.6/950-0406-media-dw9807-vcm-Smooth-the-first-user-movement-of-t.patch using plaintext: 
patching file drivers/media/i2c/dw9807-vcm.c

Applying /home/joseca/openmanet-firmware/target/linux/bcm27xx/patches-6.6/950-0407-dtbindings-media-i2c-Add-IMX708-CMOS-sensor-binding.patch using plaintext: 
patching file Documentation/devicetree/bindings/media/i2c/imx708.yaml
patching file MAINTAINERS

Applying /home/joseca/openmanet-firmware/target/linux/bcm27xx/patches-6.6/950-0408-media-i2c-Add-a-driver-for-the-Sony-IMX708-image-sen.patch using plaintext: 
patching file drivers/media/i2c/Kconfig
patching file drivers/media/i2c/Makefile
patching file drivers/media/i2c/imx708.c

Applying /home/joseca/openmanet-firmware/target/linux/bcm27xx/patches-6.6/950-0409-net-phy-broadcom-Make-LEDs-3-4-shadow-LEDs-1-2.patch using plaintext: 
patching file drivers/net/phy/broadcom.c

Applying /home/joseca/openmanet-firmware/target/linux/bcm27xx/patches-6.6/950-0410-drivers-media-imx708-Enable-long-exposure-mode.patch using plaintext: 
patching file drivers/media/i2c/imx708.c

Applying /home/joseca/openmanet-firmware/target/linux/bcm27xx/patches-6.6/950-0411-drivers-media-i2c-imx708-Fix-crop-information.patch using plaintext: 
patching file drivers/media/i2c/imx708.c

Applying /home/joseca/openmanet-firmware/target/linux/bcm27xx/patches-6.6/950-0412-media-bcm2835-unicam-Use-mipi-csi2.h-header-for-data.patch using plaintext: 
patching file drivers/media/platform/bcm2835/bcm2835-unicam.c

Applying /home/joseca/openmanet-firmware/target/linux/bcm27xx/patches-6.6/950-0413-media-bcm2835-unicam-Add-support-for-RAW16-formats.patch using plaintext: 
patching file drivers/media/platform/bcm2835/bcm2835-unicam.c

Applying /home/joseca/openmanet-firmware/target/linux/bcm27xx/patches-6.6/950-0414-drm-panel-panel-sitronix-st7701-Support-SPI-config-a.patch using plaintext: 
patching file drivers/gpu/drm/panel/panel-sitronix-st7701.c

Applying /home/joseca/openmanet-firmware/target/linux/bcm27xx/patches-6.6/950-0415-iio-adc-mcp3422-Add-correct-compatible-strings.patch using plaintext: 
patching file drivers/iio/adc/mcp3422.c

Applying /home/joseca/openmanet-firmware/target/linux/bcm27xx/patches-6.6/950-0416-gpio-pca953x-Add-ti-tca9554-compatible-string.patch using plaintext: 
patching file drivers/gpio/gpio-pca953x.c

Applying /home/joseca/openmanet-firmware/target/linux/bcm27xx/patches-6.6/950-0417-hwmon-aht10-Add-DT-compatible-string.patch using plaintext: 
patching file drivers/hwmon/aht10.c

Applying /home/joseca/openmanet-firmware/target/linux/bcm27xx/patches-6.6/950-0418-hwmon-ds1621-Add-DT-compatible-strings.patch using plaintext: 
patching file drivers/hwmon/ds1621.c

Applying /home/joseca/openmanet-firmware/target/linux/bcm27xx/patches-6.6/950-0419-rtc-ds3232-Add-DT-compatible-string-for-ds3234.patch using plaintext: 
patching file drivers/rtc/rtc-ds3232.c

Applying /home/joseca/openmanet-firmware/target/linux/bcm27xx/patches-6.6/950-0420-hwmon-sht3x-Add-DT-compatible-string.patch using plaintext: 
patching file drivers/hwmon/sht3x.c

Applying /home/joseca/openmanet-firmware/target/linux/bcm27xx/patches-6.6/950-0421-iio-light-tsl4531-Add-DT-compatible-string.patch using plaintext: 
patching file drivers/iio/light/tsl4531.c

Applying /home/joseca/openmanet-firmware/target/linux/bcm27xx/patches-6.6/950-0422-iio-light-veml6070-Add-DT-compatible-string.patch using plaintext: 
patching file drivers/iio/light/veml6070.c

Applying /home/joseca/openmanet-firmware/target/linux/bcm27xx/patches-6.6/950-0424-ad5398_vcm-Fixup-ad5398_probe-prototype.patch using plaintext: 
patching file drivers/media/i2c/ad5398_vcm.c

Applying /home/joseca/openmanet-firmware/target/linux/bcm27xx/patches-6.6/950-0425-clk-bcm-rpi-Create-helper-to-retrieve-private-data.patch using plaintext: 
patching file drivers/clk/bcm/clk-raspberrypi.c

Applying /home/joseca/openmanet-firmware/target/linux/bcm27xx/patches-6.6/950-0426-media-i2c-Add-PDAF-support-for-IMX519.patch using plaintext: 
patching file drivers/media/i2c/imx519.c

Applying /home/joseca/openmanet-firmware/target/linux/bcm27xx/patches-6.6/950-0427-drivers-media-i2c-imx708-Fix-WIDE_DYNAMIC_RANGE-cont.patch using plaintext: 
patching file drivers/media/i2c/imx708.c

Applying /home/joseca/openmanet-firmware/target/linux/bcm27xx/patches-6.6/950-0428-rpisense-fb-Add-explicit-fb_deferred_io_mmap-hook.patch using plaintext: 
patching file drivers/video/fbdev/rpisense-fb.c

Applying /home/joseca/openmanet-firmware/target/linux/bcm27xx/patches-6.6/950-0430-fbdev-Don-t-cancel-deferred-work-if-pagelist-empty.patch using plaintext: 
patching file drivers/video/fbdev/core/fb_defio.c

Applying /home/joseca/openmanet-firmware/target/linux/bcm27xx/patches-6.6/950-0431-drivers-media-imx708-Increase-usable-link-frequencie.patch using plaintext: 
patching file drivers/media/i2c/imx708.c

Applying /home/joseca/openmanet-firmware/target/linux/bcm27xx/patches-6.6/950-0432-drivers-media-imx708-Remove-unused-control-fields.patch using plaintext: 
patching file drivers/media/i2c/imx708.c

Applying /home/joseca/openmanet-firmware/target/linux/bcm27xx/patches-6.6/950-0433-drivers-media-imx708-Tidy-ups-to-address-upstream-re.patch using plaintext: 
patching file drivers/media/i2c/imx708.c

Applying /home/joseca/openmanet-firmware/target/linux/bcm27xx/patches-6.6/950-0434-dt-bindings-media-i2c-Replace-IMX708-sensor-binding-.patch using plaintext: 
patching file Documentation/devicetree/bindings/media/i2c/imx708.yaml
patching file Documentation/devicetree/bindings/media/i2c/sony,imx708.yaml
patching file MAINTAINERS

Applying /home/joseca/openmanet-firmware/target/linux/bcm27xx/patches-6.6/950-0435-drivers-media-imx708-Follow-the-standard-devicetree-.patch using plaintext: 
patching file drivers/media/i2c/imx708.c

Applying /home/joseca/openmanet-firmware/target/linux/bcm27xx/patches-6.6/950-0436-drives-media-imx708-Put-HFLIP-and-VFLIP-controls-in-.patch using plaintext: 
patching file drivers/media/i2c/imx708.c

Applying /home/joseca/openmanet-firmware/target/linux/bcm27xx/patches-6.6/950-0437-media-bcm2835-unicam-Start-and-stop-media_pipeline-w.patch using plaintext: 
patching file drivers/media/platform/bcm2835/bcm2835-unicam.c

Applying /home/joseca/openmanet-firmware/target/linux/bcm27xx/patches-6.6/950-0438-drm-panel-Add-panel-driver-for-Waveshare-DSI-touchsc.patch using plaintext: 
patching file drivers/gpu/drm/panel/Kconfig
patching file drivers/gpu/drm/panel/Makefile
patching file drivers/gpu/drm/panel/panel-waveshare-dsi.c

Applying /home/joseca/openmanet-firmware/target/linux/bcm27xx/patches-6.6/950-0439-input-goodix-Add-option-to-poll-instead-of-relying-o.patch using plaintext: 
patching file drivers/input/touchscreen/goodix.c
patching file drivers/input/touchscreen/goodix.h

Applying /home/joseca/openmanet-firmware/target/linux/bcm27xx/patches-6.6/950-0440-serial-8250-Add-NOMSI-bug-for-bcm2835aux.patch using plaintext: 
patching file drivers/tty/serial/8250/8250.h
patching file drivers/tty/serial/8250/8250_bcm2835aux.c
patching file drivers/tty/serial/8250/8250_core.c
patching file drivers/tty/serial/8250/8250_port.c

Applying /home/joseca/openmanet-firmware/target/linux/bcm27xx/patches-6.6/950-0441-Bluetooth-hci_sync-Add-fallback-bd-address-prop.patch using plaintext: 
patching file net/bluetooth/hci_sync.c

Applying /home/joseca/openmanet-firmware/target/linux/bcm27xx/patches-6.6/950-0442-Bluetooth-hci_bcm-Add-more-invalid-BDADDRs.patch using plaintext: 
patching file drivers/bluetooth/btbcm.c

Applying /home/joseca/openmanet-firmware/target/linux/bcm27xx/patches-6.6/950-0443-pinctrl-bcm2835-Workaround-for-edge-IRQ-loss.patch using plaintext: 
patching file drivers/pinctrl/bcm/pinctrl-bcm2835.c

Applying /home/joseca/openmanet-firmware/target/linux/bcm27xx/patches-6.6/950-0444-media-i2c-imx258-Remove-unused-defines.patch using plaintext: 
patching file drivers/media/i2c/imx258.c

Applying /home/joseca/openmanet-firmware/target/linux/bcm27xx/patches-6.6/950-0445-media-i2c-imx258-Make-image-geometry-meet-sensor-req.patch using plaintext: 
patching file drivers/media/i2c/imx258.c

Applying /home/joseca/openmanet-firmware/target/linux/bcm27xx/patches-6.6/950-0446-media-i2c-imx258-Disable-digital-cropping-on-binned-.patch using plaintext: 
patching file drivers/media/i2c/imx258.c

Applying /home/joseca/openmanet-firmware/target/linux/bcm27xx/patches-6.6/950-0447-media-i2c-imx258-Remove-redundant-I2C-writes.patch using plaintext: 
patching file drivers/media/i2c/imx258.c

Applying /home/joseca/openmanet-firmware/target/linux/bcm27xx/patches-6.6/950-0448-media-i2c-imx258-Add-regulator-control.patch using plaintext: 
patching file drivers/media/i2c/imx258.c

Applying /home/joseca/openmanet-firmware/target/linux/bcm27xx/patches-6.6/950-0449-media-i2c-imx258-Make-V4L2_CID_VBLANK-configurable.patch using plaintext: 
patching file drivers/media/i2c/imx258.c

Applying /home/joseca/openmanet-firmware/target/linux/bcm27xx/patches-6.6/950-0450-media-i2c-imx258-Add-support-for-24MHz-clock.patch using plaintext: 
patching file drivers/media/i2c/imx258.c

Applying /home/joseca/openmanet-firmware/target/linux/bcm27xx/patches-6.6/950-0451-media-i2c-imx258-Add-support-for-running-on-2-CSI-da.patch using plaintext: 
patching file drivers/media/i2c/imx258.c

Applying /home/joseca/openmanet-firmware/target/linux/bcm27xx/patches-6.6/950-0452-media-i2c-imx258-Follow-normal-V4L2-behaviours-for-c.patch using plaintext: 
patching file drivers/media/i2c/imx258.c

Applying /home/joseca/openmanet-firmware/target/linux/bcm27xx/patches-6.6/950-0453-media-i2c-imx258-Add-get_selection-for-pixel-array-i.patch using plaintext: 
patching file drivers/media/i2c/imx258.c

Applying /home/joseca/openmanet-firmware/target/linux/bcm27xx/patches-6.6/950-0454-media-i2c-imx258-Allow-configuration-of-clock-lane-b.patch using plaintext: 
patching file drivers/media/i2c/imx258.c

Applying /home/joseca/openmanet-firmware/target/linux/bcm27xx/patches-6.6/950-0455-media-i2c-imx258-Correct-max-FRM_LENGTH_LINES-value.patch using plaintext: 
patching file drivers/media/i2c/imx258.c

Applying /home/joseca/openmanet-firmware/target/linux/bcm27xx/patches-6.6/950-0456-media-i2c-imx258-Add-support-for-long-exposure-modes.patch using plaintext: 
patching file drivers/media/i2c/imx258.c

Applying /home/joseca/openmanet-firmware/target/linux/bcm27xx/patches-6.6/950-0457-media-i2c-imx258-Issue-reset-before-starting-streami.patch using plaintext: 
patching file drivers/media/i2c/imx258.c

Applying /home/joseca/openmanet-firmware/target/linux/bcm27xx/patches-6.6/950-0458-media-i2c-imx258-Set-pixel_rate-range-to-the-same-as.patch using plaintext: 
patching file drivers/media/i2c/imx258.c

Applying /home/joseca/openmanet-firmware/target/linux/bcm27xx/patches-6.6/950-0459-media-i2c-imx258-Support-faster-pixel-rate-on-binned.patch using plaintext: 
patching file drivers/media/i2c/imx258.c

Applying /home/joseca/openmanet-firmware/target/linux/bcm27xx/patches-6.6/950-0460-dt-bindings-media-imx258-Rename-to-include-vendor-pr.patch using plaintext: 
patching file Documentation/devicetree/bindings/media/i2c/imx258.yaml
patching file Documentation/devicetree/bindings/media/i2c/sony,imx258.yaml
patching file MAINTAINERS

Applying /home/joseca/openmanet-firmware/target/linux/bcm27xx/patches-6.6/950-0461-dt-bindings-media-imx258-Add-alternate-compatible-st.patch using plaintext: 
patching file Documentation/devicetree/bindings/media/i2c/sony,imx258.yaml

Applying /home/joseca/openmanet-firmware/target/linux/bcm27xx/patches-6.6/950-0462-media-i2c-imx258-Change-register-settings-for-varian.patch using plaintext: 
patching file drivers/media/i2c/imx258.c

Applying /home/joseca/openmanet-firmware/target/linux/bcm27xx/patches-6.6/950-0463-media-i2c-imx258-Make-HFLIP-and-VFLIP-controls-writa.patch using plaintext: 
patching file drivers/media/i2c/imx258.c

Applying /home/joseca/openmanet-firmware/target/linux/bcm27xx/patches-6.6/950-0464-drm-v3d-New-debugfs-end-points-to-query-GPU-usage-st.patch using plaintext: 
patching file drivers/gpu/drm/v3d/v3d_debugfs.c
patching file drivers/gpu/drm/v3d/v3d_drv.h
patching file drivers/gpu/drm/v3d/v3d_gem.c
patching file drivers/gpu/drm/v3d/v3d_irq.c
patching file drivers/gpu/drm/v3d/v3d_sched.c

Applying /home/joseca/openmanet-firmware/target/linux/bcm27xx/patches-6.6/950-0466-mmc-bcm2835-Use-phys-addresses-for-slave-DMA-config.patch using plaintext: 
patching file drivers/mmc/host/bcm2835.c

Applying /home/joseca/openmanet-firmware/target/linux/bcm27xx/patches-6.6/950-0467-spi-bcm2835-Use-phys-addresses-for-slave-DMA-config.patch using plaintext: 
patching file drivers/spi/spi-bcm2835.c

Applying /home/joseca/openmanet-firmware/target/linux/bcm27xx/patches-6.6/950-0468-drm-vc4-hdmi-Increase-MAI-fifo-dreq-threshold.patch using plaintext: 
patching file drivers/gpu/drm/vc4/vc4_hdmi.c

Applying /home/joseca/openmanet-firmware/target/linux/bcm27xx/patches-6.6/950-0469-i2c-bcm2835-Flush-FIFOs-cleanly-on-error.patch using plaintext: 
patching file drivers/i2c/busses/i2c-bcm2835.c

Applying /home/joseca/openmanet-firmware/target/linux/bcm27xx/patches-6.6/950-0470-i2c-bcm2835-Do-not-abort-transfers-on-ERR-if-still-a.patch using plaintext: 
patching file drivers/i2c/busses/i2c-bcm2835.c

Applying /home/joseca/openmanet-firmware/target/linux/bcm27xx/patches-6.6/950-0471-i2c-bcm2835-Implement-I2C_M_IGNORE_NAK.patch using plaintext: 
patching file drivers/i2c/busses/i2c-bcm2835.c

Applying /home/joseca/openmanet-firmware/target/linux/bcm27xx/patches-6.6/950-0472-pps-Compatibility-hack-should-be-X86-specific.patch using plaintext: 
patching file drivers/pps/pps.c

Applying /home/joseca/openmanet-firmware/target/linux/bcm27xx/patches-6.6/950-0473-drivers-media-imx296-Disable-2x2-binned-mode.patch using plaintext: 
patching file drivers/media/i2c/imx296.c

Applying /home/joseca/openmanet-firmware/target/linux/bcm27xx/patches-6.6/950-0474-panel-sitronix-st7701-Fix-panel-prepare-over-SPI.patch using plaintext: 
patching file drivers/gpu/drm/panel/panel-sitronix-st7701.c

Applying /home/joseca/openmanet-firmware/target/linux/bcm27xx/patches-6.6/950-0475-serial-sc16is7xx-Read-modem-line-state-at-startup.patch using plaintext: 
patching file drivers/tty/serial/sc16is7xx.c

Applying /home/joseca/openmanet-firmware/target/linux/bcm27xx/patches-6.6/950-0476-drivers-media-bcm2835_unicam-Improve-frame-sequence-.patch using plaintext: 
patching file drivers/media/platform/bcm2835/bcm2835-unicam.c

Applying /home/joseca/openmanet-firmware/target/linux/bcm27xx/patches-6.6/950-0477-driver-media-i2c-imx477-Re-enable-temperature-sensor.patch using plaintext: 
patching file drivers/media/i2c/imx477.c

Applying /home/joseca/openmanet-firmware/target/linux/bcm27xx/patches-6.6/950-0478-media-i2c-arducam_64mp-Modify-the-line-length-of-128.patch using plaintext: 
patching file drivers/media/i2c/arducam_64mp.c

Applying /home/joseca/openmanet-firmware/target/linux/bcm27xx/patches-6.6/950-0479-media-i2c-arducam_64mp-Add-8000x6000-resolution.patch using plaintext: 
patching file drivers/media/i2c/arducam_64mp.c

Applying /home/joseca/openmanet-firmware/target/linux/bcm27xx/patches-6.6/950-0480-media-i2c-arducam_64mp-Add-PDAF-support.patch using plaintext: 
patching file drivers/media/i2c/arducam_64mp.c

Applying /home/joseca/openmanet-firmware/target/linux/bcm27xx/patches-6.6/950-0482-xhci-quirks-add-link-TRB-quirk-for-VL805.patch using plaintext: 
patching file drivers/usb/host/xhci-pci.c
patching file drivers/usb/host/xhci-ring.c
patching file drivers/usb/host/xhci.h

Applying /home/joseca/openmanet-firmware/target/linux/bcm27xx/patches-6.6/950-0484-usb-xhci-add-VLI_SS_BULK_OUT_BUG-quirk.patch using plaintext: 
patching file drivers/usb/host/xhci-mem.c
patching file drivers/usb/host/xhci-pci.c
patching file drivers/usb/host/xhci.h

Applying /home/joseca/openmanet-firmware/target/linux/bcm27xx/patches-6.6/950-0485-usb-xhci-add-XHCI_VLI_HUB_TT_QUIRK.patch using plaintext: 
patching file drivers/usb/host/xhci-pci.c
patching file drivers/usb/host/xhci-ring.c
patching file drivers/usb/host/xhci.h

Applying /home/joseca/openmanet-firmware/target/linux/bcm27xx/patches-6.6/950-0488-drivers-media-imx296-Updated-imx296-driver-for-exter.patch using plaintext: 
patching file drivers/media/i2c/imx296.c

Applying /home/joseca/openmanet-firmware/target/linux/bcm27xx/patches-6.6/950-0489-drm-ili9486-Resolve-clash-in-spi_device_id-names.patch using plaintext: 
patching file drivers/gpu/drm/tiny/ili9486.c

Applying /home/joseca/openmanet-firmware/target/linux/bcm27xx/patches-6.6/950-0493-bcm2835-unicam-hacks-to-allow-it-to-build.patch using plaintext: 
patching file drivers/media/platform/bcm2835/bcm2835-unicam.c

Applying /home/joseca/openmanet-firmware/target/linux/bcm27xx/patches-6.6/950-0496-rtc-rv3028-Add-backup-switchover-mode-support.patch using plaintext: 
patching file drivers/rtc/rtc-rv3028.c

Applying /home/joseca/openmanet-firmware/target/linux/bcm27xx/patches-6.6/950-0498-overlays-Correct-for-pwm-cells-3.patch using plaintext: 
patching file arch/arm/boot/dts/overlays/cutiepi-panel-overlay.dts
patching file arch/arm/boot/dts/overlays/mipi-dbi-spi-overlay.dts
patching file arch/arm/boot/dts/overlays/pwm-ir-tx-overlay.dts
patching file arch/arm/boot/dts/overlays/vc4-kms-dpi.dtsi
patching file arch/arm/boot/dts/overlays/watterott-display-overlay.dts

Applying /home/joseca/openmanet-firmware/target/linux/bcm27xx/patches-6.6/950-0499-media-i2c-imx219-make-HBLANK-r-w-to-allow-longer-exp.patch using plaintext: 
patching file drivers/media/i2c/imx219.c

Applying /home/joseca/openmanet-firmware/target/linux/bcm27xx/patches-6.6/950-0500-media-imx219-Advertise-embedded-data-node-on-media-p.patch using plaintext: 
patching file drivers/media/i2c/imx219.c

Applying /home/joseca/openmanet-firmware/target/linux/bcm27xx/patches-6.6/950-0501-media-i2c-imx219-Scale-the-pixel-clock-rate-for-the-.patch using plaintext: 
patching file drivers/media/i2c/imx219.c

Applying /home/joseca/openmanet-firmware/target/linux/bcm27xx/patches-6.6/950-0502-media-i2c-imx219-fix-binning-and-rate_factor-for-480.patch using plaintext: 
patching file drivers/media/i2c/imx219.c

Applying /home/joseca/openmanet-firmware/target/linux/bcm27xx/patches-6.6/950-0503-overlays-Add-a-sample-hat_map.patch using plaintext: 
patching file arch/arm/boot/dts/overlays/Makefile
patching file arch/arm/boot/dts/overlays/hat_map.dts

Applying /home/joseca/openmanet-firmware/target/linux/bcm27xx/patches-6.6/950-0504-Revert-usb-phy-generic-Get-the-vbus-supply.patch using plaintext: 
patching file drivers/usb/phy/phy-generic.c

Applying /home/joseca/openmanet-firmware/target/linux/bcm27xx/patches-6.6/950-0505-drivers-char-add-generic-gpiomem-driver.patch using plaintext: 
patching file drivers/char/Kconfig
patching file drivers/char/Makefile
patching file drivers/char/raspberrypi-gpiomem.c

Applying /home/joseca/openmanet-firmware/target/linux/bcm27xx/patches-6.6/950-0507-drivers-char-delete-bcm2835-gpiomem.patch using plaintext: 
patching file drivers/char/broadcom/Kconfig
patching file drivers/char/broadcom/Makefile
patching file drivers/char/broadcom/bcm2835-gpiomem.c

Applying /home/joseca/openmanet-firmware/target/linux/bcm27xx/patches-6.6/950-0509-gpio_brcmstb-Allow-to-build-for-ARCH_BCM2835.patch using plaintext: 
patching file drivers/gpio/Kconfig
patching file drivers/gpio/gpio-brcmstb.c
patching file drivers/gpio/gpio-mmio.c
patching file include/linux/gpio/driver.h

Applying /home/joseca/openmanet-firmware/target/linux/bcm27xx/patches-6.6/950-0510-Allow-RESET_BRCMSTB-on-ARCH_BCM2835.patch using plaintext: 
patching file drivers/reset/Kconfig

Applying /home/joseca/openmanet-firmware/target/linux/bcm27xx/patches-6.6/950-0511-pinctrl-bcm2712-pinctrl-pinconf-driver.patch using plaintext: 
patching file drivers/pinctrl/bcm/Kconfig
patching file drivers/pinctrl/bcm/Makefile
patching file drivers/pinctrl/bcm/pinctrl-bcm2712.c

Applying /home/joseca/openmanet-firmware/target/linux/bcm27xx/patches-6.6/950-0513-mmc-brcmstb-add-support-for-BCM2712.patch using plaintext: 
patching file drivers/mmc/host/Kconfig
patching file drivers/mmc/host/sdhci-brcmstb.c

Applying /home/joseca/openmanet-firmware/target/linux/bcm27xx/patches-6.6/950-0514-sdhci-Add-SD-Express-hook.patch using plaintext: 
patching file drivers/mmc/host/sdhci-of-dwcmshc.c
patching file drivers/mmc/host/sdhci.c
patching file drivers/mmc/host/sdhci.h

Applying /home/joseca/openmanet-firmware/target/linux/bcm27xx/patches-6.6/950-0515-Add-new-pispbe-driver-though-not-yet-the-Makesfiles-.patch using plaintext: 
patching file drivers/media/platform/Kconfig
patching file drivers/media/platform/Makefile
patching file drivers/media/platform/raspberrypi/Kconfig
patching file drivers/media/platform/raspberrypi/Makefile
patching file drivers/media/platform/raspberrypi/pisp_be/Kconfig
patching file drivers/media/platform/raspberrypi/pisp_be/Makefile
patching file drivers/media/platform/raspberrypi/pisp_be/pisp_be.c
patching file drivers/media/platform/raspberrypi/pisp_be/pisp_be_config.h
patching file drivers/media/platform/raspberrypi/pisp_be/pisp_be_formats.h
patching file drivers/media/v4l2-core/v4l2-ioctl.c
patching file include/media/raspberrypi/pisp_common.h
patching file include/media/raspberrypi/pisp_types.h
patching file include/uapi/linux/videodev2.h

Applying /home/joseca/openmanet-firmware/target/linux/bcm27xx/patches-6.6/950-0516-irqchip-irq-bcm2712-mip-Support-for-2712-s-MIP.patch using plaintext: 
patching file drivers/irqchip/Kconfig
patching file drivers/irqchip/Makefile
patching file drivers/irqchip/irq-bcm2712-mip.c

Applying /home/joseca/openmanet-firmware/target/linux/bcm27xx/patches-6.6/950-0517-reset-reset-brcmstb-rescal-Support-shared-use.patch using plaintext: 
patching file drivers/reset/reset-brcmstb-rescal.c

Applying /home/joseca/openmanet-firmware/target/linux/bcm27xx/patches-6.6/950-0518-net-macb-Also-set-DMA-coherent-mask.patch using plaintext: 
patching file drivers/net/ethernet/cadence/macb.h
patching file drivers/net/ethernet/cadence/macb_main.c

Applying /home/joseca/openmanet-firmware/target/linux/bcm27xx/patches-6.6/950-0520-drm-panel-raspberrypi-touchscreen-Insert-more-delays.patch using plaintext: 
patching file drivers/gpu/drm/panel/panel-raspberrypi-touchscreen.c

Applying /home/joseca/openmanet-firmware/target/linux/bcm27xx/patches-6.6/950-0521-PCI-brcmstb-Add-BCM2712-support.patch using plaintext: 
patching file drivers/pci/controller/pcie-brcmstb.c

Applying /home/joseca/openmanet-firmware/target/linux/bcm27xx/patches-6.6/950-0522-V4L2-Add-PiSP-opaque-formats-to-V4L2.patch using plaintext: 
patching file drivers/media/v4l2-core/v4l2-ioctl.c
patching file include/uapi/linux/videodev2.h

Applying /home/joseca/openmanet-firmware/target/linux/bcm27xx/patches-6.6/950-0523-V4L2-Add-PiSP-compressed-formats-to-V4L2.patch using plaintext: 
patching file drivers/media/v4l2-core/v4l2-ioctl.c
patching file include/uapi/linux/videodev2.h

Applying /home/joseca/openmanet-firmware/target/linux/bcm27xx/patches-6.6/950-0525-dt-binding-mfd-Add-binding-for-Raspberry-Pi-RP1.patch using plaintext: 
patching file include/dt-bindings/mfd/rp1.h

Applying /home/joseca/openmanet-firmware/target/linux/bcm27xx/patches-6.6/950-0526-mfd-Add-rp1-driver.patch using plaintext: 
patching file drivers/mfd/Kconfig
patching file drivers/mfd/Makefile
patching file drivers/mfd/rp1.c
patching file include/linux/rp1_platform.h

Applying /home/joseca/openmanet-firmware/target/linux/bcm27xx/patches-6.6/950-0527-dt-bindings-clock-Add-bindings-for-Raspberry-Pi-RP1.patch using plaintext: 
patching file include/dt-bindings/clock/rp1.h

Applying /home/joseca/openmanet-firmware/target/linux/bcm27xx/patches-6.6/950-0528-clk-Add-rp1-clock-driver.patch using plaintext: 
patching file drivers/clk/Kconfig
patching file drivers/clk/Makefile
patching file drivers/clk/clk-rp1.c
patching file include/dt-bindings/clock/rp1.h

Applying /home/joseca/openmanet-firmware/target/linux/bcm27xx/patches-6.6/950-0529-dt-bindings-pinctrl-Add-bindings-for-Raspberry-Pi-RP.patch using plaintext: 
patching file include/dt-bindings/pinctrl/rp1.h

Applying /home/joseca/openmanet-firmware/target/linux/bcm27xx/patches-6.6/950-0530-pinctrl-Add-rp1-driver.patch using plaintext: 
patching file drivers/pinctrl/Kconfig
patching file drivers/pinctrl/Makefile
patching file drivers/pinctrl/pinctrl-rp1.c
patching file include/dt-bindings/pinctrl/rp1.h

Applying /home/joseca/openmanet-firmware/target/linux/bcm27xx/patches-6.6/950-0531-serial-pl011-rp1-uart-support.patch using plaintext: 
patching file drivers/tty/serial/amba-pl011.c

Applying /home/joseca/openmanet-firmware/target/linux/bcm27xx/patches-6.6/950-0532-mmc-sdhci-of-dwcmshc-define-sdio-timeout-clocks.patch using plaintext: 
patching file drivers/mmc/host/sdhci-of-dwcmshc.c
patching file drivers/mmc/host/sdhci-pltfm.c
patching file drivers/mmc/host/sdhci-pltfm.h

Applying /home/joseca/openmanet-firmware/target/linux/bcm27xx/patches-6.6/950-0533-mmc-sdhci-of-dwcmshc-rp1-sdio-changes.patch using plaintext: 
patching file drivers/mmc/host/sdhci-of-dwcmshc.c

Applying /home/joseca/openmanet-firmware/target/linux/bcm27xx/patches-6.6/950-0534-clk-rp1-Add-sdio-clk-driver.patch using plaintext: 
patching file drivers/clk/Kconfig
patching file drivers/clk/Makefile
patching file drivers/clk/clk-rp1-sdio.c

Applying /home/joseca/openmanet-firmware/target/linux/bcm27xx/patches-6.6/950-0535-i2c-designware-Add-SMBUS-quick-command-support.patch using plaintext: 
patching file drivers/i2c/busses/i2c-designware-core.h
patching file drivers/i2c/busses/i2c-designware-master.c

Applying /home/joseca/openmanet-firmware/target/linux/bcm27xx/patches-6.6/950-0537-spi-dw-Handle-combined-tx-and-rx-messages.patch using plaintext: 
patching file drivers/spi/spi-dw-core.c
patching file drivers/spi/spi-dw-mmio.c

Applying /home/joseca/openmanet-firmware/target/linux/bcm27xx/patches-6.6/950-0538-pwm-Add-support-for-RP1-PWM.patch using plaintext: 
patching file Documentation/devicetree/bindings/pwm/pwm-rp1.yaml
patching file drivers/pwm/Kconfig
patching file drivers/pwm/Makefile
patching file drivers/pwm/pwm-rp1.c

Applying /home/joseca/openmanet-firmware/target/linux/bcm27xx/patches-6.6/950-0539-drm-Add-RP1-DSI-driver.patch using plaintext: 
patching file drivers/gpu/drm/Kconfig
patching file drivers/gpu/drm/Makefile
patching file drivers/gpu/drm/rp1/Kconfig
patching file drivers/gpu/drm/rp1/Makefile
patching file drivers/gpu/drm/rp1/rp1-dsi/Kconfig
patching file drivers/gpu/drm/rp1/rp1-dsi/Makefile
patching file drivers/gpu/drm/rp1/rp1-dsi/rp1_dsi.c
patching file drivers/gpu/drm/rp1/rp1-dsi/rp1_dsi.h
patching file drivers/gpu/drm/rp1/rp1-dsi/rp1_dsi_dma.c
patching file drivers/gpu/drm/rp1/rp1-dsi/rp1_dsi_dsi.c

Applying /home/joseca/openmanet-firmware/target/linux/bcm27xx/patches-6.6/950-0540-drm-Add-RP1-DPI-driver.patch using plaintext: 
patching file drivers/gpu/drm/rp1/rp1-dpi/Kconfig
patching file drivers/gpu/drm/rp1/rp1-dpi/Makefile
patching file drivers/gpu/drm/rp1/rp1-dpi/rp1_dpi.c
patching file drivers/gpu/drm/rp1/rp1-dpi/rp1_dpi.h
patching file drivers/gpu/drm/rp1/rp1-dpi/rp1_dpi_cfg.c
patching file drivers/gpu/drm/rp1/rp1-dpi/rp1_dpi_hw.c

Applying /home/joseca/openmanet-firmware/target/linux/bcm27xx/patches-6.6/950-0541-drm-Add-RP1-VEC-driver.patch using plaintext: 
patching file drivers/gpu/drm/rp1/rp1-vec/Kconfig
patching file drivers/gpu/drm/rp1/rp1-vec/Makefile
patching file drivers/gpu/drm/rp1/rp1-vec/rp1_vec.c
patching file drivers/gpu/drm/rp1/rp1-vec/rp1_vec.h
patching file drivers/gpu/drm/rp1/rp1-vec/rp1_vec_cfg.c
patching file drivers/gpu/drm/rp1/rp1-vec/rp1_vec_hw.c
patching file drivers/gpu/drm/rp1/rp1-vec/vec_regs.h

Applying /home/joseca/openmanet-firmware/target/linux/bcm27xx/patches-6.6/950-0542-v4l2-Add-pisp-compression-format-support-to-v4l2.patch using plaintext: 
patching file drivers/media/v4l2-core/v4l2-ioctl.c
patching file include/uapi/linux/media-bus-format.h
patching file include/uapi/linux/videodev2.h

Applying /home/joseca/openmanet-firmware/target/linux/bcm27xx/patches-6.6/950-0543-media-rp1-Add-CFE-Camera-Front-End-support.patch using plaintext: 
patching file drivers/media/platform/raspberrypi/Kconfig
patching file drivers/media/platform/raspberrypi/Makefile
patching file drivers/media/platform/raspberrypi/rp1_cfe/Kconfig
patching file drivers/media/platform/raspberrypi/rp1_cfe/Makefile
patching file drivers/media/platform/raspberrypi/rp1_cfe/cfe.c
patching file drivers/media/platform/raspberrypi/rp1_cfe/cfe.h
patching file drivers/media/platform/raspberrypi/rp1_cfe/cfe_fmts.h
patching file drivers/media/platform/raspberrypi/rp1_cfe/csi2.c
patching file drivers/media/platform/raspberrypi/rp1_cfe/csi2.h
patching file drivers/media/platform/raspberrypi/rp1_cfe/dphy.c
patching file drivers/media/platform/raspberrypi/rp1_cfe/dphy.h
patching file drivers/media/platform/raspberrypi/rp1_cfe/pisp_common.h
patching file drivers/media/platform/raspberrypi/rp1_cfe/pisp_fe.c
patching file drivers/media/platform/raspberrypi/rp1_cfe/pisp_fe.h
patching file drivers/media/platform/raspberrypi/rp1_cfe/pisp_fe_config.h
patching file drivers/media/platform/raspberrypi/rp1_cfe/pisp_statistics.h
patching file drivers/media/platform/raspberrypi/rp1_cfe/pisp_types.h

Applying /home/joseca/openmanet-firmware/target/linux/bcm27xx/patches-6.6/950-0544-dt-bindings-net-cdns-macb-AXI-tuning-properties.patch using plaintext: 
patching file Documentation/devicetree/bindings/net/cdns,macb.yaml

Applying /home/joseca/openmanet-firmware/target/linux/bcm27xx/patches-6.6/950-0545-ASoC-dwc-Support-set_bclk_ratio.patch using plaintext: 
patching file sound/soc/dwc/dwc-i2s.c

Applying /home/joseca/openmanet-firmware/target/linux/bcm27xx/patches-6.6/950-0546-ASoC-dwc-Add-DMACR-handling.patch using plaintext: 
patching file sound/soc/dwc/dwc-i2s.c
patching file sound/soc/dwc/local.h

Applying /home/joseca/openmanet-firmware/target/linux/bcm27xx/patches-6.6/950-0547-ASOC-dwc-Improve-DMA-shutdown.patch using plaintext: 
patching file sound/soc/dwc/dwc-i2s.c

Applying /home/joseca/openmanet-firmware/target/linux/bcm27xx/patches-6.6/950-0548-ASOC-dwc-Fix-16-bit-audio-handling.patch using plaintext: 
patching file sound/soc/dwc/dwc-i2s.c

Applying /home/joseca/openmanet-firmware/target/linux/bcm27xx/patches-6.6/950-0549-ASoC-bcm-Remove-dependency-on-BCM2835-I2S.patch using plaintext: 
patching file sound/soc/bcm/Kconfig

Applying /home/joseca/openmanet-firmware/target/linux/bcm27xx/patches-6.6/950-0550-hwmon-Add-RP1-ADC-and-temperature-driver.patch using plaintext: 
patching file drivers/hwmon/Kconfig
patching file drivers/hwmon/Makefile
patching file drivers/hwmon/rp1-adc.c

Applying /home/joseca/openmanet-firmware/target/linux/bcm27xx/patches-6.6/950-0551-mfd-bcm2835-pm-Add-support-for-BCM2712.patch using plaintext: 
patching file drivers/mfd/bcm2835-pm.c

Applying /home/joseca/openmanet-firmware/target/linux/bcm27xx/patches-6.6/950-0552-soc-bcm-bcm2835-power-Add-support-for-BCM2712.patch using plaintext: 
patching file drivers/pmdomain/bcm/bcm2835-power.c

Applying /home/joseca/openmanet-firmware/target/linux/bcm27xx/patches-6.6/950-0553-spi-gpio-Fix-spi-gpio-to-correctly-implement-sck-idl.patch using plaintext: 
patching file drivers/spi/spi-gpio.c

Applying /home/joseca/openmanet-firmware/target/linux/bcm27xx/patches-6.6/950-0554-spi-spi-gpio-Implement-spidelay-when-requested-bit-r.patch using plaintext: 
patching file drivers/spi/spi-gpio.c

Applying /home/joseca/openmanet-firmware/target/linux/bcm27xx/patches-6.6/950-0555-drm-v3d-fix-up-register-addresses-for-V3D-7.x.patch using plaintext: 
patching file drivers/gpu/drm/v3d/v3d_debugfs.c
patching file drivers/gpu/drm/v3d/v3d_gem.c
patching file drivers/gpu/drm/v3d/v3d_irq.c
patching file drivers/gpu/drm/v3d/v3d_regs.h
patching file drivers/gpu/drm/v3d/v3d_sched.c

Applying /home/joseca/openmanet-firmware/target/linux/bcm27xx/patches-6.6/950-0556-drm-v3d-update-UAPI-to-match-user-space-for-V3D-7.x.patch using plaintext: 
patching file include/uapi/drm/v3d_drm.h

Applying /home/joseca/openmanet-firmware/target/linux/bcm27xx/patches-6.6/950-0557-drm-v3d-add-brcm-2712-v3d-as-a-compatible-V3D-device.patch using plaintext: 
patching file drivers/gpu/drm/v3d/v3d_drv.c

Applying /home/joseca/openmanet-firmware/target/linux/bcm27xx/patches-6.6/950-0559-dt-bindings-gpu-v3d-Add-BCM2712-to-compatibility-lis.patch using plaintext: 
patching file Documentation/devicetree/bindings/gpu/brcm,bcm-v3d.yaml

Applying /home/joseca/openmanet-firmware/target/linux/bcm27xx/patches-6.6/950-0560-drivers-hwmon-rp1-adc-check-conversion-validity-befo.patch using plaintext: 
patching file drivers/hwmon/rp1-adc.c

Applying /home/joseca/openmanet-firmware/target/linux/bcm27xx/patches-6.6/950-0561-dmaengine-bcm2835-Add-BCM2712-support.patch using plaintext: 
patching file drivers/dma/bcm2835-dma.c

Applying /home/joseca/openmanet-firmware/target/linux/bcm27xx/patches-6.6/950-0562-dmaengine-bcm2835-HACK-Support-DMA-Lite-channels.patch using plaintext: 
patching file drivers/dma/bcm2835-dma.c

Applying /home/joseca/openmanet-firmware/target/linux/bcm27xx/patches-6.6/950-0563-clk-bcm-rpi-Add-disp-clock.patch using plaintext: 
patching file drivers/clk/bcm/clk-raspberrypi.c
patching file include/soc/bcm2835/raspberrypi-firmware.h

Applying /home/joseca/openmanet-firmware/target/linux/bcm27xx/patches-6.6/950-0564-net-phy-broadcom-optionally-enable-link-down-powersa.patch using plaintext: 
patching file drivers/net/phy/broadcom.c

Applying /home/joseca/openmanet-firmware/target/linux/bcm27xx/patches-6.6/950-0565-dmaengine-bcm2835-Rename-to_bcm2711_cbaddr-to-to_40b.patch using plaintext: 
patching file drivers/dma/bcm2835-dma.c

Applying /home/joseca/openmanet-firmware/target/linux/bcm27xx/patches-6.6/950-0566-dmaengine-bcm2835-Fix-dma-driver-for-BCM2835-38.patch using plaintext: 
patching file drivers/dma/bcm2835-dma.c

Applying /home/joseca/openmanet-firmware/target/linux/bcm27xx/patches-6.6/950-0567-drivers-iommu-Add-BCM2712-IOMMU.patch using plaintext: 
patching file drivers/iommu/Kconfig
patching file drivers/iommu/Makefile
patching file drivers/iommu/bcm2712-iommu-cache.c
patching file drivers/iommu/bcm2712-iommu.c
patching file drivers/iommu/bcm2712-iommu.h

Applying /home/joseca/openmanet-firmware/target/linux/bcm27xx/patches-6.6/950-0568-irqchip-irq-brcmstb-l2-Add-config-for-2711-controlle.patch using plaintext: 
patching file drivers/irqchip/irq-brcmstb-l2.c

Applying /home/joseca/openmanet-firmware/target/linux/bcm27xx/patches-6.6/950-0569-rtc-rtc-rpi-Add-simple-RTC-driver-for-Raspberry-Pi.patch using plaintext: 
patching file drivers/rtc/Kconfig
patching file drivers/rtc/Makefile
patching file drivers/rtc/rtc-rpi.c

Applying /home/joseca/openmanet-firmware/target/linux/bcm27xx/patches-6.6/950-0570-dt-bindings-rtc-new-binding-for-Raspberry-Pi-RTC-dri.patch using plaintext: 
patching file Documentation/devicetree/bindings/rtc/rtc-rpi.txt

Applying /home/joseca/openmanet-firmware/target/linux/bcm27xx/patches-6.6/950-0571-hwmon-pwm-fan-Add-fan-speed-register-support.patch using plaintext: 
patching file drivers/hwmon/pwm-fan.c

Applying /home/joseca/openmanet-firmware/target/linux/bcm27xx/patches-6.6/950-0573-dt-bindings-update-rpi-rtc-binding.patch using plaintext: 
patching file Documentation/devicetree/bindings/rtc/rtc-rpi.txt

Applying /home/joseca/openmanet-firmware/target/linux/bcm27xx/patches-6.6/950-0574-drivers-rtc-rpi-add-battery-charge-circuit-control-a.patch using plaintext: 
patching file drivers/rtc/rtc-rpi.c

Applying /home/joseca/openmanet-firmware/target/linux/bcm27xx/patches-6.6/950-0575-vc4_drv-Avoid-panic-when-booted-with-no-kms.patch using plaintext: 
patching file drivers/gpu/drm/vc4/vc4_drv.c

Applying /home/joseca/openmanet-firmware/target/linux/bcm27xx/patches-6.6/950-0576-drm-vc4-Treat-zero-sized-destination-as-full-screen.patch using plaintext: 
patching file drivers/gpu/drm/vc4/vc4_plane.c

Applying /home/joseca/openmanet-firmware/target/linux/bcm27xx/patches-6.6/950-0577-drm-vc4-Fix-FKMS-for-when-the-YUV-chroma-planes-are-.patch using plaintext: 
patching file drivers/gpu/drm/vc4/vc4_firmware_kms.c

Applying /home/joseca/openmanet-firmware/target/linux/bcm27xx/patches-6.6/950-0578-drm-vc4-hdmi-Enable-the-audio-clock.patch using plaintext: 
patching file drivers/gpu/drm/vc4/vc4_hdmi.c

Applying /home/joseca/openmanet-firmware/target/linux/bcm27xx/patches-6.6/950-0579-drm-vc4-hdmi-Warn-if-writing-to-an-unknown-HDMI-regi.patch using plaintext: 
patching file drivers/gpu/drm/vc4/vc4_hdmi_regs.h

Applying /home/joseca/openmanet-firmware/target/linux/bcm27xx/patches-6.6/950-0580-drm-vc4-hvs-More-logging-for-dlist-generation.patch using plaintext: 
patching file drivers/gpu/drm/vc4/vc4_hvs.c

Applying /home/joseca/openmanet-firmware/target/linux/bcm27xx/patches-6.6/950-0581-drm-vc4-hvs-Print-error-if-we-fail-an-allocation.patch using plaintext: 
patching file drivers/gpu/drm/vc4/vc4_hvs.c
patching file drivers/gpu/drm/vc4/vc4_plane.c

Applying /home/joseca/openmanet-firmware/target/linux/bcm27xx/patches-6.6/950-0582-drm-vc4-plane-Add-more-debugging-for-LBM-allocation.patch using plaintext: 
patching file drivers/gpu/drm/vc4/vc4_plane.c

Applying /home/joseca/openmanet-firmware/target/linux/bcm27xx/patches-6.6/950-0583-drm-vc4-plane-Use-return-variable-in-atomic_check.patch using plaintext: 
patching file drivers/gpu/drm/vc4/vc4_plane.c

Applying /home/joseca/openmanet-firmware/target/linux/bcm27xx/patches-6.6/950-0584-drm-vc4-crtc-Move-assigned_channel-to-a-variable.patch using plaintext: 
patching file drivers/gpu/drm/vc4/vc4_crtc.c

Applying /home/joseca/openmanet-firmware/target/linux/bcm27xx/patches-6.6/950-0585-drm-vc4-Introduce-generation-number-enum.patch using plaintext: 
patching file drivers/gpu/drm/vc4/tests/vc4_mock.c
patching file drivers/gpu/drm/vc4/vc4_bo.c
patching file drivers/gpu/drm/vc4/vc4_crtc.c
patching file drivers/gpu/drm/vc4/vc4_drv.c
patching file drivers/gpu/drm/vc4/vc4_drv.h
patching file drivers/gpu/drm/vc4/vc4_gem.c
patching file drivers/gpu/drm/vc4/vc4_hdmi.c
patching file drivers/gpu/drm/vc4/vc4_hvs.c
patching file drivers/gpu/drm/vc4/vc4_irq.c
patching file drivers/gpu/drm/vc4/vc4_kms.c
patching file drivers/gpu/drm/vc4/vc4_perfmon.c
patching file drivers/gpu/drm/vc4/vc4_plane.c
patching file drivers/gpu/drm/vc4/vc4_render_cl.c
patching file drivers/gpu/drm/vc4/vc4_v3d.c
patching file drivers/gpu/drm/vc4/vc4_validate.c
patching file drivers/gpu/drm/vc4/vc4_validate_shaders.c

Applying /home/joseca/openmanet-firmware/target/linux/bcm27xx/patches-6.6/950-0586-drm-vc4-Make-v3d-paths-unavailable-on-any-generation.patch using plaintext: 
patching file drivers/gpu/drm/vc4/vc4_bo.c
patching file drivers/gpu/drm/vc4/vc4_crtc.c
patching file drivers/gpu/drm/vc4/vc4_drv.c
patching file drivers/gpu/drm/vc4/vc4_gem.c
patching file drivers/gpu/drm/vc4/vc4_irq.c
patching file drivers/gpu/drm/vc4/vc4_kms.c
patching file drivers/gpu/drm/vc4/vc4_perfmon.c
patching file drivers/gpu/drm/vc4/vc4_render_cl.c
patching file drivers/gpu/drm/vc4/vc4_v3d.c
patching file drivers/gpu/drm/vc4/vc4_validate.c
patching file drivers/gpu/drm/vc4/vc4_validate_shaders.c

Applying /home/joseca/openmanet-firmware/target/linux/bcm27xx/patches-6.6/950-0587-drm-vc4-hvs-Use-switch-statement-to-simplify-vc4_hvs.patch using plaintext: 
patching file drivers/gpu/drm/vc4/vc4_hvs.c

Applying /home/joseca/openmanet-firmware/target/linux/bcm27xx/patches-6.6/950-0588-drm-vc4-hvs-Use-switch-statement-to-simplify-enablin.patch using plaintext: 
patching file drivers/gpu/drm/vc4/vc4_hvs.c

Applying /home/joseca/openmanet-firmware/target/linux/bcm27xx/patches-6.6/950-0589-drm-vc4-hvs-Test-if-the-EOF-interrupts-are-enabled.patch using plaintext: 
patching file drivers/gpu/drm/vc4/vc4_drv.h
patching file drivers/gpu/drm/vc4/vc4_hvs.c

Applying /home/joseca/openmanet-firmware/target/linux/bcm27xx/patches-6.6/950-0590-drm-vc4-hvs-Create-hw_init-function.patch using plaintext: 
patching file drivers/gpu/drm/vc4/vc4_hvs.c

Applying /home/joseca/openmanet-firmware/target/linux/bcm27xx/patches-6.6/950-0591-drm-vc4-hvs-Create-cob_init-function.patch using plaintext: 
patching file drivers/gpu/drm/vc4/vc4_hvs.c

Applying /home/joseca/openmanet-firmware/target/linux/bcm27xx/patches-6.6/950-0592-drm-vc4-hvs-Rename-hvs_regs-list.patch using plaintext: 
patching file drivers/gpu/drm/vc4/vc4_hvs.c

Applying /home/joseca/openmanet-firmware/target/linux/bcm27xx/patches-6.6/950-0593-drm-vc4-plane-Change-ptr0_offset-to-an-array.patch using plaintext: 
patching file drivers/gpu/drm/vc4/vc4_drv.h
patching file drivers/gpu/drm/vc4/vc4_plane.c

Applying /home/joseca/openmanet-firmware/target/linux/bcm27xx/patches-6.6/950-0594-drm-vc4-hvs-Rework-LBM-alignment.patch using plaintext: 
patching file drivers/gpu/drm/vc4/vc4_plane.c

Applying /home/joseca/openmanet-firmware/target/linux/bcm27xx/patches-6.6/950-0595-drm-vc4-hvs-Change-prototype-of-__vc4_hvs_alloc-to-p.patch using plaintext: 
patching file drivers/gpu/drm/vc4/tests/vc4_mock.c
patching file drivers/gpu/drm/vc4/vc4_drv.h
patching file drivers/gpu/drm/vc4/vc4_hvs.c

Applying /home/joseca/openmanet-firmware/target/linux/bcm27xx/patches-6.6/950-0596-drm-vc4-UV-planes-vertical-scaling-must-always-be-en.patch using plaintext: 
patching file drivers/gpu/drm/vc4/vc4_plane.c

Applying /home/joseca/openmanet-firmware/target/linux/bcm27xx/patches-6.6/950-0598-drm-vc4-Move-the-buffer-offset-out-of-the-vc4_plane_.patch using plaintext: 
patching file drivers/gpu/drm/vc4/vc4_drv.h
patching file drivers/gpu/drm/vc4/vc4_plane.c

Applying /home/joseca/openmanet-firmware/target/linux/bcm27xx/patches-6.6/950-0601-drm-vc4-hvs-Remove-ABORT_ON_EMPTY-flag.patch using plaintext: 
patching file drivers/gpu/drm/vc4/vc4_hdmi.c
patching file drivers/gpu/drm/vc4/vc4_regs.h

Applying /home/joseca/openmanet-firmware/target/linux/bcm27xx/patches-6.6/950-0602-drm-vc4-Enable-SCALER_CONTROL-early-in-HVS-init.patch using plaintext: 
patching file drivers/gpu/drm/vc4/vc4_hvs.c

Applying /home/joseca/openmanet-firmware/target/linux/bcm27xx/patches-6.6/950-0603-dt-bindings-display-Add-BCM2712-HDMI-bindings.patch using plaintext: 
patching file Documentation/devicetree/bindings/display/brcm,bcm2711-hdmi.yaml

Applying /home/joseca/openmanet-firmware/target/linux/bcm27xx/patches-6.6/950-0604-dt-bindings-display-Add-BCM2712-HVS-bindings.patch using plaintext: 
patching file Documentation/devicetree/bindings/display/brcm,bcm2835-hvs.yaml

Applying /home/joseca/openmanet-firmware/target/linux/bcm27xx/patches-6.6/950-0605-dt-bindings-display-Add-BCM2712-PixelValve-bindings.patch using plaintext: 
patching file Documentation/devicetree/bindings/display/brcm,bcm2835-pixelvalve0.yaml

Applying /home/joseca/openmanet-firmware/target/linux/bcm27xx/patches-6.6/950-0606-dt-bindings-display-Add-BCM2712-MOP-bindings.patch using plaintext: 
patching file Documentation/devicetree/bindings/display/brcm,bcm2835-txp.yaml

Applying /home/joseca/openmanet-firmware/target/linux/bcm27xx/patches-6.6/950-0607-dt-bindings-display-Add-BCM2712-MOPLET-bindings.patch using plaintext: 
patching file Documentation/devicetree/bindings/display/brcm,bcm2835-txp.yaml

Applying /home/joseca/openmanet-firmware/target/linux/bcm27xx/patches-6.6/950-0608-dt-bindings-display-Add-BCM2712-KMS-driver-bindings.patch using plaintext: 
patching file Documentation/devicetree/bindings/display/brcm,bcm2835-vc4.yaml

Applying /home/joseca/openmanet-firmware/target/linux/bcm27xx/patches-6.6/950-0609-drm-vc4-drv-Support-BCM2712.patch using plaintext: 
patching file drivers/gpu/drm/vc4/vc4_drv.c
patching file drivers/gpu/drm/vc4/vc4_drv.h

Applying /home/joseca/openmanet-firmware/target/linux/bcm27xx/patches-6.6/950-0610-drm-vc4-hvs-Support-BCM2712-HVS.patch using plaintext: 
patching file drivers/gpu/drm/vc4/vc4_crtc.c
patching file drivers/gpu/drm/vc4/vc4_drv.c
patching file drivers/gpu/drm/vc4/vc4_drv.h
patching file drivers/gpu/drm/vc4/vc4_hvs.c
patching file drivers/gpu/drm/vc4/vc4_kms.c
patching file drivers/gpu/drm/vc4/vc4_plane.c
patching file drivers/gpu/drm/vc4/vc4_regs.h

Applying /home/joseca/openmanet-firmware/target/linux/bcm27xx/patches-6.6/950-0611-drm-vc4-crtc-Add-support-for-BCM2712-PixelValves.patch using plaintext: 
patching file drivers/gpu/drm/vc4/vc4_crtc.c
patching file drivers/gpu/drm/vc4/vc4_drv.h
patching file drivers/gpu/drm/vc4/vc4_regs.h

Applying /home/joseca/openmanet-firmware/target/linux/bcm27xx/patches-6.6/950-0612-drm-vc4-hdmi-Add-support-for-BCM2712-HDMI-controller.patch using plaintext: 
patching file drivers/gpu/drm/vc4/vc4_hdmi.c
patching file drivers/gpu/drm/vc4/vc4_hdmi.h
patching file drivers/gpu/drm/vc4/vc4_hdmi_phy.c
patching file drivers/gpu/drm/vc4/vc4_hdmi_regs.h

Applying /home/joseca/openmanet-firmware/target/linux/bcm27xx/patches-6.6/950-0613-drm-vc4-txp-Introduce-structure-to-deal-with-revisio.patch using plaintext: 
patching file drivers/gpu/drm/vc4/tests/vc4_mock.c
patching file drivers/gpu/drm/vc4/vc4_drv.h
patching file drivers/gpu/drm/vc4/vc4_txp.c

Applying /home/joseca/openmanet-firmware/target/linux/bcm27xx/patches-6.6/950-0614-drm-vc4-txp-Rename-TXP-data-structure.patch using plaintext: 
patching file drivers/gpu/drm/vc4/tests/vc4_mock.c
patching file drivers/gpu/drm/vc4/vc4_drv.h
patching file drivers/gpu/drm/vc4/vc4_txp.c

Applying /home/joseca/openmanet-firmware/target/linux/bcm27xx/patches-6.6/950-0615-drm-vc4-txp-Add-byte-enable-toggle-bit.patch using plaintext: 
patching file drivers/gpu/drm/vc4/vc4_drv.h
patching file drivers/gpu/drm/vc4/vc4_txp.c

Applying /home/joseca/openmanet-firmware/target/linux/bcm27xx/patches-6.6/950-0616-drm-vc4-txp-Add-horizontal-and-vertical-size-offset-.patch using plaintext: 
patching file drivers/gpu/drm/vc4/vc4_drv.h
patching file drivers/gpu/drm/vc4/vc4_txp.c

Applying /home/joseca/openmanet-firmware/target/linux/bcm27xx/patches-6.6/950-0617-drm-vc4-txp-Handle-40-bits-DMA-Addresses.patch using plaintext: 
patching file drivers/gpu/drm/vc4/vc4_drv.h
patching file drivers/gpu/drm/vc4/vc4_txp.c

Applying /home/joseca/openmanet-firmware/target/linux/bcm27xx/patches-6.6/950-0618-drm-vc4-txp-Move-the-encoder-type-in-the-variant-str.patch using plaintext: 
patching file drivers/gpu/drm/vc4/vc4_drv.h
patching file drivers/gpu/drm/vc4/vc4_txp.c

Applying /home/joseca/openmanet-firmware/target/linux/bcm27xx/patches-6.6/950-0619-drm-vc4-txp-Add-a-new-TXP-encoder-type.patch using plaintext: 
patching file drivers/gpu/drm/vc4/tests/vc4_mock.c
patching file drivers/gpu/drm/vc4/tests/vc4_test_pv_muxing.c
patching file drivers/gpu/drm/vc4/vc4_drv.h
patching file drivers/gpu/drm/vc4/vc4_kms.c
patching file drivers/gpu/drm/vc4/vc4_txp.c

Applying /home/joseca/openmanet-firmware/target/linux/bcm27xx/patches-6.6/950-0620-drm-vc4-txp-Add-support-for-BCM2712-MOP.patch using plaintext: 
patching file drivers/gpu/drm/vc4/vc4_txp.c

Applying /home/joseca/openmanet-firmware/target/linux/bcm27xx/patches-6.6/950-0621-drm-vc4-txp-Add-BCM2712-MOPLET-support.patch using plaintext: 
patching file drivers/gpu/drm/vc4/vc4_txp.c

Applying /home/joseca/openmanet-firmware/target/linux/bcm27xx/patches-6.6/950-0622-drm-vc4-Add-additional-warn_on.patch using plaintext: 
patching file drivers/gpu/drm/vc4/vc4_hvs.c
patching file drivers/gpu/drm/vc4/vc4_kms.c
patching file drivers/gpu/drm/vc4/vc4_plane.c

Applying /home/joseca/openmanet-firmware/target/linux/bcm27xx/patches-6.6/950-0623-drm-vc4-tests-Switch-generation-mockup-to-a-switch.patch using plaintext: 
patching file drivers/gpu/drm/vc4/tests/vc4_mock.c

Applying /home/joseca/openmanet-firmware/target/linux/bcm27xx/patches-6.6/950-0624-drm-vc4-tests-Drop-drm-parameter-for-vc4_find_crtc_f.patch using plaintext: 
patching file drivers/gpu/drm/vc4/tests/vc4_mock.h
patching file drivers/gpu/drm/vc4/tests/vc4_mock_output.c
patching file drivers/gpu/drm/vc4/tests/vc4_test_pv_muxing.c

Applying /home/joseca/openmanet-firmware/target/linux/bcm27xx/patches-6.6/950-0625-drm-vc4-tests-Return-the-allocated-output.patch using plaintext: 
patching file drivers/gpu/drm/vc4/tests/vc4_mock.h
patching file drivers/gpu/drm/vc4/tests/vc4_mock_output.c
patching file drivers/gpu/drm/vc4/tests/vc4_test_pv_muxing.c

Applying /home/joseca/openmanet-firmware/target/linux/bcm27xx/patches-6.6/950-0626-drm-vc4-tests-Add-BCM2712-mock-driver.patch using plaintext: 
patching file drivers/gpu/drm/vc4/tests/vc4_mock.c
patching file drivers/gpu/drm/vc4/tests/vc4_mock.h
patching file drivers/gpu/drm/vc4/vc4_drv.h

Applying /home/joseca/openmanet-firmware/target/linux/bcm27xx/patches-6.6/950-0627-drm-vc4-tests-Add-tests-for-BCM2712-PixelValve-Muxin.patch using plaintext: 
patching file drivers/gpu/drm/vc4/tests/vc4_test_pv_muxing.c

Applying /home/joseca/openmanet-firmware/target/linux/bcm27xx/patches-6.6/950-0628-drm-vc4-fkms-Rename-plane-related-functions.patch using plaintext: 
patching file drivers/gpu/drm/vc4/vc4_firmware_kms.c

Applying /home/joseca/openmanet-firmware/target/linux/bcm27xx/patches-6.6/950-0629-drm-vc4-tests-Use-custom-plane-state-for-mock.patch using plaintext: 
patching file drivers/gpu/drm/vc4/tests/vc4_mock_plane.c
patching file drivers/gpu/drm/vc4/vc4_drv.h
patching file drivers/gpu/drm/vc4/vc4_plane.c

Applying /home/joseca/openmanet-firmware/target/linux/bcm27xx/patches-6.6/950-0630-drm-vc4-tests-Add-function-to-lookup-a-plane-for-a-C.patch using plaintext: 
patching file drivers/gpu/drm/vc4/tests/vc4_mock.h

Applying /home/joseca/openmanet-firmware/target/linux/bcm27xx/patches-6.6/950-0631-drm-vc4-tests-Add-helper-to-add-a-new-plane-to-a-sta.patch using plaintext: 
patching file drivers/gpu/drm/vc4/tests/vc4_mock.h
patching file drivers/gpu/drm/vc4/tests/vc4_mock_plane.c

Applying /home/joseca/openmanet-firmware/target/linux/bcm27xx/patches-6.6/950-0632-drm-vc4-tests-Support-a-few-more-plane-formats.patch using plaintext: 
patching file drivers/gpu/drm/vc4/tests/vc4_mock_plane.c

Applying /home/joseca/openmanet-firmware/target/linux/bcm27xx/patches-6.6/950-0633-drm-vc4-tests-Introduce-a-test-for-LBM-buffer-size.patch using plaintext: 
patching file drivers/gpu/drm/vc4/Makefile
patching file drivers/gpu/drm/vc4/tests/vc4_test_lbm_size.c
patching file drivers/gpu/drm/vc4/tests/vc4_test_pv_muxing.c

Applying /home/joseca/openmanet-firmware/target/linux/bcm27xx/patches-6.6/950-0634-drm-vc4-kms-Avoid-setting-core-and-disp-clocks-for-h.patch using plaintext: 
patching file drivers/gpu/drm/vc4/vc4_kms.c

Applying /home/joseca/openmanet-firmware/target/linux/bcm27xx/patches-6.6/950-0636-drm-panel-simple-Alter-the-timing-for-the-Pi-7-DSI-d.patch using plaintext: 
patching file drivers/gpu/drm/panel/panel-simple.c

Applying /home/joseca/openmanet-firmware/target/linux/bcm27xx/patches-6.6/950-0637-drm-panel-waveshare-Fix-up-timings-for-10.1-panel.patch using plaintext: 
patching file drivers/gpu/drm/panel/panel-waveshare-dsi.c

Applying /home/joseca/openmanet-firmware/target/linux/bcm27xx/patches-6.6/950-0638-media-i2c-imx477-Fix-locking-in-imx477_init_controls.patch using plaintext: 
patching file drivers/media/i2c/imx477.c

Applying /home/joseca/openmanet-firmware/target/linux/bcm27xx/patches-6.6/950-0639-media-rp1-cfe-Fix-use-of-freed-memory-on-errors.patch using plaintext: 
patching file drivers/media/platform/raspberrypi/rp1_cfe/cfe.c

Applying /home/joseca/openmanet-firmware/target/linux/bcm27xx/patches-6.6/950-0640-media-rp1-cfe-Fix-width-height-in-cfe_start_channel.patch using plaintext: 
patching file drivers/media/platform/raspberrypi/rp1_cfe/cfe.c

Applying /home/joseca/openmanet-firmware/target/linux/bcm27xx/patches-6.6/950-0641-media-rp1-csi2-Fix-missing-reg-writes.patch using plaintext: 
patching file drivers/media/platform/raspberrypi/rp1_cfe/csi2.c

Applying /home/joseca/openmanet-firmware/target/linux/bcm27xx/patches-6.6/950-0642-media-rp1-fe-Use-0-not-1-when-working-with-unsigned-.patch using plaintext: 
patching file drivers/media/platform/raspberrypi/rp1_cfe/pisp_fe.c

Applying /home/joseca/openmanet-firmware/target/linux/bcm27xx/patches-6.6/950-0643-media-rp1-cfe-Fix-verbose-debug-print.patch using plaintext: 
patching file drivers/media/platform/raspberrypi/rp1_cfe/cfe.c

Applying /home/joseca/openmanet-firmware/target/linux/bcm27xx/patches-6.6/950-0644-media-rp1-cfe-Rename-xxx_dbg_irq-to-xxx_dbg_verbose.patch using plaintext: 
patching file drivers/media/platform/raspberrypi/rp1_cfe/cfe.c
patching file drivers/media/platform/raspberrypi/rp1_cfe/cfe.h
patching file drivers/media/platform/raspberrypi/rp1_cfe/csi2.c
patching file drivers/media/platform/raspberrypi/rp1_cfe/pisp_fe.c

Applying /home/joseca/openmanet-firmware/target/linux/bcm27xx/patches-6.6/950-0645-media-rp1-Add-back-reg-write-debug-prints.patch using plaintext: 
patching file drivers/media/platform/raspberrypi/rp1_cfe/csi2.c
patching file drivers/media/platform/raspberrypi/rp1_cfe/pisp_fe.c

Applying /home/joseca/openmanet-firmware/target/linux/bcm27xx/patches-6.6/950-0646-media-rp1-cfe-Add-verbose-debug-module-parameter.patch using plaintext: 
patching file drivers/media/platform/raspberrypi/rp1_cfe/cfe.c

Applying /home/joseca/openmanet-firmware/target/linux/bcm27xx/patches-6.6/950-0647-media-rp1-csi2-Track-CSI-2-errors.patch using plaintext: 
patching file drivers/media/platform/raspberrypi/rp1_cfe/csi2.c
patching file drivers/media/platform/raspberrypi/rp1_cfe/csi2.h

Applying /home/joseca/openmanet-firmware/target/linux/bcm27xx/patches-6.6/950-0648-media-rp1-cfe-Drop-unused-field.patch using plaintext: 
patching file drivers/media/platform/raspberrypi/rp1_cfe/cfe.c

Applying /home/joseca/openmanet-firmware/target/linux/bcm27xx/patches-6.6/950-0649-media-rp1-csi2-Set-values-for-enum-csi2_mode.patch using plaintext: 
patching file drivers/media/platform/raspberrypi/rp1_cfe/csi2.h

Applying /home/joseca/openmanet-firmware/target/linux/bcm27xx/patches-6.6/950-0650-media-rp1-fe-Fix-default-mbus-code.patch using plaintext: 
patching file drivers/media/platform/raspberrypi/rp1_cfe/pisp_fe.c

Applying /home/joseca/openmanet-firmware/target/linux/bcm27xx/patches-6.6/950-0651-media-rp1-cfe-Fix-default-meta-format-s-field.patch using plaintext: 
patching file drivers/media/platform/raspberrypi/rp1_cfe/cfe.c

Applying /home/joseca/openmanet-firmware/target/linux/bcm27xx/patches-6.6/950-0652-media-rp1-cfe-Fail-streaming-if-FE_CONFIG-node-is-no.patch using plaintext: 
patching file drivers/media/platform/raspberrypi/rp1_cfe/cfe.c

Applying /home/joseca/openmanet-firmware/target/linux/bcm27xx/patches-6.6/950-0653-media-i2c-Move-Kconfig-entry-for-IMX477-to-the-camer.patch using plaintext: 
patching file drivers/media/i2c/Kconfig

Applying /home/joseca/openmanet-firmware/target/linux/bcm27xx/patches-6.6/950-0654-drm-Look-for-an-alias-for-the-displays-to-use-as-the.patch using plaintext: 
patching file drivers/gpu/drm/drm_connector.c

Applying /home/joseca/openmanet-firmware/target/linux/bcm27xx/patches-6.6/950-0655-vc4-drm-Remove-the-clear-of-SCALER_DISPBKGND_FILL.patch using plaintext: 
patching file drivers/gpu/drm/vc4/vc4_hvs.c

Applying /home/joseca/openmanet-firmware/target/linux/bcm27xx/patches-6.6/950-0658-dts-2712-Update-for-device-tree.patch using plaintext: 
patching file arch/arm/boot/dts/broadcom/bcm2708-rpi-b-plus.dts
patching file arch/arm/boot/dts/broadcom/bcm2708-rpi-b-rev1.dts
patching file arch/arm/boot/dts/broadcom/bcm2708-rpi-b.dts
patching file arch/arm/boot/dts/broadcom/bcm2708-rpi-cm.dts
patching file arch/arm/boot/dts/broadcom/bcm2708-rpi-zero-w.dts
patching file arch/arm/boot/dts/broadcom/bcm2708-rpi-zero.dts
patching file arch/arm/boot/dts/broadcom/bcm2709-rpi-2-b.dts
patching file arch/arm/boot/dts/broadcom/bcm2709-rpi-cm2.dts
patching file arch/arm/boot/dts/broadcom/bcm270x-rpi.dtsi
patching file arch/arm/boot/dts/broadcom/bcm2710-rpi-2-b.dts
patching file arch/arm/boot/dts/broadcom/bcm2710-rpi-3-b-plus.dts
patching file arch/arm/boot/dts/broadcom/bcm2710-rpi-3-b.dts
patching file arch/arm/boot/dts/broadcom/bcm2710-rpi-cm3.dts
patching file arch/arm/boot/dts/broadcom/bcm2710-rpi-zero-2-w.dts
patching file arch/arm/boot/dts/broadcom/bcm2711-rpi-4-b.dts
patching file arch/arm/boot/dts/broadcom/bcm2711-rpi-cm4.dts
patching file arch/arm/boot/dts/broadcom/bcm2711-rpi-cm4s.dts
patching file arch/arm/boot/dts/broadcom/bcm2712-rpi-5-b.dts
patching file arch/arm/boot/dts/broadcom/bcm2712-rpi.dtsi
patching file arch/arm/boot/dts/broadcom/bcm2712.dtsi
patching file arch/arm/boot/dts/broadcom/rp1.dtsi
patching file arch/arm/boot/dts/overlays/Makefile
patching file arch/arm/boot/dts/overlays/README
patching file arch/arm/boot/dts/overlays/adau1977-adc-overlay.dts
patching file arch/arm/boot/dts/overlays/adau7002-simple-overlay.dts
patching file arch/arm/boot/dts/overlays/akkordion-iqdacplus-overlay.dts
patching file arch/arm/boot/dts/overlays/allo-boss-dac-pcm512x-audio-overlay.dts
patching file arch/arm/boot/dts/overlays/allo-boss2-dac-audio-overlay.dts
patching file arch/arm/boot/dts/overlays/allo-digione-overlay.dts
patching file arch/arm/boot/dts/overlays/allo-katana-dac-audio-overlay.dts
patching file arch/arm/boot/dts/overlays/allo-piano-dac-pcm512x-audio-overlay.dts
patching file arch/arm/boot/dts/overlays/allo-piano-dac-plus-pcm512x-audio-overlay.dts
patching file arch/arm/boot/dts/overlays/applepi-dac-overlay.dts
patching file arch/arm/boot/dts/overlays/arducam-64mp-overlay.dts
patching file arch/arm/boot/dts/overlays/arducam-pivariety-overlay.dts
patching file arch/arm/boot/dts/overlays/audioinjector-addons-overlay.dts
patching file arch/arm/boot/dts/overlays/audioinjector-bare-i2s-overlay.dts
patching file arch/arm/boot/dts/overlays/audioinjector-isolated-soundcard-overlay.dts
patching file arch/arm/boot/dts/overlays/audioinjector-ultra-overlay.dts
patching file arch/arm/boot/dts/overlays/audioinjector-wm8731-audio-overlay.dts
patching file arch/arm/boot/dts/overlays/audiosense-pi-overlay.dts
patching file arch/arm/boot/dts/overlays/chipdip-dac-overlay.dts
patching file arch/arm/boot/dts/overlays/cirrus-wm5102-overlay.dts
patching file arch/arm/boot/dts/overlays/dacberry400-overlay.dts
patching file arch/arm/boot/dts/overlays/dionaudio-kiwi-overlay.dts
patching file arch/arm/boot/dts/overlays/dionaudio-loco-overlay.dts
patching file arch/arm/boot/dts/overlays/dionaudio-loco-v2-overlay.dts
patching file arch/arm/boot/dts/overlays/disable-bt-pi5-overlay.dts
patching file arch/arm/boot/dts/overlays/disable-wifi-pi5-overlay.dts
patching file arch/arm/boot/dts/overlays/draws-overlay.dts
patching file arch/arm/boot/dts/overlays/edt-ft5406-overlay.dts
patching file arch/arm/boot/dts/overlays/edt-ft5406.dtsi
patching file arch/arm/boot/dts/overlays/fe-pi-audio-overlay.dts
patching file arch/arm/boot/dts/overlays/ghost-amp-overlay.dts
patching file arch/arm/boot/dts/overlays/googlevoicehat-soundcard-overlay.dts
patching file arch/arm/boot/dts/overlays/hifiberry-amp-overlay.dts
patching file arch/arm/boot/dts/overlays/hifiberry-amp100-overlay.dts
patching file arch/arm/boot/dts/overlays/hifiberry-amp3-overlay.dts
patching file arch/arm/boot/dts/overlays/hifiberry-dac-overlay.dts
patching file arch/arm/boot/dts/overlays/hifiberry-dacplus-overlay.dts
patching file arch/arm/boot/dts/overlays/hifiberry-dacplusadc-overlay.dts
patching file arch/arm/boot/dts/overlays/hifiberry-dacplusadcpro-overlay.dts
patching file arch/arm/boot/dts/overlays/hifiberry-dacplusdsp-overlay.dts
patching file arch/arm/boot/dts/overlays/hifiberry-dacplushd-overlay.dts
patching file arch/arm/boot/dts/overlays/hifiberry-digi-overlay.dts
patching file arch/arm/boot/dts/overlays/hifiberry-digi-pro-overlay.dts
patching file arch/arm/boot/dts/overlays/i-sabre-q2m-overlay.dts
patching file arch/arm/boot/dts/overlays/i2c0-pi5-overlay.dts
patching file arch/arm/boot/dts/overlays/i2c1-pi5-overlay.dts
patching file arch/arm/boot/dts/overlays/i2c2-pi5-overlay.dts
patching file arch/arm/boot/dts/overlays/i2c3-pi5-overlay.dts
patching file arch/arm/boot/dts/overlays/i2s-dac-overlay.dts
patching file arch/arm/boot/dts/overlays/imx219-overlay.dts
patching file arch/arm/boot/dts/overlays/imx258-overlay.dts
patching file arch/arm/boot/dts/overlays/imx290_327-overlay.dtsi
patching file arch/arm/boot/dts/overlays/imx296-overlay.dts
patching file arch/arm/boot/dts/overlays/imx477_378-overlay.dtsi
patching file arch/arm/boot/dts/overlays/imx519-overlay.dts
patching file arch/arm/boot/dts/overlays/imx708-overlay.dts
patching file arch/arm/boot/dts/overlays/iqaudio-codec-overlay.dts
patching file arch/arm/boot/dts/overlays/iqaudio-dac-overlay.dts
patching file arch/arm/boot/dts/overlays/iqaudio-dacplus-overlay.dts
patching file arch/arm/boot/dts/overlays/iqaudio-digi-wm8804-audio-overlay.dts
patching file arch/arm/boot/dts/overlays/irs1125-overlay.dts
patching file arch/arm/boot/dts/overlays/justboom-both-overlay.dts
patching file arch/arm/boot/dts/overlays/justboom-dac-overlay.dts
patching file arch/arm/boot/dts/overlays/justboom-digi-overlay.dts
patching file arch/arm/boot/dts/overlays/max98357a-overlay.dts
patching file arch/arm/boot/dts/overlays/mbed-dac-overlay.dts
patching file arch/arm/boot/dts/overlays/merus-amp-overlay.dts
patching file arch/arm/boot/dts/overlays/midi-uart0-pi5-overlay.dts
patching file arch/arm/boot/dts/overlays/midi-uart1-pi5-overlay.dts
patching file arch/arm/boot/dts/overlays/midi-uart2-pi5-overlay.dts
patching file arch/arm/boot/dts/overlays/midi-uart3-pi5-overlay.dts
patching file arch/arm/boot/dts/overlays/midi-uart4-pi5-overlay.dts
patching file arch/arm/boot/dts/overlays/ov2311-overlay.dts
patching file arch/arm/boot/dts/overlays/ov5647-overlay.dts
patching file arch/arm/boot/dts/overlays/ov7251-overlay.dts
patching file arch/arm/boot/dts/overlays/ov9281-overlay.dts
patching file arch/arm/boot/dts/overlays/overlay_map.dts
patching file arch/arm/boot/dts/overlays/pibell-overlay.dts
patching file arch/arm/boot/dts/overlays/pifi-40-overlay.dts
patching file arch/arm/boot/dts/overlays/pifi-dac-hd-overlay.dts
patching file arch/arm/boot/dts/overlays/pifi-dac-zero-overlay.dts
patching file arch/arm/boot/dts/overlays/pifi-mini-210-overlay.dts
patching file arch/arm/boot/dts/overlays/pisound-overlay.dts
patching file arch/arm/boot/dts/overlays/proto-codec-overlay.dts
patching file arch/arm/boot/dts/overlays/rra-digidac1-wm8741-audio-overlay.dts
patching file arch/arm/boot/dts/overlays/spi2-1cs-pi5-overlay.dts
patching file arch/arm/boot/dts/overlays/spi2-2cs-pi5-overlay.dts
patching file arch/arm/boot/dts/overlays/spi3-1cs-pi5-overlay.dts
patching file arch/arm/boot/dts/overlays/spi3-2cs-pi5-overlay.dts
patching file arch/arm/boot/dts/overlays/spi5-1cs-pi5-overlay.dts
patching file arch/arm/boot/dts/overlays/spi5-2cs-pi5-overlay.dts
patching file arch/arm/boot/dts/overlays/superaudioboard-overlay.dts
patching file arch/arm/boot/dts/overlays/tc358743-audio-overlay.dts
patching file arch/arm/boot/dts/overlays/tc358743-overlay.dts
patching file arch/arm/boot/dts/overlays/uart0-pi5-overlay.dts
patching file arch/arm/boot/dts/overlays/uart1-pi5-overlay.dts
patching file arch/arm/boot/dts/overlays/uart2-pi5-overlay.dts
patching file arch/arm/boot/dts/overlays/uart3-pi5-overlay.dts
patching file arch/arm/boot/dts/overlays/uart4-pi5-overlay.dts
patching file arch/arm/boot/dts/overlays/udrc-overlay.dts
patching file arch/arm/boot/dts/overlays/ugreen-dabboard-overlay.dts
patching file arch/arm/boot/dts/overlays/vc4-fkms-v3d-overlay.dts
patching file arch/arm/boot/dts/overlays/vc4-fkms-v3d-pi4-overlay.dts
patching file arch/arm/boot/dts/overlays/vc4-kms-dsi-7inch-overlay.dts
patching file arch/arm/boot/dts/overlays/vc4-kms-dsi-waveshare-panel-overlay.dts
patching file arch/arm/boot/dts/overlays/vc4-kms-v3d-pi5-overlay.dts
patching file arch/arm/boot/dts/overlays/vc4-kms-vga666-overlay.dts
patching file arch/arm/boot/dts/overlays/wm8960-soundcard-overlay.dts
patching file arch/arm64/boot/dts/broadcom/Makefile
patching file arch/arm64/boot/dts/broadcom/bcm2712-rpi-5-b.dts

Applying /home/joseca/openmanet-firmware/target/linux/bcm27xx/patches-6.6/950-0661-gpio-brcmstb-Use-dynamic-GPIO-base-numbers.patch using plaintext: 
patching file drivers/gpio/gpio-brcmstb.c

Applying /home/joseca/openmanet-firmware/target/linux/bcm27xx/patches-6.6/950-0663-media-i2c-ov9282-Read-chip-ID-via-2-reads.patch using plaintext: 
patching file drivers/media/i2c/ov9282.c

Applying /home/joseca/openmanet-firmware/target/linux/bcm27xx/patches-6.6/950-0664-media-rpivid-Allow-use-of-iommu-in-rpivid.patch using plaintext: 
patching file drivers/staging/media/rpivid/rpivid.c
patching file drivers/staging/media/rpivid/rpivid_h265.c

Applying /home/joseca/openmanet-firmware/target/linux/bcm27xx/patches-6.6/950-0665-dts-bcm2712-Add-iommu-to-rpivid.patch using plaintext: 
patching file arch/arm/boot/dts/broadcom/bcm2712.dtsi

Applying /home/joseca/openmanet-firmware/target/linux/bcm27xx/patches-6.6/950-0666-drivers-media-rp1_cfe-Remove-PISP-specific-MBUS-form.patch using plaintext: 
patching file drivers/media/platform/raspberrypi/rp1_cfe/cfe_fmts.h
patching file drivers/media/platform/raspberrypi/rp1_cfe/pisp_fe.c
patching file include/uapi/linux/media-bus-format.h

Applying /home/joseca/openmanet-firmware/target/linux/bcm27xx/patches-6.6/950-0667-vc04_services-bcm2835-codec-Correct-alignment-requir.patch using plaintext: 
patching file drivers/staging/vc04_services/bcm2835-codec/bcm2835-v4l2-codec.c

Applying /home/joseca/openmanet-firmware/target/linux/bcm27xx/patches-6.6/950-0669-input-touchscreen-edt-ft5x06-Suppress-bogus-data-on-.patch using plaintext: 
patching file drivers/input/touchscreen/edt-ft5x06.c

Applying /home/joseca/openmanet-firmware/target/linux/bcm27xx/patches-6.6/950-0672-overlays-mcp23017-allow-specification-of-the-i2c-bus.patch using plaintext: 
patching file arch/arm/boot/dts/overlays/README
patching file arch/arm/boot/dts/overlays/mcp23017-overlay.dts

Applying /home/joseca/openmanet-firmware/target/linux/bcm27xx/patches-6.6/950-0673-dts-bcm2712-Set-default-I2C-baudrates-to-100kHz.patch using plaintext: 
patching file arch/arm/boot/dts/broadcom/bcm2712-rpi-5-b.dts
patching file arch/arm/boot/dts/broadcom/bcm2712-rpi.dtsi

Applying /home/joseca/openmanet-firmware/target/linux/bcm27xx/patches-6.6/950-0674-vc_mem-Add-the-DMA-memcpy-support-from-bcm2708_fb.patch using plaintext: 
patching file drivers/char/broadcom/vc_mem.c

Applying /home/joseca/openmanet-firmware/target/linux/bcm27xx/patches-6.6/950-0675-drm-vc4-Correct-address-offset-for-planes-with-src_-.patch using plaintext: 
patching file drivers/gpu/drm/vc4/vc4_plane.c

Applying /home/joseca/openmanet-firmware/target/linux/bcm27xx/patches-6.6/950-0676-drivers-media-rp1_cfe-Fix-link-validate-test-for-pix.patch using plaintext: 
patching file drivers/media/platform/raspberrypi/rp1_cfe/cfe.c

Applying /home/joseca/openmanet-firmware/target/linux/bcm27xx/patches-6.6/950-0677-dts-bcm2712-Use-the-new-model-name.patch using plaintext: 
patching file arch/arm/boot/dts/broadcom/bcm2712-rpi-5-b.dts

Applying /home/joseca/openmanet-firmware/target/linux/bcm27xx/patches-6.6/950-0678-fbdev-Allow-client-to-request-a-particular-dev-fbN-n.patch using plaintext: 
patching file drivers/video/fbdev/core/fbmem.c
patching file include/linux/fb.h

Applying /home/joseca/openmanet-firmware/target/linux/bcm27xx/patches-6.6/950-0679-drm-fb-helper-Look-up-preferred-fbdev-node-number-fr.patch using plaintext: 
patching file drivers/gpu/drm/drm_fb_helper.c

Applying /home/joseca/openmanet-firmware/target/linux/bcm27xx/patches-6.6/950-0680-dt-Add-overrides-for-drm-framebuffer-allocations-on-.patch using plaintext: 
patching file arch/arm/boot/dts/broadcom/bcm2712-rpi-5-b.dts
patching file arch/arm/boot/dts/overlays/README

Applying /home/joseca/openmanet-firmware/target/linux/bcm27xx/patches-6.6/950-0682-drm-connector-Change-DRM-card-alias-from-underscore-.patch using plaintext: 
patching file drivers/gpu/drm/drm_connector.c

Applying /home/joseca/openmanet-firmware/target/linux/bcm27xx/patches-6.6/950-0683-dt-Alter-alias-names-from-_-to-for-drm_dsiN.patch using plaintext: 
patching file arch/arm/boot/dts/broadcom/bcm2712-rpi-5-b.dts

Applying /home/joseca/openmanet-firmware/target/linux/bcm27xx/patches-6.6/950-0684-drm-fb_helper-Change-query-for-FB-designation-from-d.patch using plaintext: 
patching file drivers/gpu/drm/drm_fb_helper.c

Applying /home/joseca/openmanet-firmware/target/linux/bcm27xx/patches-6.6/950-0685-dt-Alter-alias-names-from-_-to-for-drm_fbN_-override.patch using plaintext: 
patching file arch/arm/boot/dts/broadcom/bcm2712-rpi-5-b.dts

Applying /home/joseca/openmanet-firmware/target/linux/bcm27xx/patches-6.6/950-0686-Typo-in-overlays-README.patch using plaintext: 
patching file arch/arm/boot/dts/overlays/README

Applying /home/joseca/openmanet-firmware/target/linux/bcm27xx/patches-6.6/950-0687-dts-bcm2712-Add-the-krnbt-parameter.patch using plaintext: 
patching file arch/arm/boot/dts/broadcom/bcm2712-rpi-5-b.dts

Applying /home/joseca/openmanet-firmware/target/linux/bcm27xx/patches-6.6/950-0689-drm-vc4_fkms-Fix-up-interrupt-handler-for-both-2835-.patch using plaintext: 
patching file drivers/gpu/drm/vc4/vc4_firmware_kms.c

Applying /home/joseca/openmanet-firmware/target/linux/bcm27xx/patches-6.6/950-0690-dt-Switch-bcm2712-firmware-kms-node-to-using-the-271.patch using plaintext: 
patching file arch/arm/boot/dts/broadcom/bcm2712.dtsi

Applying /home/joseca/openmanet-firmware/target/linux/bcm27xx/patches-6.6/950-0691-drivers-media-imx477-Disable-the-scaler.patch using plaintext: 
patching file drivers/media/i2c/imx477.c

Applying /home/joseca/openmanet-firmware/target/linux/bcm27xx/patches-6.6/950-0692-dt-Add-drm_fbN_vc4-overrides-for-Pi0-4.patch using plaintext: 
patching file arch/arm/boot/dts/broadcom/bcm270x-rpi.dtsi

Applying /home/joseca/openmanet-firmware/target/linux/bcm27xx/patches-6.6/950-0693-drivers-media-pisp_be-Add-back-V4L2_PIX_FMT_RPI_BE-f.patch using plaintext: 
patching file drivers/media/platform/raspberrypi/pisp_be/pisp_be.c
patching file drivers/media/platform/raspberrypi/pisp_be/pisp_be_formats.h

Applying /home/joseca/openmanet-firmware/target/linux/bcm27xx/patches-6.6/950-0694-dt-bindings-PCI-brcmstb-add-optional-property-brcm-t.patch using plaintext: 
patching file Documentation/devicetree/bindings/pci/brcm,stb-pcie.yaml

Applying /home/joseca/openmanet-firmware/target/linux/bcm27xx/patches-6.6/950-0695-PCI-brcmstb-Change-RCB_-MPS-64B-_MODE-bits.patch using plaintext: 
patching file drivers/pci/controller/pcie-brcmstb.c

Applying /home/joseca/openmanet-firmware/target/linux/bcm27xx/patches-6.6/950-0696-dts-bcm2712-rpi-5-b-Set-enable-mps-rcb-for-RP1.patch using plaintext: 
patching file arch/arm/boot/dts/broadcom/bcm2712-rpi-5-b.dts

Applying /home/joseca/openmanet-firmware/target/linux/bcm27xx/patches-6.6/950-0697-drivers-pci-brcmstb-optionally-extend-Tperst_clk-tim.patch using plaintext: 
patching file drivers/pci/controller/pcie-brcmstb.c

Applying /home/joseca/openmanet-firmware/target/linux/bcm27xx/patches-6.6/950-0698-arm-dt-add-dtparams-for-PCIe-reset-timing-override.patch using plaintext: 
patching file arch/arm/boot/dts/broadcom/bcm2711-rpi-cm4.dts
patching file arch/arm/boot/dts/broadcom/bcm2712-rpi-5-b.dts
patching file arch/arm/boot/dts/overlays/README

Applying /home/joseca/openmanet-firmware/target/linux/bcm27xx/patches-6.6/950-0699-drivers-media-imx477-Set-horizontal-binning-when-dis.patch using plaintext: 
patching file drivers/media/i2c/imx477.c

Applying /home/joseca/openmanet-firmware/target/linux/bcm27xx/patches-6.6/950-0701-dts-bcm2710-rpi-zero-2-w-Remove-WLAN-firmwares.patch using plaintext: 
patching file arch/arm/boot/dts/broadcom/bcm2710-rpi-zero-2-w.dts

Applying /home/joseca/openmanet-firmware/target/linux/bcm27xx/patches-6.6/950-0702-drivers-media-cfe-Set-the-CSI-2-link-frequency-corre.patch using plaintext: 
patching file drivers/media/platform/raspberrypi/rp1_cfe/cfe.c

Applying /home/joseca/openmanet-firmware/target/linux/bcm27xx/patches-6.6/950-0703-dts-bcm2712-rpi-5-b-Create-some-dummy-nodes.patch using plaintext: 
patching file arch/arm/boot/dts/broadcom/bcm2712-rpi-5-b.dts

Applying /home/joseca/openmanet-firmware/target/linux/bcm27xx/patches-6.6/950-0704-dts-rp1-Add-spi6-fix-spi1-address-cells.patch using plaintext: 
patching file arch/arm/boot/dts/broadcom/rp1.dtsi

Applying /home/joseca/openmanet-firmware/target/linux/bcm27xx/patches-6.6/950-0705-overlays-uart-n-pi5-Add-the-pinctrl-0-property.patch using plaintext: 
patching file arch/arm/boot/dts/overlays/uart0-pi5-overlay.dts
patching file arch/arm/boot/dts/overlays/uart1-pi5-overlay.dts
patching file arch/arm/boot/dts/overlays/uart2-pi5-overlay.dts
patching file arch/arm/boot/dts/overlays/uart3-pi5-overlay.dts
patching file arch/arm/boot/dts/overlays/uart4-pi5-overlay.dts

Applying /home/joseca/openmanet-firmware/target/linux/bcm27xx/patches-6.6/950-0706-drivers-media-imx477-Add-V4L2_CID_LINK_FREQ-control.patch using plaintext: 
patching file drivers/media/i2c/imx477.c

Applying /home/joseca/openmanet-firmware/target/linux/bcm27xx/patches-6.6/950-0707-drivers-media-imx477-Correctly-set-IMX477_PIXEL_RATE.patch using plaintext: 
patching file drivers/media/i2c/imx477.c

Applying /home/joseca/openmanet-firmware/target/linux/bcm27xx/patches-6.6/950-0709-drm-vc4-Drop-WARN-for-HVS-FIFOs-not-being-empty.patch using plaintext: 
patching file drivers/gpu/drm/vc4/vc4_hvs.c

Applying /home/joseca/openmanet-firmware/target/linux/bcm27xx/patches-6.6/950-0710-drm-vc4-Free-all-stale-dlists-if-channel-is-disabled.patch using plaintext: 
patching file drivers/gpu/drm/vc4/vc4_crtc.c
patching file drivers/gpu/drm/vc4/vc4_hvs.c

Applying /home/joseca/openmanet-firmware/target/linux/bcm27xx/patches-6.6/950-0711-drm-vc4-Add-hvs_dlist_allocs-debugfs-function.patch using plaintext: 
patching file drivers/gpu/drm/vc4/vc4_hvs.c

Applying /home/joseca/openmanet-firmware/target/linux/bcm27xx/patches-6.6/950-0712-drm-vc4-Log-the-size-of-the-dlist-allocation-that-wa.patch using plaintext: 
patching file drivers/gpu/drm/vc4/vc4_hvs.c

Applying /home/joseca/openmanet-firmware/target/linux/bcm27xx/patches-6.6/950-0713-drm-vc4-crtc-Support-odd-horizontal-timings-on-BCM27.patch using plaintext: 
patching file drivers/gpu/drm/vc4/vc4_crtc.c
patching file drivers/gpu/drm/vc4/vc4_hdmi.c
patching file drivers/gpu/drm/vc4/vc4_regs.h

Applying /home/joseca/openmanet-firmware/target/linux/bcm27xx/patches-6.6/950-0716-drivers-mmc-sdhci-add-SPURIOUS_INT_RESP-quirk.patch using plaintext: 
patching file drivers/mmc/host/sdhci.c
patching file drivers/mmc/host/sdhci.h

Applying /home/joseca/openmanet-firmware/target/linux/bcm27xx/patches-6.6/950-0717-dt-bindings-mmc-sdhci-of-dwcmhsc-Add-Raspberry-Pi-RP.patch using plaintext: 
patching file Documentation/devicetree/bindings/mmc/snps,dwcmshc-sdhci.yaml

Applying /home/joseca/openmanet-firmware/target/linux/bcm27xx/patches-6.6/950-0718-drivers-mmc-sdhci-of-dwcmshc-add-RP1-dt-ID-and-quirk.patch using plaintext: 
patching file drivers/mmc/host/sdhci-of-dwcmshc.c

Applying /home/joseca/openmanet-firmware/target/linux/bcm27xx/patches-6.6/950-0719-arm-dts-change-RP1-SDHCI-controller-compatible-strin.patch using plaintext: 
patching file arch/arm/boot/dts/broadcom/rp1.dtsi
patching file arch/arm/boot/dts/overlays/Makefile
patching file arch/arm/boot/dts/overlays/README
patching file arch/arm/boot/dts/overlays/overlay_map.dts
patching file arch/arm/boot/dts/overlays/sdio-pi5-overlay.dts

Applying /home/joseca/openmanet-firmware/target/linux/bcm27xx/patches-6.6/950-0720-ASoC-bcm-audioinjector_octo-Add-soundcard-owner.patch using plaintext: 
patching file sound/soc/bcm/audioinjector-octo-soundcard.c

Applying /home/joseca/openmanet-firmware/target/linux/bcm27xx/patches-6.6/950-0721-drivers-media-imx708-Adjust-broken-line-correction-p.patch using plaintext: 
patching file drivers/media/i2c/imx708.c

Applying /home/joseca/openmanet-firmware/target/linux/bcm27xx/patches-6.6/950-0723-drivers-media-cfe-Don-t-confuse-MHz-and-Mbps.patch using plaintext: 
patching file drivers/media/platform/raspberrypi/rp1_cfe/cfe.c
patching file drivers/media/platform/raspberrypi/rp1_cfe/dphy.c
patching file drivers/media/platform/raspberrypi/rp1_cfe/dphy.h

Applying /home/joseca/openmanet-firmware/target/linux/bcm27xx/patches-6.6/950-0724-overlays-imx296-Fix-cam-port-override-for-regulators.patch using plaintext: 
patching file arch/arm/boot/dts/overlays/imx296-overlay.dts

Applying /home/joseca/openmanet-firmware/target/linux/bcm27xx/patches-6.6/950-0726-overlays-ov5647-Regularise-vcm-node-label-name.patch using plaintext: 
patching file arch/arm/boot/dts/overlays/ov5647-overlay.dts

Applying /home/joseca/openmanet-firmware/target/linux/bcm27xx/patches-6.6/950-0727-overlays-ov5647-cam0-mode-should-use-cam0_reg.patch using plaintext: 
patching file arch/arm/boot/dts/overlays/ov5647-overlay.dts

Applying /home/joseca/openmanet-firmware/target/linux/bcm27xx/patches-6.6/950-0728-w1-Disable-kernel-log-spam.patch using plaintext: 
patching file drivers/w1/w1.c

Applying /home/joseca/openmanet-firmware/target/linux/bcm27xx/patches-6.6/950-0729-include-uapi-v4l2-Add-additional-pixel-formats-for-u.patch using plaintext: 
patching file drivers/media/v4l2-core/v4l2-ioctl.c
patching file include/uapi/linux/videodev2.h

Applying /home/joseca/openmanet-firmware/target/linux/bcm27xx/patches-6.6/950-0730-drivers-media-cfe-Add-16-bit-and-compressed-mono-for.patch using plaintext: 
patching file drivers/media/platform/raspberrypi/rp1_cfe/cfe_fmts.h

Applying /home/joseca/openmanet-firmware/target/linux/bcm27xx/patches-6.6/950-0731-drivers-media-pisp_be-Add-mono-and-48-bit-RGB-pixel-.patch using plaintext: 
patching file drivers/media/platform/raspberrypi/pisp_be/pisp_be_formats.h

Applying /home/joseca/openmanet-firmware/target/linux/bcm27xx/patches-6.6/950-0732-ASoC-dwc-Remove-check-in-set_bclk_ratio-handling.patch using plaintext: 
patching file sound/soc/dwc/dwc-i2s.c

Applying /home/joseca/openmanet-firmware/target/linux/bcm27xx/patches-6.6/950-0735-overlays-README-Fix-cut-and-paste-errors.patch using plaintext: 
patching file arch/arm/boot/dts/overlays/README

Applying /home/joseca/openmanet-firmware/target/linux/bcm27xx/patches-6.6/950-0736-drm-vc4-vec-Add-the-margin-properties-to-the-connect.patch using plaintext: 
patching file drivers/gpu/drm/vc4/vc4_vec.c

Applying /home/joseca/openmanet-firmware/target/linux/bcm27xx/patches-6.6/950-0737-media-i2c-ov7251-Switch-from-V4L2_CID_GAIN-to-V4L2_C.patch using plaintext: 
patching file drivers/media/i2c/ov7251.c

Applying /home/joseca/openmanet-firmware/target/linux/bcm27xx/patches-6.6/950-0738-drm-vc4-Drop-planes-that-are-completely-off-screen.patch using plaintext: 
patching file drivers/gpu/drm/vc4/vc4_plane.c

Applying /home/joseca/openmanet-firmware/target/linux/bcm27xx/patches-6.6/950-0739-drm-bridge-display-connector-Select-DRM_KMS_HELPER.patch using plaintext: 
patching file drivers/gpu/drm/bridge/Kconfig

Applying /home/joseca/openmanet-firmware/target/linux/bcm27xx/patches-6.6/950-0740-drm-vc4-Free-the-dlist-alloc-immediately-if-it-never.patch using plaintext: 
patching file drivers/gpu/drm/vc4/vc4_drv.h
patching file drivers/gpu/drm/vc4/vc4_hvs.c

Applying /home/joseca/openmanet-firmware/target/linux/bcm27xx/patches-6.6/950-0741-input-edt-ft5x06-Include-I2C-details-in-names-for-th.patch using plaintext: 
patching file drivers/input/touchscreen/edt-ft5x06.c

Applying /home/joseca/openmanet-firmware/target/linux/bcm27xx/patches-6.6/950-0742-input-goodix-Include-I2C-details-in-names-for-the-de.patch using plaintext: 
patching file drivers/input/touchscreen/goodix.c
patching file drivers/input/touchscreen/goodix.h

Applying /home/joseca/openmanet-firmware/target/linux/bcm27xx/patches-6.6/950-0743-drm-vc4-Block-swiotlb-bounce-buffers-being-imported-.patch using plaintext: 
patching file drivers/gpu/drm/vc4/vc4_drv.c

Applying /home/joseca/openmanet-firmware/target/linux/bcm27xx/patches-6.6/950-0745-overlays-i2c-sensor-Add-adt7410-support.patch using plaintext: 
patching file arch/arm/boot/dts/overlays/README
patching file arch/arm/boot/dts/overlays/i2c-sensor-common.dtsi

Applying /home/joseca/openmanet-firmware/target/linux/bcm27xx/patches-6.6/950-0746-overlays-hat_map-Add-pisound-mapping.patch using plaintext: 
patching file arch/arm/boot/dts/overlays/hat_map.dts

Applying /home/joseca/openmanet-firmware/target/linux/bcm27xx/patches-6.6/950-0747-drm-panel-jdi-lt070me05000-Add-prepare_upstream_firs.patch using plaintext: 
patching file drivers/gpu/drm/panel/panel-jdi-lt070me05000.c

Applying /home/joseca/openmanet-firmware/target/linux/bcm27xx/patches-6.6/950-0748-drivers-media-cfe-Find-the-source-pads-on-the-sensor.patch using plaintext: 
patching file drivers/media/platform/raspberrypi/rp1_cfe/cfe.c

Applying /home/joseca/openmanet-firmware/target/linux/bcm27xx/patches-6.6/950-0749-dtoverlays-Add-option-for-cam0-to-camera-mux-Nport-o.patch using plaintext: 
patching file arch/arm/boot/dts/overlays/README
patching file arch/arm/boot/dts/overlays/camera-mux-2port-overlay.dts
patching file arch/arm/boot/dts/overlays/camera-mux-4port-overlay.dts

Applying /home/joseca/openmanet-firmware/target/linux/bcm27xx/patches-6.6/950-0750-ASoC-dwc-Permit-sample-rates-up-to-384kHz.patch using plaintext: 
patching file sound/soc/dwc/dwc-i2s.c

Applying /home/joseca/openmanet-firmware/target/linux/bcm27xx/patches-6.6/950-0752-ASoC-dwc-Fix-full-duplex-mode.patch using plaintext: 
patching file sound/soc/dwc/dwc-i2s.c

Applying /home/joseca/openmanet-firmware/target/linux/bcm27xx/patches-6.6/950-0754-ASoC-pcm512x-Adds-bindings-for-TAS575x-devices.patch using plaintext: 
patching file Documentation/devicetree/bindings/sound/pcm512x.txt

Applying /home/joseca/openmanet-firmware/target/linux/bcm27xx/patches-6.6/950-0755-ASoC-Adds-support-for-TAS575x-to-the-pcm512x-driver.patch using plaintext: 
patching file sound/soc/codecs/pcm512x-i2c.c
patching file sound/soc/codecs/pcm512x.c

Applying /home/joseca/openmanet-firmware/target/linux/bcm27xx/patches-6.6/950-0756-bcm270x.dtsi-Fix-bad-merge.patch using plaintext: 
patching file arch/arm/boot/dts/broadcom/bcm270x-rpi.dtsi

Applying /home/joseca/openmanet-firmware/target/linux/bcm27xx/patches-6.6/950-0757-drm-panel-add-panel-dsi.patch using plaintext: 
patching file drivers/gpu/drm/panel/panel-simple.c

Applying /home/joseca/openmanet-firmware/target/linux/bcm27xx/patches-6.6/950-0758-dt-bindings-display-panel-dsi-bindings.patch using plaintext: 
patching file Documentation/devicetree/bindings/display/panel/panel-dsi.yaml

Applying /home/joseca/openmanet-firmware/target/linux/bcm27xx/patches-6.6/950-0759-overlays-example-overlay-for-using-panel-dsi-on-RPi.patch using plaintext: 
patching file arch/arm/boot/dts/overlays/Makefile
patching file arch/arm/boot/dts/overlays/README
patching file arch/arm/boot/dts/overlays/vc4-kms-dsi-generic-overlay.dts

Applying /home/joseca/openmanet-firmware/target/linux/bcm27xx/patches-6.6/950-0760-overlays-ADS1115-allow-specification-of-the-i2c-bus.patch using plaintext: 
patching file arch/arm/boot/dts/overlays/README
patching file arch/arm/boot/dts/overlays/ads1115-overlay.dts

Applying /home/joseca/openmanet-firmware/target/linux/bcm27xx/patches-6.6/950-0761-dts-bcm2712-put-usb-under-axi-not-soc.patch using plaintext: 
patching file arch/arm/boot/dts/broadcom/bcm2712.dtsi

Applying /home/joseca/openmanet-firmware/target/linux/bcm27xx/patches-6.6/950-0762-drm-vc4-Correct-HVS-muxing-setup-for-the-moplet.patch using plaintext: 
patching file drivers/gpu/drm/vc4/vc4_kms.c

Applying /home/joseca/openmanet-firmware/target/linux/bcm27xx/patches-6.6/950-0763-drm-vc4-Mop-and-moplet-have-different-register-offse.patch using plaintext: 
patching file drivers/gpu/drm/vc4/vc4_drv.h
patching file drivers/gpu/drm/vc4/vc4_txp.c

Applying /home/joseca/openmanet-firmware/target/linux/bcm27xx/patches-6.6/950-0764-arm-dt-bcm2712-Correct-the-size-of-the-register-rang.patch using plaintext: 
patching file arch/arm/boot/dts/broadcom/bcm2712.dtsi

Applying /home/joseca/openmanet-firmware/target/linux/bcm27xx/patches-6.6/950-0766-media-dt-bindings-Add-OmniVision-OV64A40.patch using plaintext: 
patching file Documentation/devicetree/bindings/media/i2c/ovti,ov64a40.yaml

Applying /home/joseca/openmanet-firmware/target/linux/bcm27xx/patches-6.6/950-0767-media-dt-bindings-i2c-Add-Rohm-BU64754-bindings.patch using plaintext: 
patching file Documentation/devicetree/bindings/media/i2c/rohm,bu64754.yaml
patching file MAINTAINERS

Applying /home/joseca/openmanet-firmware/target/linux/bcm27xx/patches-6.6/950-0768-media-i2c-Add-driver-for-OmniVision-OV64A40.patch using plaintext: 
patching file MAINTAINERS
patching file drivers/media/i2c/Kconfig
patching file drivers/media/i2c/Makefile
patching file drivers/media/i2c/ov64a40.c

Applying /home/joseca/openmanet-firmware/target/linux/bcm27xx/patches-6.6/950-0769-media-i2c-Add-ROHM-BU64754-Camera-Autofocus-Actuator.patch using plaintext: 
patching file drivers/media/i2c/Kconfig
patching file drivers/media/i2c/Makefile
patching file drivers/media/i2c/bu64754.c

Applying /home/joseca/openmanet-firmware/target/linux/bcm27xx/patches-6.6/950-0770-overlays-Add-overlay-for-the-OV64A40-Arducam-Camera-.patch using plaintext: 
patching file arch/arm/boot/dts/overlays/Makefile
patching file arch/arm/boot/dts/overlays/README
patching file arch/arm/boot/dts/overlays/camera-mux-2port-overlay.dts
patching file arch/arm/boot/dts/overlays/camera-mux-4port-overlay.dts
patching file arch/arm/boot/dts/overlays/ov64a40-overlay.dts
patching file arch/arm/boot/dts/overlays/ov64a40.dtsi

Applying /home/joseca/openmanet-firmware/target/linux/bcm27xx/patches-6.6/950-0772-media-rp1-cfe-Expose-find_format_by_pix.patch using plaintext: 
patching file drivers/media/platform/raspberrypi/rp1_cfe/cfe.c
patching file drivers/media/platform/raspberrypi/rp1_cfe/cfe.h

Applying /home/joseca/openmanet-firmware/target/linux/bcm27xx/patches-6.6/950-0773-media-rp1-cfe-Add-missing-remaps.patch using plaintext: 
patching file drivers/media/platform/raspberrypi/rp1_cfe/cfe_fmts.h

Applying /home/joseca/openmanet-firmware/target/linux/bcm27xx/patches-6.6/950-0774-media-rp1-cfe-Add-missing-compressed-remaps.patch using plaintext: 
patching file drivers/media/platform/raspberrypi/rp1_cfe/cfe_fmts.h

Applying /home/joseca/openmanet-firmware/target/linux/bcm27xx/patches-6.6/950-0775-media-rp1-cfe-Add-cfe_find_16bit_code-and-cfe_find_c.patch using plaintext: 
patching file drivers/media/platform/raspberrypi/rp1_cfe/cfe.c
patching file drivers/media/platform/raspberrypi/rp1_cfe/cfe.h

Applying /home/joseca/openmanet-firmware/target/linux/bcm27xx/patches-6.6/950-0776-media-rp1-csi2-Fix-csi2_pad_set_fmt.patch using plaintext: 
patching file drivers/media/platform/raspberrypi/rp1_cfe/csi2.c

Applying /home/joseca/openmanet-firmware/target/linux/bcm27xx/patches-6.6/950-0777-media-rp1-fe-Fix-pisp_fe_pad_set_fmt.patch using plaintext: 
patching file drivers/media/platform/raspberrypi/rp1_cfe/pisp_fe.c

Applying /home/joseca/openmanet-firmware/target/linux/bcm27xx/patches-6.6/950-0778-media-rp1-csi2-Use-get_frame_desc-to-get-CSI-2-VC-an.patch using plaintext: 
patching file drivers/media/platform/raspberrypi/rp1_cfe/cfe.c
patching file drivers/media/platform/raspberrypi/rp1_cfe/csi2.c
patching file drivers/media/platform/raspberrypi/rp1_cfe/csi2.h

Applying /home/joseca/openmanet-firmware/target/linux/bcm27xx/patches-6.6/950-0779-media-rp1-cfe-Add-is_image_node.patch using plaintext: 
patching file drivers/media/platform/raspberrypi/rp1_cfe/cfe.c

Applying /home/joseca/openmanet-firmware/target/linux/bcm27xx/patches-6.6/950-0780-media-rp1-cfe-Dual-purpose-video-nodes.patch using plaintext: 
patching file drivers/media/platform/raspberrypi/rp1_cfe/cfe.c

Applying /home/joseca/openmanet-firmware/target/linux/bcm27xx/patches-6.6/950-0781-media-rp1-Drop-LE-handling.patch using plaintext: 
patching file drivers/media/platform/raspberrypi/rp1_cfe/cfe.c
patching file drivers/media/platform/raspberrypi/rp1_cfe/csi2.c
patching file drivers/media/platform/raspberrypi/rp1_cfe/csi2.h

Applying /home/joseca/openmanet-firmware/target/linux/bcm27xx/patches-6.6/950-0782-media-rp1-csi2-Use-standard-link_validate.patch using plaintext: 
patching file drivers/media/platform/raspberrypi/rp1_cfe/csi2.c

Applying /home/joseca/openmanet-firmware/target/linux/bcm27xx/patches-6.6/950-0783-media-rp1-fe-Use-standard-link_validate.patch using plaintext: 
patching file drivers/media/platform/raspberrypi/rp1_cfe/pisp_fe.c

Applying /home/joseca/openmanet-firmware/target/linux/bcm27xx/patches-6.6/950-0784-media-rp1-cfe-Improve-link-validation-for-metadata.patch using plaintext: 
patching file drivers/media/platform/raspberrypi/rp1_cfe/cfe.c

Applying /home/joseca/openmanet-firmware/target/linux/bcm27xx/patches-6.6/950-0786-dwc_otg-Avoid-the-use-of-align_buf-for-short-packets.patch using plaintext: 
patching file drivers/usb/host/dwc_otg/dwc_otg_hcd.c

Applying /home/joseca/openmanet-firmware/target/linux/bcm27xx/patches-6.6/950-0787-overlays-rpi-poe-Add-PWM-polarity-value.patch using plaintext: 
patching file arch/arm/boot/dts/overlays/rpi-poe-overlay.dts

Applying /home/joseca/openmanet-firmware/target/linux/bcm27xx/patches-6.6/950-0788-ARM-dts-bcm2712-PWM-references-include-polarity.patch using plaintext: 
patching file arch/arm/boot/dts/broadcom/bcm2712.dtsi

Applying /home/joseca/openmanet-firmware/target/linux/bcm27xx/patches-6.6/950-0789-bcm2835-sdhost-Fail-gracefully-with-bad-dtb.patch using plaintext: 
patching file drivers/mmc/host/bcm2835-sdhost.c

Applying /home/joseca/openmanet-firmware/target/linux/bcm27xx/patches-6.6/950-0790-drivers-pinctrl-bcm-Kconfig-Fix-BCM2712-help.patch using plaintext: 
patching file drivers/pinctrl/bcm/Kconfig

Applying /home/joseca/openmanet-firmware/target/linux/bcm27xx/patches-6.6/950-0792-drivers-gpu-drm-panel-fix-waveshare-panel-software-r.patch using plaintext: 
patching file drivers/gpu/drm/panel/panel-waveshare-dsi.c

Applying /home/joseca/openmanet-firmware/target/linux/bcm27xx/patches-6.6/950-0793-firmware-psci-Pass-given-partition-number-through.patch using plaintext: 
patching file drivers/firmware/psci/psci.c

Applying /home/joseca/openmanet-firmware/target/linux/bcm27xx/patches-6.6/950-0794-dts-bcm2712-rpi-5-b-Enable-warm-reboot-mode.patch using plaintext: 
patching file arch/arm/boot/dts/broadcom/bcm2712-rpi-5-b.dts

Applying /home/joseca/openmanet-firmware/target/linux/bcm27xx/patches-6.6/950-0795-ARM-dts-bcm2711-rpi-400-Don-t-delete-the-ACT-LED.patch using plaintext: 
patching file arch/arm/boot/dts/broadcom/bcm2711-rpi-400.dts

Applying /home/joseca/openmanet-firmware/target/linux/bcm27xx/patches-6.6/950-0796-dts-rp1-add-SNPS-quirk-to-USB3-host-controllers.patch using plaintext: 
patching file arch/arm/boot/dts/broadcom/rp1.dtsi

Applying /home/joseca/openmanet-firmware/target/linux/bcm27xx/patches-6.6/950-0797-drivers-media-i2c-imx296-imx477-Configure-tigger_mod.patch using plaintext: 
patching file drivers/media/i2c/imx296.c
patching file drivers/media/i2c/imx477.c

Applying /home/joseca/openmanet-firmware/target/linux/bcm27xx/patches-6.6/950-0798-overlays-Add-always-on-parameter-to-imx477-and-imx29.patch using plaintext: 
patching file arch/arm/boot/dts/overlays/README
patching file arch/arm/boot/dts/overlays/imx296-overlay.dts
patching file arch/arm/boot/dts/overlays/imx477_378-overlay.dtsi

Applying /home/joseca/openmanet-firmware/target/linux/bcm27xx/patches-6.6/950-0799-input-edt-ft5x06-Correct-prefix-length-in-snprintf.patch using plaintext: 
patching file drivers/input/touchscreen/edt-ft5x06.c

Applying /home/joseca/openmanet-firmware/target/linux/bcm27xx/patches-6.6/950-0800-drivers-media-pisp_be-pisp_fe-Update-UAPI-header-lic.patch using plaintext: 
patching file drivers/media/platform/raspberrypi/pisp_be/pisp_be_config.h
patching file drivers/media/platform/raspberrypi/rp1_cfe/pisp_common.h
patching file drivers/media/platform/raspberrypi/rp1_cfe/pisp_fe_config.h
patching file drivers/media/platform/raspberrypi/rp1_cfe/pisp_statistics.h
patching file drivers/media/platform/raspberrypi/rp1_cfe/pisp_types.h

Applying /home/joseca/openmanet-firmware/target/linux/bcm27xx/patches-6.6/950-0801-drivers-media-cfe-Add-more-robust-ISR-handlers.patch using plaintext: 
patching file drivers/media/platform/raspberrypi/rp1_cfe/cfe.c

Applying /home/joseca/openmanet-firmware/target/linux/bcm27xx/patches-6.6/950-0802-bcm2835-virtgpio-Update-for-Linux-6.6.patch using plaintext: 
patching file drivers/gpio/gpio-bcm-virt.c

Applying /home/joseca/openmanet-firmware/target/linux/bcm27xx/patches-6.6/950-0803-dts-bcm271-rpi-3-b-Make-brcmvirt-gpio-a-firmware-chi.patch using plaintext: 
patching file arch/arm/boot/dts/broadcom/bcm2710-rpi-3-b.dts

Applying /home/joseca/openmanet-firmware/target/linux/bcm27xx/patches-6.6/950-0804-fixup-downstream-patch-post-driver-conversion-to-CCI.patch using plaintext: 
patching file drivers/media/i2c/imx219.c

Applying /home/joseca/openmanet-firmware/target/linux/bcm27xx/patches-6.6/950-0805-ARM-dts-bcm2712-rpi-5-b-Allow-RTC-to-be-disabled.patch using plaintext: 
patching file arch/arm/boot/dts/broadcom/bcm2712-rpi-5-b.dts
patching file arch/arm/boot/dts/overlays/README

Applying /home/joseca/openmanet-firmware/target/linux/bcm27xx/patches-6.6/950-0809-ASoC-dwc-Defer-bclk_ratio-handling-to-hw_params.patch using plaintext: 
patching file sound/soc/dwc/dwc-i2s.c
patching file sound/soc/dwc/local.h

Applying /home/joseca/openmanet-firmware/target/linux/bcm27xx/patches-6.6/950-0810-drm-vc4-Fix-reading-of-frame-count-on-GEN5-Pi4.patch using plaintext: 
patching file drivers/gpu/drm/vc4/vc4_hvs.c
patching file drivers/gpu/drm/vc4/vc4_regs.h

Applying /home/joseca/openmanet-firmware/target/linux/bcm27xx/patches-6.6/950-0811-drm-vc4-Fixup-of-patches-adding-debugfs-functions.patch using plaintext: 
patching file drivers/gpu/drm/vc4/vc4_hvs.c

Applying /home/joseca/openmanet-firmware/target/linux/bcm27xx/patches-6.6/950-0812-media-rp1-cfe-Fix-error-paths-in-cfe_start_streaming.patch using plaintext: 
patching file drivers/media/platform/raspberrypi/rp1_cfe/cfe.c

Applying /home/joseca/openmanet-firmware/target/linux/bcm27xx/patches-6.6/950-0813-media-i2c-adv7180-Use-MEDIA_BUS_FMT_UYVY8_1X16-for-C.patch using plaintext: 
patching file drivers/media/i2c/adv7180.c

Applying /home/joseca/openmanet-firmware/target/linux/bcm27xx/patches-6.6/950-0814-media-i2c-adv7180-Add-support-for-V4L2_CID_LINK_FREQ.patch using plaintext: 
patching file drivers/media/i2c/adv7180.c

Applying /home/joseca/openmanet-firmware/target/linux/bcm27xx/patches-6.6/950-0815-media-rp1-cfe-Use-the-MIPI_CSI2_DT_xxx-defines-for-c.patch using plaintext: 
patching file drivers/media/platform/raspberrypi/rp1_cfe/cfe_fmts.h

Applying /home/joseca/openmanet-firmware/target/linux/bcm27xx/patches-6.6/950-0816-media-rp1-cfe-Add-a-csi_dt-value-for-16bit-formats.patch using plaintext: 
patching file drivers/media/platform/raspberrypi/rp1_cfe/cfe_fmts.h

Applying /home/joseca/openmanet-firmware/target/linux/bcm27xx/patches-6.6/950-0817-ARM-dts-bcm2712-rpi-5-b-Add-eth_ledx-parameters.patch using plaintext: 
patching file arch/arm/boot/dts/broadcom/bcm2712-rpi-5-b.dts
patching file arch/arm/boot/dts/overlays/README

Applying /home/joseca/openmanet-firmware/target/linux/bcm27xx/patches-6.6/950-0818-ARM-dts-bcm2712-rpi-5-b-Add-fan-speed-dtparams.patch using plaintext: 
patching file arch/arm/boot/dts/broadcom/bcm2712-rpi-5-b.dts
patching file arch/arm/boot/dts/overlays/README

Applying /home/joseca/openmanet-firmware/target/linux/bcm27xx/patches-6.6/950-0820-ARM-dts-bcm2712-rpi-5-b-Use-common-LED-labels.patch using plaintext: 
patching file arch/arm/boot/dts/broadcom/bcm2712-rpi-5-b.dts

Applying /home/joseca/openmanet-firmware/target/linux/bcm27xx/patches-6.6/950-0821-spi-bcm2835-Support-spi0-0cs-and-SPI_NO_CS-mode.patch using plaintext: 
patching file drivers/spi/spi-bcm2835.c

Applying /home/joseca/openmanet-firmware/target/linux/bcm27xx/patches-6.6/950-0822-drivers-media-imx519-Add-V4L2_CID_LINK_FREQ-control.patch using plaintext: 
patching file drivers/media/i2c/imx519.c

Applying /home/joseca/openmanet-firmware/target/linux/bcm27xx/patches-6.6/950-0823-drivers-media-arducam_64mp-Add-V4L2_CID_LINK_FREQ-co.patch using plaintext: 
patching file drivers/media/i2c/arducam_64mp.c

Applying /home/joseca/openmanet-firmware/target/linux/bcm27xx/patches-6.6/950-0824-ARM-dts-bcm2712-Prune-the-non-D0-hardware.patch using plaintext: 
patching file arch/arm/boot/dts/broadcom/bcm2712-rpi-5-b.dts
patching file arch/arm/boot/dts/broadcom/bcm2712.dtsi

Applying /home/joseca/openmanet-firmware/target/linux/bcm27xx/patches-6.6/950-0825-ARM-dts-Add-BCM2712-D0-dts.patch using plaintext: 
patching file arch/arm/boot/dts/broadcom/bcm2712d0-rpi-5-b.dts
patching file arch/arm64/boot/dts/broadcom/Makefile
patching file arch/arm64/boot/dts/broadcom/bcm2712d0-rpi-5-b.dts

Applying /home/joseca/openmanet-firmware/target/linux/bcm27xx/patches-6.6/950-0826-ARM-dts-overlays-Add-a-bcm2712d0-overlay.patch using plaintext: 
patching file arch/arm/boot/dts/overlays/Makefile
patching file arch/arm/boot/dts/overlays/README
patching file arch/arm/boot/dts/overlays/bcm2712d0-overlay.dts

Applying /home/joseca/openmanet-firmware/target/linux/bcm27xx/patches-6.6/950-0827-pinctrl-bcm2712-Fix-for-sparse-GPIOs.patch using plaintext: 
patching file drivers/pinctrl/bcm/pinctrl-bcm2712.c

Applying /home/joseca/openmanet-firmware/target/linux/bcm27xx/patches-6.6/950-0828-pinctrl-bcm2712-Fix-for-the-first-valid-GPIO.patch using plaintext: 
patching file drivers/pinctrl/bcm/pinctrl-bcm2712.c

Applying /home/joseca/openmanet-firmware/target/linux/bcm27xx/patches-6.6/950-0829-vc4-hvs-Add-support-for-D0-register-changes.patch using plaintext: 
patching file drivers/gpu/drm/vc4/vc4_drv.c
patching file drivers/gpu/drm/vc4/vc4_drv.h
patching file drivers/gpu/drm/vc4/vc4_hvs.c
patching file drivers/gpu/drm/vc4/vc4_regs.h

Applying /home/joseca/openmanet-firmware/target/linux/bcm27xx/patches-6.6/950-0830-vc4-hvs-Updates-to-support-D0-alpha-and-csc-changes.patch using plaintext: 
patching file drivers/gpu/drm/vc4/vc4_hvs.c
patching file drivers/gpu/drm/vc4/vc4_plane.c
patching file drivers/gpu/drm/vc4/vc4_regs.h

Applying /home/joseca/openmanet-firmware/target/linux/bcm27xx/patches-6.6/950-0831-vc4-hdmi-Update-MAI_THR-for-D0.patch using plaintext: 
patching file drivers/gpu/drm/vc4/vc4_hdmi.c
patching file drivers/gpu/drm/vc4/vc4_regs.h

Applying /home/joseca/openmanet-firmware/target/linux/bcm27xx/patches-6.6/950-0833-drm-vc4-Add-2712-support-to-vc4_plane_async_set_fb.patch using plaintext: 
patching file drivers/gpu/drm/vc4/vc4_plane.c

Applying /home/joseca/openmanet-firmware/target/linux/bcm27xx/patches-6.6/950-0834-drm-vc4-Fix-atomic_async_check-to-call-the-right-mod.patch using plaintext: 
patching file drivers/gpu/drm/vc4/vc4_plane.c

Applying /home/joseca/openmanet-firmware/target/linux/bcm27xx/patches-6.6/950-0835-mmc-sdhci-brcmstb-remove-32-bit-accessors-for-BCM271.patch using plaintext: 
patching file drivers/mmc/host/Kconfig
patching file drivers/mmc/host/sdhci-brcmstb.c

Applying /home/joseca/openmanet-firmware/target/linux/bcm27xx/patches-6.6/950-0836-drm-vc4-Optimise-vc4_hvs_dlist_free_work-to-only-rea.patch using plaintext: 
patching file drivers/gpu/drm/vc4/vc4_hvs.c

Applying /home/joseca/openmanet-firmware/target/linux/bcm27xx/patches-6.6/950-0837-drm-vc4-Flush-stale-dlist-entries-if-allocation-fail.patch using plaintext: 
patching file drivers/gpu/drm/vc4/vc4_hvs.c

Applying /home/joseca/openmanet-firmware/target/linux/bcm27xx/patches-6.6/950-0838-drivers-gpu-drm-panel-Modify-the-DSI-mode-to-fix-the.patch using plaintext: 
patching file drivers/gpu/drm/panel/panel-waveshare-dsi.c

Applying /home/joseca/openmanet-firmware/target/linux/bcm27xx/patches-6.6/950-0839-drivers-gpu-drm-panel-Modified-the-timing-of-11.9inc.patch using plaintext: 
patching file drivers/gpu/drm/panel/panel-waveshare-dsi.c

Applying /home/joseca/openmanet-firmware/target/linux/bcm27xx/patches-6.6/950-0841-drm-rp1-rp1-vec-Allow-non-standard-modes-with-variou.patch using plaintext: 
patching file drivers/gpu/drm/rp1/rp1-vec/rp1_vec.c
patching file drivers/gpu/drm/rp1/rp1-vec/rp1_vec_hw.c

Applying /home/joseca/openmanet-firmware/target/linux/bcm27xx/patches-6.6/950-0842-ARM-pl011-Add-rs485-to-the-RP1-support.patch using plaintext: 
patching file drivers/tty/serial/amba-pl011.c

Applying /home/joseca/openmanet-firmware/target/linux/bcm27xx/patches-6.6/950-0843-mmc-bcm2835-sdhost-use-Host-Software-Queueing-mechan.patch using plaintext: 
patching file drivers/mmc/host/Kconfig
patching file drivers/mmc/host/bcm2835-sdhost.c

Applying /home/joseca/openmanet-firmware/target/linux/bcm27xx/patches-6.6/950-0844-Pisound-Don-t-export-the-button-GPIO-via-sysfs-GPIO-.patch using plaintext: 
patching file sound/soc/bcm/pisound.c

Applying /home/joseca/openmanet-firmware/target/linux/bcm27xx/patches-6.6/950-0845-Pisound-Read-out-the-SPI-speed-to-use-from-the-Devic.patch using plaintext: 
patching file sound/soc/bcm/pisound.c

Applying /home/joseca/openmanet-firmware/target/linux/bcm27xx/patches-6.6/950-0846-Pisound-Set-the-spi-speed-hz-for-Pisound-in-the-Devi.patch using plaintext: 
patching file arch/arm/boot/dts/overlays/Makefile
patching file arch/arm/boot/dts/overlays/README
patching file arch/arm/boot/dts/overlays/overlay_map.dts
patching file arch/arm/boot/dts/overlays/pisound-overlay.dts
patching file arch/arm/boot/dts/overlays/pisound-pi5-overlay.dts

Applying /home/joseca/openmanet-firmware/target/linux/bcm27xx/patches-6.6/950-0847-Improvement-on-backup-switchover-mode-overlay-value-.patch using plaintext: 
patching file arch/arm/boot/dts/overlays/README

Applying /home/joseca/openmanet-firmware/target/linux/bcm27xx/patches-6.6/950-0849-drivers-w1-gpio-add-flag-to-force-read-polling-while.patch using plaintext: 
patching file drivers/w1/masters/w1-gpio.c
patching file drivers/w1/w1_io.c
patching file include/linux/w1.h

Applying /home/joseca/openmanet-firmware/target/linux/bcm27xx/patches-6.6/950-0850-arm-dts-overlays-add-Pi-5-variants-for-w1-gpio-overl.patch using plaintext: 
patching file arch/arm/boot/dts/overlays/Makefile
patching file arch/arm/boot/dts/overlays/README
patching file arch/arm/boot/dts/overlays/overlay_map.dts
patching file arch/arm/boot/dts/overlays/w1-gpio-pi5-overlay.dts
patching file arch/arm/boot/dts/overlays/w1-gpio-pullup-pi5-overlay.dts

Applying /home/joseca/openmanet-firmware/target/linux/bcm27xx/patches-6.6/950-0851-drivers-w1-gpio-Fixup-uninitialised-variable-use-in-.patch using plaintext: 
patching file drivers/w1/masters/w1-gpio.c

Applying /home/joseca/openmanet-firmware/target/linux/bcm27xx/patches-6.6/950-0852-dt-bindings-usb-update-dwc3-bindings-for-parkmode-di.patch using plaintext: 
patching file Documentation/devicetree/bindings/usb/snps,dwc3.yaml

Applying /home/joseca/openmanet-firmware/target/linux/bcm27xx/patches-6.6/950-0853-drivers-usb-dwc3-add-FS-LS-bus-instance-parkmode-dis.patch using plaintext: 
patching file drivers/usb/dwc3/core.c
patching file drivers/usb/dwc3/core.h

Applying /home/joseca/openmanet-firmware/target/linux/bcm27xx/patches-6.6/950-0854-dts-rp1-nobble-HS-and-FS-LS-park-mode-for-dwc3-xhci.patch using plaintext: 
patching file arch/arm/boot/dts/broadcom/rp1.dtsi

Applying /home/joseca/openmanet-firmware/target/linux/bcm27xx/patches-6.6/950-0856-drm-vc4-Do-not-reset-tv-mode-as-this-is-already-hand.patch using plaintext: 
patching file drivers/gpu/drm/vc4/vc4_vec.c

Applying /home/joseca/openmanet-firmware/target/linux/bcm27xx/patches-6.6/950-0857-drm-vc4-Initialise-the-tv_mode-property-default-from.patch using plaintext: 
patching file drivers/gpu/drm/vc4/vc4_vec.c

Applying /home/joseca/openmanet-firmware/target/linux/bcm27xx/patches-6.6/950-0858-drivers-media-pisp_be-Update-seqeuence-numbers-of-th.patch using plaintext: 
patching file drivers/media/platform/raspberrypi/pisp_be/pisp_be.c

Applying /home/joseca/openmanet-firmware/target/linux/bcm27xx/patches-6.6/950-0859-Harmonizing-the-improvement-on-backup-switchover-mod.patch using plaintext: 
patching file arch/arm/boot/dts/overlays/README

Applying /home/joseca/openmanet-firmware/target/linux/bcm27xx/patches-6.6/950-0860-Add-pcie-32bit-dma-overlay-pi5-to-enable-32bit-DMA-o.patch using plaintext: 
patching file arch/arm/boot/dts/overlays/Makefile
patching file arch/arm/boot/dts/overlays/README
patching file arch/arm/boot/dts/overlays/overlay_map.dts
patching file arch/arm/boot/dts/overlays/pcie-32bit-dma-pi5-overlay.dts

Applying /home/joseca/openmanet-firmware/target/linux/bcm27xx/patches-6.6/950-0863-i2c-designware-Use-SCL-rise-and-fall-times-in-DT.patch using plaintext: 
patching file drivers/i2c/busses/i2c-designware-master.c

Applying /home/joseca/openmanet-firmware/target/linux/bcm27xx/patches-6.6/950-0864-i2c-designware-Support-non-standard-bus-speeds.patch using plaintext: 
patching file drivers/i2c/busses/i2c-designware-common.c
patching file drivers/i2c/busses/i2c-designware-core.h
patching file drivers/i2c/busses/i2c-designware-master.c

Applying /home/joseca/openmanet-firmware/target/linux/bcm27xx/patches-6.6/950-0865-ARM-dts-rp1-Add-I2C-timings.patch using plaintext: 
patching file arch/arm/boot/dts/broadcom/rp1.dtsi

Applying /home/joseca/openmanet-firmware/target/linux/bcm27xx/patches-6.6/950-0867-iommu-bcm2712-don-t-allow-building-as-module.patch using plaintext: 
patching file drivers/iommu/Kconfig

Applying /home/joseca/openmanet-firmware/target/linux/bcm27xx/patches-6.6/950-0868-drm-rp1-depends-on-instead-of-select-MFD_RP1.patch using plaintext: 
patching file drivers/gpu/drm/rp1/rp1-dpi/Kconfig
patching file drivers/gpu/drm/rp1/rp1-dsi/Kconfig
patching file drivers/gpu/drm/rp1/rp1-vec/Kconfig

Applying /home/joseca/openmanet-firmware/target/linux/bcm27xx/patches-6.6/950-0870-ARM-dts-Standardise-downstream-Pi-GPIO-pin-names.patch using plaintext: 
patching file arch/arm/boot/dts/broadcom/bcm2708-rpi-b-plus.dts
patching file arch/arm/boot/dts/broadcom/bcm2708-rpi-zero-w.dts
patching file arch/arm/boot/dts/broadcom/bcm2708-rpi-zero.dts
patching file arch/arm/boot/dts/broadcom/bcm2709-rpi-2-b.dts
patching file arch/arm/boot/dts/broadcom/bcm2710-rpi-2-b.dts
patching file arch/arm/boot/dts/broadcom/bcm2710-rpi-3-b-plus.dts
patching file arch/arm/boot/dts/broadcom/bcm2710-rpi-3-b.dts
patching file arch/arm/boot/dts/broadcom/bcm2710-rpi-zero-2-w.dts
patching file arch/arm/boot/dts/broadcom/bcm2711-rpi-4-b.dts
patching file arch/arm/boot/dts/broadcom/bcm2711-rpi-cm4.dts
patching file arch/arm/boot/dts/broadcom/bcm2711-rpi-cm4s.dts
patching file arch/arm/boot/dts/broadcom/bcm2712-rpi-5-b.dts

Applying /home/joseca/openmanet-firmware/target/linux/bcm27xx/patches-6.6/950-0871-ARM-dts-bcm2712-rpi-5-b-Add-act_led_gpio.patch using plaintext: 
patching file arch/arm/boot/dts/broadcom/bcm2712-rpi-5-b.dts

Applying /home/joseca/openmanet-firmware/target/linux/bcm27xx/patches-6.6/950-0872-ARM-dts-rp1-Boost-the-I2C-drive-strength.patch using plaintext: 
patching file arch/arm/boot/dts/broadcom/rp1.dtsi

Applying /home/joseca/openmanet-firmware/target/linux/bcm27xx/patches-6.6/950-0874-drm-rp1-Use-tv_mode-from-the-command-line-and-fix-fo.patch using plaintext: 
patching file drivers/gpu/drm/rp1/rp1-vec/rp1_vec.c
patching file drivers/gpu/drm/rp1/rp1-vec/rp1_vec.h
patching file drivers/gpu/drm/rp1/rp1-vec/rp1_vec_hw.c

Applying /home/joseca/openmanet-firmware/target/linux/bcm27xx/patches-6.6/950-0875-Update-touch-PiTFT-overlays.patch using plaintext: 
patching file arch/arm/boot/dts/overlays/README
patching file arch/arm/boot/dts/overlays/pitft22-overlay.dts
patching file arch/arm/boot/dts/overlays/pitft28-capacitive-overlay.dts
patching file arch/arm/boot/dts/overlays/pitft28-resistive-overlay.dts
patching file arch/arm/boot/dts/overlays/pitft35-resistive-overlay.dts

Applying /home/joseca/openmanet-firmware/target/linux/bcm27xx/patches-6.6/950-0876-ASoC-DACplus-fix-16bit-sample-support-in-clock-consu.patch using plaintext: 
patching file sound/soc/bcm/hifiberry_dacplus.c

Applying /home/joseca/openmanet-firmware/target/linux/bcm27xx/patches-6.6/950-0877-ASoC-adds-support-for-AMP4-Pro-to-the-DAC-Plus-drive.patch using plaintext: 
patching file sound/soc/bcm/hifiberry_dacplus.c

Applying /home/joseca/openmanet-firmware/target/linux/bcm27xx/patches-6.6/950-0878-DT-overlays-adds-support-for-Hifiberry-AMP4-Pro.patch using plaintext: 
patching file arch/arm/boot/dts/overlays/Makefile
patching file arch/arm/boot/dts/overlays/README
patching file arch/arm/boot/dts/overlays/hifiberry-amp4pro-overlay.dts

Applying /home/joseca/openmanet-firmware/target/linux/bcm27xx/patches-6.6/950-0879-ASoC-DACplusADCPro-fix-16bit-sample-support-in-clock.patch using plaintext: 
patching file sound/soc/bcm/hifiberry_dacplusadcpro.c

Applying /home/joseca/openmanet-firmware/target/linux/bcm27xx/patches-6.6/950-0880-overlays-Correct-some-compatible-strings.patch using plaintext: 
patching file arch/arm/boot/dts/overlays/midi-uart2-overlay.dts
patching file arch/arm/boot/dts/overlays/midi-uart3-overlay.dts
patching file arch/arm/boot/dts/overlays/midi-uart4-overlay.dts
patching file arch/arm/boot/dts/overlays/midi-uart5-overlay.dts
patching file arch/arm/boot/dts/overlays/ramoops-pi4-overlay.dts

Applying /home/joseca/openmanet-firmware/target/linux/bcm27xx/patches-6.6/950-0881-overlays-Delete-deprecated-overlay-mpu6050.patch using plaintext: 
patching file arch/arm/boot/dts/overlays/Makefile
patching file arch/arm/boot/dts/overlays/mpu6050-overlay.dts

Applying /home/joseca/openmanet-firmware/target/linux/bcm27xx/patches-6.6/950-0882-drivers-media-cfe-Increase-default-size-of-embedded-.patch using plaintext: 
patching file drivers/media/platform/raspberrypi/rp1_cfe/cfe.c

Applying /home/joseca/openmanet-firmware/target/linux/bcm27xx/patches-6.6/950-0883-drm-rp1-VEC-and-DPI-drivers-Fix-bug-5901.patch using plaintext: 
patching file drivers/gpu/drm/rp1/rp1-dpi/rp1_dpi.c
patching file drivers/gpu/drm/rp1/rp1-dpi/rp1_dpi.h
patching file drivers/gpu/drm/rp1/rp1-dpi/rp1_dpi_hw.c
patching file drivers/gpu/drm/rp1/rp1-vec/rp1_vec.c
patching file drivers/gpu/drm/rp1/rp1-vec/rp1_vec.h
patching file drivers/gpu/drm/rp1/rp1-vec/rp1_vec_hw.c

Applying /home/joseca/openmanet-firmware/target/linux/bcm27xx/patches-6.6/950-0884-drm-vc4-Drop-planes-that-have-0-destination-size.patch using plaintext: 
patching file drivers/gpu/drm/vc4/vc4_plane.c

Applying /home/joseca/openmanet-firmware/target/linux/bcm27xx/patches-6.6/950-0885-vc4-hvs-Support-fixed-alpha-correctly-on-2712D0.patch using plaintext: 
patching file drivers/gpu/drm/vc4/vc4_plane.c
patching file drivers/gpu/drm/vc4/vc4_regs.h

Applying /home/joseca/openmanet-firmware/target/linux/bcm27xx/patches-6.6/950-0886-drm-vc4-Disable-overrun-interrupts.patch using plaintext: 
patching file drivers/gpu/drm/vc4/vc4_crtc.c
patching file drivers/gpu/drm/vc4/vc4_kms.c

Applying /home/joseca/openmanet-firmware/target/linux/bcm27xx/patches-6.6/950-0887-drivers-thermal-step_wise-add-support-for-hysteresis.patch using plaintext: 
patching file drivers/thermal/gov_step_wise.c

Applying /home/joseca/openmanet-firmware/target/linux/bcm27xx/patches-6.6/950-0888-media-rp1-cfe-Actually-use-the-number-of-lanes-confi.patch using plaintext: 
patching file drivers/media/platform/raspberrypi/rp1_cfe/cfe.c
patching file drivers/media/platform/raspberrypi/rp1_cfe/csi2.h
patching file drivers/media/platform/raspberrypi/rp1_cfe/dphy.c
patching file drivers/media/platform/raspberrypi/rp1_cfe/dphy.h

Applying /home/joseca/openmanet-firmware/target/linux/bcm27xx/patches-6.6/950-0889-PCI-brcmstb-Enable-CRS-software-visibility-after-lin.patch using plaintext: 
patching file drivers/pci/controller/pcie-brcmstb.c

Applying /home/joseca/openmanet-firmware/target/linux/bcm27xx/patches-6.6/950-0890-dts-bcm2712-update-sdio1-on-Pi-5.patch using plaintext: 
patching file arch/arm/boot/dts/broadcom/bcm2712-rpi-5-b.dts

Applying /home/joseca/openmanet-firmware/target/linux/bcm27xx/patches-6.6/950-0891-drivers-mmc-sdhci-brcmstb-fix-usage-of-SD_PIN_SEL-on.patch using plaintext: 
patching file drivers/mmc/host/sdhci-brcmstb.c

Applying /home/joseca/openmanet-firmware/target/linux/bcm27xx/patches-6.6/950-0892-drivers-pinctrl-add-BCM2712D0-EMMC-pins.patch using plaintext: 
patching file drivers/pinctrl/bcm/pinctrl-bcm2712.c

Applying /home/joseca/openmanet-firmware/target/linux/bcm27xx/patches-6.6/950-0893-ARM-dts-Add-CM5-DTS-support.patch using plaintext: 
patching file arch/arm/boot/dts/broadcom/bcm2712-rpi-cm5-cm4io.dts
patching file arch/arm/boot/dts/broadcom/bcm2712-rpi-cm5-cm5io.dts
patching file arch/arm/boot/dts/broadcom/bcm2712-rpi-cm5.dtsi
patching file arch/arm64/boot/dts/broadcom/Makefile
patching file arch/arm64/boot/dts/broadcom/bcm2712-rpi-cm5-cm4io.dts
patching file arch/arm64/boot/dts/broadcom/bcm2712-rpi-cm5-cm5io.dts

Applying /home/joseca/openmanet-firmware/target/linux/bcm27xx/patches-6.6/950-0894-arm-dt-bcm2712-Reduce-DDC-frequency-to-97.5kHz-from-.patch using plaintext: 
patching file arch/arm/boot/dts/broadcom/bcm2712.dtsi

Applying /home/joseca/openmanet-firmware/target/linux/bcm27xx/patches-6.6/950-0895-PCI-brcmstb-Set-new-flags-to-avoid-QOS-holes-on-BCM2.patch using plaintext: 
patching file drivers/pci/controller/pcie-brcmstb.c

Applying /home/joseca/openmanet-firmware/target/linux/bcm27xx/patches-6.6/950-0899-Impliment-driver-support-for-Interlude-Audio-Digital.patch using plaintext: 
patching file sound/soc/bcm/rpi-wm8804-soundcard.c

Applying /home/joseca/openmanet-firmware/target/linux/bcm27xx/patches-6.6/950-0900-Add-overlays-needed-for-Interlude-Audio-Digital-and-.patch using plaintext: 
patching file arch/arm/boot/dts/overlays/Makefile
patching file arch/arm/boot/dts/overlays/README
patching file arch/arm/boot/dts/overlays/interludeaudio-analog-overlay.dts
patching file arch/arm/boot/dts/overlays/interludeaudio-digital-overlay.dts

Applying /home/joseca/openmanet-firmware/target/linux/bcm27xx/patches-6.6/950-0901-overlays-adau1977-adc-Replace-use-of-i2c-label.patch using plaintext: 
patching file arch/arm/boot/dts/overlays/adau1977-adc-overlay.dts

Applying /home/joseca/openmanet-firmware/target/linux/bcm27xx/patches-6.6/950-0902-vc4-hvs-Fix-lbm-size-calculation-for-yuv.patch using plaintext: 
patching file drivers/gpu/drm/vc4/vc4_plane.c

Applying /home/joseca/openmanet-firmware/target/linux/bcm27xx/patches-6.6/950-0905-drm-v3d-Enable-V3D-to-use-different-PAGE_SIZE.patch using plaintext: 
patching file drivers/gpu/drm/v3d/v3d_bo.c
patching file drivers/gpu/drm/v3d/v3d_debugfs.c
patching file drivers/gpu/drm/v3d/v3d_drv.h
patching file drivers/gpu/drm/v3d/v3d_irq.c
patching file drivers/gpu/drm/v3d/v3d_mmu.c

Applying /home/joseca/openmanet-firmware/target/linux/bcm27xx/patches-6.6/950-0906-Add-IQaudio-CodecZero-to-hat_map.dts.patch using plaintext: 
patching file arch/arm/boot/dts/overlays/hat_map.dts

Applying /home/joseca/openmanet-firmware/target/linux/bcm27xx/patches-6.6/950-0908-arm64-Kconfig-Don-t-set-DMA_BOUNCE_UNALIGNED_KMALLOC.patch using plaintext: 
patching file arch/arm64/Kconfig

Applying /home/joseca/openmanet-firmware/target/linux/bcm27xx/patches-6.6/950-0909-Bluetooth-btbcm-Add-entry-for-BCM43439-UART-BT.patch using plaintext: 
patching file drivers/bluetooth/btbcm.c

Applying /home/joseca/openmanet-firmware/target/linux/bcm27xx/patches-6.6/950-0910-perf-raspberry-Add-support-for-2712-axi-performance-.patch using plaintext: 
patching file drivers/perf/raspberrypi_axi_monitor.c

Applying /home/joseca/openmanet-firmware/target/linux/bcm27xx/patches-6.6/950-0911-ARM-dts-Add-support-for-2712-axi-performance-monitor.patch using plaintext: 
patching file arch/arm/boot/dts/broadcom/bcm2711-rpi-ds.dtsi
patching file arch/arm/boot/dts/broadcom/bcm2712-rpi.dtsi
patching file arch/arm/boot/dts/broadcom/bcm2712.dtsi

Applying /home/joseca/openmanet-firmware/target/linux/bcm27xx/patches-6.6/950-0912-dtoverlays-Correct-width-height-on-Waveshare-2.8-pan.patch using plaintext: 
patching file arch/arm/boot/dts/overlays/vc4-kms-dsi-waveshare-panel-overlay.dts

Applying /home/joseca/openmanet-firmware/target/linux/bcm27xx/patches-6.6/950-0913-dtoverlays-rotate-override-needs-to-update-rotation-.patch using plaintext: 
patching file arch/arm/boot/dts/overlays/piscreen-overlay.dts

Applying /home/joseca/openmanet-firmware/target/linux/bcm27xx/patches-6.6/950-0915-ASOc-Add-HiFiBerry-DAC8X-to-the-simple-card-driver.patch using plaintext: 
patching file sound/soc/bcm/Kconfig
patching file sound/soc/bcm/rpi-simple-soundcard.c

Applying /home/joseca/openmanet-firmware/target/linux/bcm27xx/patches-6.6/950-0916-Overlays-Add-definitions-for-HiFiBerry-8-channel-DAC.patch using plaintext: 
patching file arch/arm/boot/dts/overlays/Makefile
patching file arch/arm/boot/dts/overlays/README
patching file arch/arm/boot/dts/overlays/hifiberry-dac8x-overlay.dts
patching file arch/arm/boot/dts/overlays/overlay_map.dts

Applying /home/joseca/openmanet-firmware/target/linux/bcm27xx/patches-6.6/950-0917-media-ov64a40-Report-the-full-crop-rectangle.patch using plaintext: 
patching file drivers/media/i2c/ov64a40.c

Applying /home/joseca/openmanet-firmware/target/linux/bcm27xx/patches-6.6/950-0918-media-ov64a40-Name-the-subdev-state-variables-to-sta.patch using plaintext: 
patching file drivers/media/i2c/ov64a40.c

Applying /home/joseca/openmanet-firmware/target/linux/bcm27xx/patches-6.6/950-0919-media-ov64a40-Use-container_of_const.patch using plaintext: 
patching file drivers/media/i2c/ov64a40.c

Applying /home/joseca/openmanet-firmware/target/linux/bcm27xx/patches-6.6/950-0920-media-ov64a40-Do-not-match-on-endpoint.patch using plaintext: 
patching file drivers/media/i2c/ov64a40.c

Applying /home/joseca/openmanet-firmware/target/linux/bcm27xx/patches-6.6/950-0921-media-ov64a40-Better-check-for-error-on-clk_get.patch using plaintext: 
patching file drivers/media/i2c/ov64a40.c

Applying /home/joseca/openmanet-firmware/target/linux/bcm27xx/patches-6.6/950-0922-media-ov64a40-Align-to-tab.patch using plaintext: 
patching file drivers/media/i2c/ov64a40.c

Applying /home/joseca/openmanet-firmware/target/linux/bcm27xx/patches-6.6/950-0923-drm-Add-DRM_MODE_TV_MODE_MONOCHROME.patch using plaintext: 
patching file drivers/gpu/drm/drm_connector.c
patching file drivers/gpu/drm/drm_modes.c
patching file drivers/gpu/drm/drm_probe_helper.c
patching file include/drm/drm_connector.h

Applying /home/joseca/openmanet-firmware/target/linux/bcm27xx/patches-6.6/950-0924-drm-vc4-Add-monochrome-mode-to-the-VEC.patch using plaintext: 
patching file drivers/gpu/drm/vc4/vc4_vec.c

Applying /home/joseca/openmanet-firmware/target/linux/bcm27xx/patches-6.6/950-0925-media-i2c-imx296-Updated-register-setting-to-fix-Fas.patch using plaintext: 
patching file drivers/media/i2c/imx296.c

Applying /home/joseca/openmanet-firmware/target/linux/bcm27xx/patches-6.6/950-0926-dt-bindings-add-additional-RP1-PLL-output-channels.patch using plaintext: 
patching file include/dt-bindings/clock/rp1.h

Applying /home/joseca/openmanet-firmware/target/linux/bcm27xx/patches-6.6/950-0927-drivers-clk-rp1-add-GPCLK-source-muxes-and-additiona.patch using plaintext: 
patching file drivers/clk/clk-rp1.c

Applying /home/joseca/openmanet-firmware/target/linux/bcm27xx/patches-6.6/950-0928-DT-rp1-add-general-purpose-clock-source-definitions.patch using plaintext: 
patching file arch/arm/boot/dts/broadcom/rp1.dtsi

Applying /home/joseca/openmanet-firmware/target/linux/bcm27xx/patches-6.6/950-0929-drivers-clk-rp1-constrain-clock-divider-outputs-to-d.patch using plaintext: 
patching file drivers/clk/clk-rp1.c

Applying /home/joseca/openmanet-firmware/target/linux/bcm27xx/patches-6.6/950-0930-vc4-Add-jack-detection-to-HDMI-audio-driver.patch using plaintext: 
patching file drivers/gpu/drm/vc4/vc4_hdmi.c
patching file drivers/gpu/drm/vc4/vc4_hdmi.h

Applying /home/joseca/openmanet-firmware/target/linux/bcm27xx/patches-6.6/950-0931-fixup-ASoC-dwc-Defer-bclk_ratio-handling-to-hw_param.patch using plaintext: 
patching file sound/soc/dwc/dwc-i2s.c

Applying /home/joseca/openmanet-firmware/target/linux/bcm27xx/patches-6.6/950-0932-ASoC-bcm-Use-the-correct-sample-width-value.patch using plaintext: 
patching file sound/soc/bcm/allo-boss-dac.c
patching file sound/soc/bcm/dionaudio_loco.c
patching file sound/soc/bcm/hifiberry_dacplus.c
patching file sound/soc/bcm/hifiberry_dacplusadc.c
patching file sound/soc/bcm/hifiberry_dacplusadcpro.c
patching file sound/soc/bcm/i-sabre-q2m.c
patching file sound/soc/bcm/pifi-40.c
patching file sound/soc/bcm/pisound.c
patching file sound/soc/bcm/rpi-cirrus.c
patching file sound/soc/bcm/rpi-simple-soundcard.c

Applying /home/joseca/openmanet-firmware/target/linux/bcm27xx/patches-6.6/950-0933-clk-rp1-Reserve-pll_audio-for-clk_i2s.patch using plaintext: 
patching file drivers/clk/clk-rp1.c

Applying /home/joseca/openmanet-firmware/target/linux/bcm27xx/patches-6.6/950-0934-clk-rp1-Allow-clk_i2s-to-change-the-audio-PLLs.patch using plaintext: 
patching file drivers/clk/clk-rp1.c

Applying /home/joseca/openmanet-firmware/target/linux/bcm27xx/patches-6.6/950-0936-pwm-bcm2835-Simplify-using-devm-functions.patch using plaintext: 
patching file drivers/pwm/pwm-bcm2835.c

Applying /home/joseca/openmanet-firmware/target/linux/bcm27xx/patches-6.6/950-0938-pwm-Replace-ENOTSUPP-with-EOPNOTSUPP.patch using plaintext: 
patching file include/linux/pwm.h

Applying /home/joseca/openmanet-firmware/target/linux/bcm27xx/patches-6.6/950-0939-pwm-renesas-Remove-unused-include.patch using plaintext: 
patching file drivers/pwm/pwm-renesas-tpu.c

Applying /home/joseca/openmanet-firmware/target/linux/bcm27xx/patches-6.6/950-0941-pwm-bcm2835-Allow-PWM-driver-to-be-used-in-atomic-co.patch using plaintext: 
patching file drivers/pwm/pwm-bcm2835.c

Applying /home/joseca/openmanet-firmware/target/linux/bcm27xx/patches-6.6/950-0942-media-pwm-ir-tx-Trigger-edges-from-hrtimer-interrupt.patch using plaintext: 
patching file drivers/media/rc/pwm-ir-tx.c

Applying /home/joseca/openmanet-firmware/target/linux/bcm27xx/patches-6.6/950-0943-media-pwm-ir-tx-Depend-on-CONFIG_HIGH_RES_TIMERS.patch using plaintext: 
patching file drivers/media/rc/Kconfig

Applying /home/joseca/openmanet-firmware/target/linux/bcm27xx/patches-6.6/950-0944-regulator-Add-a-regulator-for-the-new-LCD-panels.patch using plaintext: 
patching file drivers/regulator/Kconfig
patching file drivers/regulator/Makefile
patching file drivers/regulator/rpi-panel-v2-regulator.c

Applying /home/joseca/openmanet-firmware/target/linux/bcm27xx/patches-6.6/950-0945-dt-bindings-ili9881c-add-compatible-string-for-new-p.patch using plaintext: 
patching file Documentation/devicetree/bindings/display/panel/ilitek,ili9881c.yaml

Applying /home/joseca/openmanet-firmware/target/linux/bcm27xx/patches-6.6/950-0946-drm-panel-ilitek-ili9881c-Allow-configuration-of-the.patch using plaintext: 
patching file drivers/gpu/drm/panel/panel-ilitek-ili9881c.c

Applying /home/joseca/openmanet-firmware/target/linux/bcm27xx/patches-6.6/950-0947-drm-panel-ili9881-Add-configuration-for-the-new-pane.patch using plaintext: 
patching file drivers/gpu/drm/panel/panel-ilitek-ili9881c.c

Applying /home/joseca/openmanet-firmware/target/linux/bcm27xx/patches-6.6/950-0949-dtoverlays-Add-overlays-for-5-and-7-ILI9881-panels.patch using plaintext: 
patching file arch/arm/boot/dts/overlays/Makefile
patching file arch/arm/boot/dts/overlays/README
patching file arch/arm/boot/dts/overlays/vc4-kms-dsi-ili9881-5inch-overlay.dts
patching file arch/arm/boot/dts/overlays/vc4-kms-dsi-ili9881-7inch-overlay.dts

Applying /home/joseca/openmanet-firmware/target/linux/bcm27xx/patches-6.6/950-0950-ARM-dts-bcm2712-rpi-Add-i2c-n-_pins-labels.patch using plaintext: 
patching file arch/arm/boot/dts/broadcom/bcm2712-rpi.dtsi

Applying /home/joseca/openmanet-firmware/target/linux/bcm27xx/patches-6.6/950-0951-ASoC-dwc-Correct-channel-count-reporting.patch using plaintext: 
patching file sound/soc/dwc/dwc-i2s.c

Applying /home/joseca/openmanet-firmware/target/linux/bcm27xx/patches-6.6/950-0952-Driver-add-waveshare-4inch-dsi-lcd-C-driver.patch using plaintext: 
patching file drivers/gpu/drm/panel/panel-waveshare-dsi.c

Applying /home/joseca/openmanet-firmware/target/linux/bcm27xx/patches-6.6/950-0953-Dtoverlay-add-waveshare-4inch-dsi-lcd-C-dtoverlay.patch using plaintext: 
patching file arch/arm/boot/dts/overlays/vc4-kms-dsi-waveshare-panel-overlay.dts

Applying /home/joseca/openmanet-firmware/target/linux/bcm27xx/patches-6.6/950-0954-Dtoverlay-fix-waveshare-11.9inch-touch-orientation-e.patch using plaintext: 
patching file arch/arm/boot/dts/overlays/vc4-kms-dsi-waveshare-panel-overlay.dts

Applying /home/joseca/openmanet-firmware/target/linux/bcm27xx/patches-6.6/950-0955-Dtoverlay-Add-waveshare-4inch-dsi-lcd-C-parameters-t.patch using plaintext: 
patching file arch/arm/boot/dts/overlays/README

Applying /home/joseca/openmanet-firmware/target/linux/bcm27xx/patches-6.6/950-0956-media-i2c-imx296-Get-sensor-crop-working.patch using plaintext: 
patching file drivers/media/i2c/imx296.c

Applying /home/joseca/openmanet-firmware/target/linux/bcm27xx/patches-6.6/950-0957-media-i2c-imx296-Add-helper-for-hblank-control.patch using plaintext: 
patching file drivers/media/i2c/imx296.c

Applying /home/joseca/openmanet-firmware/target/linux/bcm27xx/patches-6.6/950-0958-media-i2c-imx296-Set-a-1-frame-gain-delay.patch using plaintext: 
patching file drivers/media/i2c/imx296.c

Applying /home/joseca/openmanet-firmware/target/linux/bcm27xx/patches-6.6/950-0959-media-i2c-imx296-Add-horizontal-vertical-flip-suppor.patch using plaintext: 
patching file drivers/media/i2c/imx296.c

Applying /home/joseca/openmanet-firmware/target/linux/bcm27xx/patches-6.6/950-0960-media-i2c-imx296-Adjust-cropping-limits.patch using plaintext: 
patching file drivers/media/i2c/imx296.c

Applying /home/joseca/openmanet-firmware/target/linux/bcm27xx/patches-6.6/950-0961-ARM-dts-Set-all-RPi-PWM-clocks-to-50MHz.patch using plaintext: 
patching file arch/arm/boot/dts/broadcom/bcm2711.dtsi
patching file arch/arm/boot/dts/broadcom/bcm2712.dtsi
patching file arch/arm/boot/dts/broadcom/bcm283x.dtsi
patching file arch/arm/boot/dts/broadcom/rp1.dtsi
patching file arch/arm/boot/dts/overlays/pwm-2chan-overlay.dts
patching file arch/arm/boot/dts/overlays/pwm-overlay.dts
patching file arch/arm/boot/dts/overlays/pwm1-overlay.dts

Applying /home/joseca/openmanet-firmware/target/linux/bcm27xx/patches-6.6/950-0962-hwrng-bcm2835-sleep-more-intelligently.patch using plaintext: 
patching file drivers/char/hw_random/bcm2835-rng.c

Applying /home/joseca/openmanet-firmware/target/linux/bcm27xx/patches-6.6/950-0963-dtoverlays-Add-a-disconnect_on_idle-override-to-i2c-.patch using plaintext: 
patching file arch/arm/boot/dts/overlays/README
patching file arch/arm/boot/dts/overlays/i2c-mux-overlay.dts

Applying /home/joseca/openmanet-firmware/target/linux/bcm27xx/patches-6.6/950-0964-dtoverlays-Fixup-pendown-gpio-polarity-for-ads7846-u.patch using plaintext: 
patching file arch/arm/boot/dts/overlays/ads7846-overlay.dts
patching file arch/arm/boot/dts/overlays/hy28a-overlay.dts
patching file arch/arm/boot/dts/overlays/hy28b-2017-overlay.dts
patching file arch/arm/boot/dts/overlays/hy28b-overlay.dts
patching file arch/arm/boot/dts/overlays/mz61581-overlay.dts
patching file arch/arm/boot/dts/overlays/piscreen-overlay.dts
patching file arch/arm/boot/dts/overlays/piscreen2r-overlay.dts
patching file arch/arm/boot/dts/overlays/tinylcd35-overlay.dts

Applying /home/joseca/openmanet-firmware/target/linux/bcm27xx/patches-6.6/950-0965-i2c-mux-Add-support-for-generic-base-nr-property.patch using plaintext: 
patching file drivers/i2c/i2c-mux.c

Applying /home/joseca/openmanet-firmware/target/linux/bcm27xx/patches-6.6/950-0966-overlays-i2c-mux-Add-base-parameter.patch using plaintext: 
patching file arch/arm/boot/dts/overlays/README
patching file arch/arm/boot/dts/overlays/i2c-mux-overlay.dts
patching file drivers/i2c/i2c-mux.c

Applying /home/joseca/openmanet-firmware/target/linux/bcm27xx/patches-6.6/950-0967-dmaengine-dw-axi-dmac-Fix-a-non-atomic-update.patch using plaintext: 
patching file drivers/dma/dw-axi-dmac/dw-axi-dmac-platform.c

Applying /home/joseca/openmanet-firmware/target/linux/bcm27xx/patches-6.6/950-0968-fixup-overlays-i2c-mux-Add-base-parameter.patch using plaintext: 
patching file drivers/i2c/i2c-mux.c

Applying /home/joseca/openmanet-firmware/target/linux/bcm27xx/patches-6.6/950-0969-imx477-make-trigger-mode-more-configurable.patch using plaintext: 
patching file drivers/media/i2c/imx477.c

Applying /home/joseca/openmanet-firmware/target/linux/bcm27xx/patches-6.6/950-0970-imx477-Update-device-tree-overlays-to-support-trigge.patch using plaintext: 
patching file arch/arm/boot/dts/overlays/README
patching file arch/arm/boot/dts/overlays/camera-mux-2port-overlay.dts
patching file arch/arm/boot/dts/overlays/camera-mux-4port-overlay.dts
patching file arch/arm/boot/dts/overlays/imx378-overlay.dts
patching file arch/arm/boot/dts/overlays/imx477-overlay.dts

Applying /home/joseca/openmanet-firmware/target/linux/bcm27xx/patches-6.6/950-0971-fixup-i2c-designware-Support-non-standard-bus-speeds.patch using plaintext: 
patching file drivers/i2c/busses/i2c-designware-master.c

Applying /home/joseca/openmanet-firmware/target/linux/bcm27xx/patches-6.6/950-0972-ARM-dts-bcm2712-Move-soc-sound-to-bcm2712-rpi.patch using plaintext: 
patching file arch/arm/boot/dts/broadcom/bcm2712-rpi.dtsi
patching file arch/arm/boot/dts/broadcom/bcm2712.dtsi

Applying /home/joseca/openmanet-firmware/target/linux/bcm27xx/patches-6.6/950-0973-overlays-i2c-rtc-pcf8563-supports-wakeup-source.patch using plaintext: 
patching file arch/arm/boot/dts/overlays/i2c-rtc-common.dtsi

Applying /home/joseca/openmanet-firmware/target/linux/bcm27xx/patches-6.6/950-0974-Overlays-Add-specific-clk-producer-consumer-overlays.patch using plaintext: 
patching file arch/arm/boot/dts/overlays/Makefile
patching file arch/arm/boot/dts/overlays/README
patching file arch/arm/boot/dts/overlays/hifiberry-dacplus-pro-overlay.dts
patching file arch/arm/boot/dts/overlays/hifiberry-dacplus-std-overlay.dts

Applying /home/joseca/openmanet-firmware/target/linux/bcm27xx/patches-6.6/950-0975-overlays-hat_map-Add-Hifiberry-cards.patch using plaintext: 
patching file arch/arm/boot/dts/overlays/hat_map.dts

Applying /home/joseca/openmanet-firmware/target/linux/bcm27xx/patches-6.6/950-0976-ASoC-Fix-16bit-sample-support-for-Hifiberry-DACplusA.patch using plaintext: 
patching file sound/soc/bcm/hifiberry_dacplusadc.c

Applying /home/joseca/openmanet-firmware/target/linux/bcm27xx/patches-6.6/950-0977-overlays-Sets-i2s_clk_producer-as-default-for-Hifibe.patch using plaintext: 
patching file arch/arm/boot/dts/overlays/README
patching file arch/arm/boot/dts/overlays/hifiberry-dacplusadc-overlay.dts

Applying /home/joseca/openmanet-firmware/target/linux/bcm27xx/patches-6.6/950-0978-ARM-dts-pi400-Force-stdout-path-to-serial0.patch using plaintext: 
patching file arch/arm/boot/dts/broadcom/bcm2711-rpi-400.dts

Applying /home/joseca/openmanet-firmware/target/linux/bcm27xx/patches-6.6/950-0979-ARM-dts-bcm2712-cm5-i2c_csi_dsi-is-i2c_csi_dsi1.patch using plaintext: 
patching file arch/arm/boot/dts/broadcom/bcm2712-rpi-cm5-cm4io.dts
patching file arch/arm/boot/dts/broadcom/bcm2712-rpi-cm5-cm5io.dts
patching file arch/arm/boot/dts/broadcom/bcm2712-rpi-cm5.dtsi

Applying /home/joseca/openmanet-firmware/target/linux/bcm27xx/patches-6.6/950-0980-drivers-mmc-add-SD-support-for-Command-Queueing.patch using plaintext: 
patching file drivers/mmc/core/block.c
patching file drivers/mmc/core/core.c
patching file drivers/mmc/core/sd.c
patching file drivers/mmc/core/sd_ops.c
patching file drivers/mmc/core/sd_ops.h
patching file include/linux/mmc/sd.h

Applying /home/joseca/openmanet-firmware/target/linux/bcm27xx/patches-6.6/950-0981-drivers-sdhci-brcmstb-set-CQE-timer-clock-frequency.patch using plaintext: 
patching file drivers/mmc/host/sdhci-brcmstb.c

Applying /home/joseca/openmanet-firmware/target/linux/bcm27xx/patches-6.6/950-0982-DTS-bcm2712-emmc2-clock-frequency-is-200MHz.patch using plaintext: 
patching file arch/arm/boot/dts/broadcom/bcm2712.dtsi

Applying /home/joseca/openmanet-firmware/target/linux/bcm27xx/patches-6.6/950-0983-drivers-mmc-preallocate-a-block-for-SD-extension-reg.patch using plaintext: 
patching file drivers/mmc/core/bus.c
patching file drivers/mmc/core/sd.c
patching file include/linux/mmc/card.h

Applying /home/joseca/openmanet-firmware/target/linux/bcm27xx/patches-6.6/950-0984-drivers-mmc-trigger-activity-LED-when-CQE-is-active.patch using plaintext: 
patching file drivers/mmc/core/core.c

Applying /home/joseca/openmanet-firmware/target/linux/bcm27xx/patches-6.6/950-0985-DTS-bcm2712-defer-SDIO1-CQE-selection-to-the-board-d.patch using plaintext: 
patching file arch/arm/boot/dts/broadcom/bcm2712-rpi-5-b.dts
patching file arch/arm/boot/dts/broadcom/bcm2712-rpi-cm5.dtsi
patching file arch/arm/boot/dts/broadcom/bcm2712.dtsi
patching file arch/arm/boot/dts/overlays/README

Applying /home/joseca/openmanet-firmware/target/linux/bcm27xx/patches-6.6/950-0986-Revert-net-usb-ax88179_178a-avoid-two-consecutive-de.patch using plaintext: 
patching file drivers/net/usb/ax88179_178a.c

Applying /home/joseca/openmanet-firmware/target/linux/bcm27xx/patches-6.6/950-0987-ARM-dts-bcm2712-Add-the-missing-L1-L2-L3-cache-infor.patch using plaintext: 
patching file arch/arm/boot/dts/broadcom/bcm2712.dtsi

Applying /home/joseca/openmanet-firmware/target/linux/bcm27xx/patches-6.6/950-0988-drivers-sdhci-brcmstb-work-around-mystery-CQE-CMD_ID.patch using plaintext: 
patching file drivers/mmc/host/sdhci-brcmstb.c

Applying /home/joseca/openmanet-firmware/target/linux/bcm27xx/patches-6.6/950-0989-drm-vc4-Enable-bg_fill-if-there-are-no-planes-enable.patch using plaintext: 
patching file drivers/gpu/drm/vc4/vc4_hvs.c

Applying /home/joseca/openmanet-firmware/target/linux/bcm27xx/patches-6.6/950-0990-dts-bcm2712-Add-blpubkey-nvram-node.patch using plaintext: 
patching file arch/arm/boot/dts/broadcom/bcm2712-rpi-5-b.dts
patching file arch/arm/boot/dts/broadcom/bcm2712-rpi-cm5.dtsi
patching file arch/arm/boot/dts/broadcom/bcm2712-rpi.dtsi

Applying /home/joseca/openmanet-firmware/target/linux/bcm27xx/patches-6.6/950-0991-allo-boss-dac-mute-output-when-changing-parameters.patch using plaintext: 
patching file sound/soc/bcm/allo-boss-dac.c

Applying /home/joseca/openmanet-firmware/target/linux/bcm27xx/patches-6.6/950-0992-overlays-i2c-rtc-added-pcf2131-param.patch using plaintext: 
patching file arch/arm/boot/dts/overlays/README
patching file arch/arm/boot/dts/overlays/i2c-rtc-common.dtsi

Applying /home/joseca/openmanet-firmware/target/linux/bcm27xx/patches-6.6/950-0993-drivers-mmc-cqhci-clear-CQHCI_CTL-if-halt-fails.patch using plaintext: 
patching file drivers/mmc/host/cqhci-core.c

Applying /home/joseca/openmanet-firmware/target/linux/bcm27xx/patches-6.6/950-0994-drivers-mmc-export-SD-extension-register-read-write-.patch using plaintext: 
patching file drivers/mmc/core/sd.c
patching file drivers/mmc/core/sd_ops.c
patching file drivers/mmc/core/sd_ops.h

Applying /home/joseca/openmanet-firmware/target/linux/bcm27xx/patches-6.6/950-0995-drivers-mmc-be-more-cautious-when-manipulating-Comma.patch using plaintext: 
patching file drivers/mmc/core/sd.c
patching file drivers/mmc/core/sd_ops.c

Applying /home/joseca/openmanet-firmware/target/linux/bcm27xx/patches-6.6/950-0996-drivers-mmc-add-debugfs-entries-for-SD-extension-reg.patch using plaintext: 
patching file drivers/mmc/core/mmc.c
patching file drivers/mmc/core/sd.c

Applying /home/joseca/openmanet-firmware/target/linux/bcm27xx/patches-6.6/950-0997-drivers-mmc-handle-1024-byte-SD-General-Info-lengths.patch using plaintext: 
patching file drivers/mmc/core/sd.c

Applying /home/joseca/openmanet-firmware/target/linux/bcm27xx/patches-6.6/950-1003-i2c-designware-Make-the-SDA-hold-time-half-LCNT.patch using plaintext: 
patching file drivers/i2c/busses/i2c-designware-master.c

Applying /home/joseca/openmanet-firmware/target/linux/bcm27xx/patches-6.6/950-1005-mfd-rp1-Support-interrupt-CPU-affinity.patch using plaintext: 
patching file drivers/mfd/rp1.c

Applying /home/joseca/openmanet-firmware/target/linux/bcm27xx/patches-6.6/950-1006-pinctrl-rp1-Use-the-correct-per-bank-GPIO-base.patch using plaintext: 
patching file drivers/pinctrl/pinctrl-rp1.c

Applying /home/joseca/openmanet-firmware/target/linux/bcm27xx/patches-6.6/950-1007-pinctrl-rp1-Allow-legacy-brcm-pins-on-all-banks.patch using plaintext: 
patching file drivers/pinctrl/pinctrl-rp1.c

Applying /home/joseca/openmanet-firmware/target/linux/bcm27xx/patches-6.6/950-1008-pinctrl-rp1-Support-interrupt-CPU-affinity.patch using plaintext: 
patching file drivers/pinctrl/pinctrl-rp1.c

Applying /home/joseca/openmanet-firmware/target/linux/bcm27xx/patches-6.6/950-1009-pinctrl-rp1-Clear-events-when-setting-IRQ-type.patch using plaintext: 
patching file drivers/pinctrl/pinctrl-rp1.c

Applying /home/joseca/openmanet-firmware/target/linux/bcm27xx/patches-6.6/950-1010-nvmem-raspberrypi-Add-nvmem-driver-for-accessing-OTP.patch using plaintext: 
patching file drivers/nvmem/Kconfig
patching file drivers/nvmem/Makefile
patching file drivers/nvmem/raspberrypi-otp.c

Applying /home/joseca/openmanet-firmware/target/linux/bcm27xx/patches-6.6/950-1011-nvmem-raspberrypi-Enable-nvmem-otp-driver-through-DT.patch using plaintext: 
patching file arch/arm/boot/dts/broadcom/bcm2708-rpi.dtsi
patching file arch/arm/boot/dts/broadcom/bcm2711-rpi-ds.dtsi
patching file arch/arm/boot/dts/broadcom/bcm2712-rpi.dtsi
patching file arch/arm/boot/dts/overlays/README

Applying /home/joseca/openmanet-firmware/target/linux/bcm27xx/patches-6.6/950-1020-drivers-mmc-sdhci-brcmstb-bcm2712-supports-HS400es-a.patch using plaintext: 
patching file drivers/mmc/host/sdhci-brcmstb.c

Applying /home/joseca/openmanet-firmware/target/linux/bcm27xx/patches-6.6/950-1021-module-Avoid-ABI-changes-when-debug-info-is-disabled.patch using plaintext: 
patching file include/linux/module.h

Applying /home/joseca/openmanet-firmware/target/linux/bcm27xx/patches-6.6/950-1022-overlays-Add-SunFounder-Pironman-5-overlay.patch using plaintext: 
patching file arch/arm/boot/dts/overlays/Makefile
patching file arch/arm/boot/dts/overlays/README
patching file arch/arm/boot/dts/overlays/sunfounder-pironman5-overlay.dts

Applying /home/joseca/openmanet-firmware/target/linux/bcm27xx/patches-6.6/950-1025-ARM-dts-Move-virtgpio-under-the-firmware-node.patch using plaintext: 
patching file arch/arm/boot/dts/broadcom/bcm2709-rpi-cm2.dts
patching file arch/arm/boot/dts/broadcom/bcm2710-rpi-cm3.dts
patching file arch/arm/boot/dts/broadcom/bcm2711-rpi-cm4s.dts

Applying /home/joseca/openmanet-firmware/target/linux/bcm27xx/patches-6.6/950-1027-DTS-rp1-fix-setting-xHCI-TX-burst-fifo-thresholds.patch using plaintext: 
patching file arch/arm/boot/dts/broadcom/rp1.dtsi

Applying /home/joseca/openmanet-firmware/target/linux/bcm27xx/patches-6.6/950-1028-DTS-overlays-fix-Pi-5-midi-over-UART.patch using plaintext: 
patching file arch/arm/boot/dts/overlays/midi-uart0-pi5-overlay.dts
patching file arch/arm/boot/dts/overlays/midi-uart1-pi5-overlay.dts
patching file arch/arm/boot/dts/overlays/midi-uart2-pi5-overlay.dts
patching file arch/arm/boot/dts/overlays/midi-uart3-pi5-overlay.dts
patching file arch/arm/boot/dts/overlays/midi-uart4-pi5-overlay.dts

Applying /home/joseca/openmanet-firmware/target/linux/bcm27xx/patches-6.6/950-1029-ASoC-bcm-Use-power-of-2-bclk_ratios.patch using plaintext: 
patching file sound/soc/bcm/allo-boss-dac.c
patching file sound/soc/bcm/dionaudio_loco.c
patching file sound/soc/bcm/hifiberry_dacplus.c
patching file sound/soc/bcm/hifiberry_dacplusadc.c
patching file sound/soc/bcm/hifiberry_dacplusadcpro.c
patching file sound/soc/bcm/i-sabre-q2m.c
patching file sound/soc/bcm/rpi-cirrus.c
patching file sound/soc/bcm/rpi-simple-soundcard.c

Applying /home/joseca/openmanet-firmware/target/linux/bcm27xx/patches-6.6/950-1030-overlays-Force-IRQ-pins-to-inputs.patch using plaintext: 
patching file arch/arm/boot/dts/overlays/i2c-sensor-common.dtsi
patching file arch/arm/boot/dts/overlays/sc16is750-i2c-overlay.dts
patching file arch/arm/boot/dts/overlays/sc16is752-i2c-overlay.dts
patching file arch/arm/boot/dts/overlays/sc16is752-spi0-overlay.dts
patching file arch/arm/boot/dts/overlays/sc16is752-spi1-overlay.dts

Applying /home/joseca/openmanet-firmware/target/linux/bcm27xx/patches-6.6/950-1031-fixup-Add-dwc_otg-driver.patch using plaintext: 
patching file drivers/usb/host/Kconfig

Applying /home/joseca/openmanet-firmware/target/linux/bcm27xx/patches-6.6/950-1032-fixup-bcm2708-framebuffer-driver.patch using plaintext: 
patching file drivers/video/fbdev/Kconfig

Applying /home/joseca/openmanet-firmware/target/linux/bcm27xx/patches-6.6/950-1033-fixup-overlays-Force-IRQ-pins-to-inputs.patch using plaintext: 
patching file arch/arm/boot/dts/overlays/sc16is752-spi1-overlay.dts

Applying /home/joseca/openmanet-firmware/target/linux/bcm27xx/patches-6.6/950-1034-ASoC-bcm-Add-owner-info-for-more-soundcards.patch using plaintext: 
patching file sound/soc/bcm/audioinjector-isolated-soundcard.c
patching file sound/soc/bcm/audioinjector-pi-soundcard.c
patching file sound/soc/bcm/dionaudio_loco-v2.c
patching file sound/soc/bcm/dionaudio_loco.c

Applying /home/joseca/openmanet-firmware/target/linux/bcm27xx/patches-6.6/950-1035-dts-bcm2712-cm5-There-is-no-card-detect-signal.patch using plaintext: 
patching file arch/arm/boot/dts/broadcom/bcm2712-rpi-cm5.dtsi

Applying /home/joseca/openmanet-firmware/target/linux/bcm27xx/patches-6.6/950-1036-dts-bcm2712-cm5-Add-antenna-controls.patch using plaintext: 
patching file arch/arm/boot/dts/broadcom/bcm2712-rpi-cm5.dtsi
patching file arch/arm/boot/dts/overlays/README

Applying /home/joseca/openmanet-firmware/target/linux/bcm27xx/patches-6.6/950-1037-dts-bcm2712-cm5-Force-the-ANT-pins-to-GPIOs.patch using plaintext: 
patching file arch/arm/boot/dts/broadcom/bcm2712-rpi-cm5.dtsi

Applying /home/joseca/openmanet-firmware/target/linux/bcm27xx/patches-6.6/950-1038-overlays-README-Document-that-vc4-f-kms-requires-512.patch using plaintext: 
patching file arch/arm/boot/dts/overlays/README

Applying /home/joseca/openmanet-firmware/target/linux/bcm27xx/patches-6.6/950-1039-media-bcm2835-unicam-Add-option-for-a-GPIO-to-reflec.patch using plaintext: 
patching file drivers/media/platform/bcm2835/bcm2835-unicam.c

Applying /home/joseca/openmanet-firmware/target/linux/bcm27xx/patches-6.6/950-1040-dt-Add-camX_sync-option-to-configure-a-GPIO-followin.patch using plaintext: 
patching file arch/arm/boot/dts/broadcom/bcm270x-rpi.dtsi
patching file arch/arm/boot/dts/overlays/README

Applying /home/joseca/openmanet-firmware/target/linux/bcm27xx/patches-6.6/950-1041-ARM-dts-rp1-Add-a-gpio-ranges-property.patch using plaintext: 
patching file arch/arm/boot/dts/broadcom/rp1.dtsi

Applying /home/joseca/openmanet-firmware/target/linux/bcm27xx/patches-6.6/950-1043-pinctrl-rp1-Add-strict_gpiod-module-parameter.patch using plaintext: 
patching file drivers/pinctrl/pinctrl-rp1.c

Applying /home/joseca/openmanet-firmware/target/linux/bcm27xx/patches-6.6/950-1044-ARM-dts-Add-strict_gpiod-dtparam.patch using plaintext: 
patching file arch/arm/boot/dts/broadcom/bcm270x-rpi.dtsi
patching file arch/arm/boot/dts/broadcom/bcm2712-rpi.dtsi

Applying /home/joseca/openmanet-firmware/target/linux/bcm27xx/patches-6.6/950-1045-overlays-README-Sort-the-dtparam-names.patch using plaintext: 
patching file arch/arm/boot/dts/overlays/README

Applying /home/joseca/openmanet-firmware/target/linux/bcm27xx/patches-6.6/950-1046-overlays-README-Document-the-strict_gpiod-dtparam.patch using plaintext: 
patching file arch/arm/boot/dts/overlays/README

Applying /home/joseca/openmanet-firmware/target/linux/bcm27xx/patches-6.6/950-1047-dw-axi-dmac-platform-Avoid-trampling-with-zero-lengt.patch using plaintext: 
patching file drivers/dma/dw-axi-dmac/dw-axi-dmac-platform.c

Applying /home/joseca/openmanet-firmware/target/linux/bcm27xx/patches-6.6/950-1048-drivers-media-cfe-Add-remap-entries-for-mono-formats.patch using plaintext: 
patching file drivers/media/platform/raspberrypi/rp1_cfe/cfe_fmts.h

Applying /home/joseca/openmanet-firmware/target/linux/bcm27xx/patches-6.6/950-1049-vc4-hdmi-Ignore-hotplug-interrupt-with-force_hotplug.patch using plaintext: 
patching file drivers/gpu/drm/vc4/vc4_hdmi.c

Applying /home/joseca/openmanet-firmware/target/linux/bcm27xx/patches-6.6/950-1050-DRM-rp1-rp1-dsi-Fix-escape-clock-divider-and-timeout.patch using plaintext: 
patching file drivers/gpu/drm/rp1/rp1-dsi/rp1_dsi_dsi.c

Applying /home/joseca/openmanet-firmware/target/linux/bcm27xx/patches-6.6/950-1051-drm-panel-Add-and-initialise-an-orientation-field-to.patch using plaintext: 
patching file drivers/gpu/drm/drm_connector.c

Applying /home/joseca/openmanet-firmware/target/linux/bcm27xx/patches-6.6/950-1054-drm-panel-simple-Remove-custom-handling-of-orientati.patch using plaintext: 
patching file drivers/gpu/drm/panel/panel-simple.c

Applying /home/joseca/openmanet-firmware/target/linux/bcm27xx/patches-6.6/950-1055-drm-rp1-vec-Support-more-video-modes-in-the-RP1-VEC-.patch using plaintext: 
patching file drivers/gpu/drm/rp1/rp1-vec/rp1_vec.c
patching file drivers/gpu/drm/rp1/rp1-vec/rp1_vec.h
patching file drivers/gpu/drm/rp1/rp1-vec/rp1_vec_hw.c

Applying /home/joseca/openmanet-firmware/target/linux/bcm27xx/patches-6.6/950-1057-dts-overlay-ov5647-Specify-clock-noncontinuous-on-CS.patch using plaintext: 
patching file arch/arm/boot/dts/overlays/camera-mux-2port-overlay.dts
patching file arch/arm/boot/dts/overlays/camera-mux-4port-overlay.dts
patching file arch/arm/boot/dts/overlays/ov5647-overlay.dts

Applying /home/joseca/openmanet-firmware/target/linux/bcm27xx/patches-6.6/950-1059-usb-add-plumbing-for-updating-interrupt-endpoint-int.patch using plaintext: 
patching file drivers/usb/core/hcd.c
patching file drivers/usb/core/message.c
patching file include/linux/usb.h
patching file include/linux/usb/hcd.h

Applying /home/joseca/openmanet-firmware/target/linux/bcm27xx/patches-6.6/950-1060-drm-bridge-tc358762-Program-the-DPI-mode-into-the-ch.patch using plaintext: 
patching file drivers/gpu/drm/bridge/tc358762.c

Applying /home/joseca/openmanet-firmware/target/linux/bcm27xx/patches-6.6/950-1061-drm-bridge-tc358762-revert-move-ops-to-enable.patch using plaintext: 
patching file drivers/gpu/drm/bridge/tc358762.c

Applying /home/joseca/openmanet-firmware/target/linux/bcm27xx/patches-6.6/950-1062-drm-vc4-dsi-Clocks-should-be-running-before-reset.patch using plaintext: 
patching file drivers/gpu/drm/vc4/vc4_dsi.c

Applying /home/joseca/openmanet-firmware/target/linux/bcm27xx/patches-6.6/950-1063-drm-vc4-Reset-DSI-AFE-on-disable.patch using plaintext: 
patching file drivers/gpu/drm/vc4/vc4_dsi.c

Applying /home/joseca/openmanet-firmware/target/linux/bcm27xx/patches-6.6/950-1064-drm-vc4-Ensure-DSI-is-enabled-for-FIFO-resets.patch using plaintext: 
patching file drivers/gpu/drm/vc4/vc4_dsi.c

Applying /home/joseca/openmanet-firmware/target/linux/bcm27xx/patches-6.6/950-1065-drm-vc4-Add-option-to-call-from-crtc-to-encoder-on-v.patch using plaintext: 
patching file drivers/gpu/drm/vc4/vc4_crtc.c
patching file drivers/gpu/drm/vc4/vc4_drv.h

Applying /home/joseca/openmanet-firmware/target/linux/bcm27xx/patches-6.6/950-1066-drm-vc4-Add-vblank-callback-to-DSI0-to-reset-FIFO.patch using plaintext: 
patching file drivers/gpu/drm/vc4/vc4_dsi.c

Applying /home/joseca/openmanet-firmware/target/linux/bcm27xx/patches-6.6/950-1067-clk-bcm2835-Use-PLLD-for-DSI0-HS-clock.patch using plaintext: 
patching file drivers/clk/bcm/clk-bcm2835.c

Applying /home/joseca/openmanet-firmware/target/linux/bcm27xx/patches-6.6/950-1068-ARM-dts-bcm283x-Switch-DSI0-to-taking-clock-from-PLL.patch using plaintext: 
patching file arch/arm/boot/dts/broadcom/bcm283x.dtsi

Applying /home/joseca/openmanet-firmware/target/linux/bcm27xx/patches-6.6/950-1069-drm-panel-simple-Fix-7inch-panel-mode-for-misalignme.patch using plaintext: 
patching file drivers/gpu/drm/panel/panel-simple.c

Applying /home/joseca/openmanet-firmware/target/linux/bcm27xx/patches-6.6/950-1070-drm-panel-simple-Increase-pixel-clock-on-Pi-7inch-pa.patch using plaintext: 
patching file drivers/gpu/drm/panel/panel-simple.c

Applying /home/joseca/openmanet-firmware/target/linux/bcm27xx/patches-6.6/950-1071-drm-vc4-Fixup-mode-for-7inch-panel-on-DSI0.patch using plaintext: 
patching file drivers/gpu/drm/vc4/vc4_dsi.c

Applying /home/joseca/openmanet-firmware/target/linux/bcm27xx/patches-6.6/950-1072-regulator-rpi-panel-Power-off-display-on-shutdown.patch using plaintext: 
patching file drivers/regulator/rpi-panel-attiny-regulator.c

Applying /home/joseca/openmanet-firmware/target/linux/bcm27xx/patches-6.6/950-1073-overlays-Add-overlay-for-the-Pineboards-Hat-Ai.patch using plaintext: 
patching file arch/arm/boot/dts/overlays/Makefile
patching file arch/arm/boot/dts/overlays/README
patching file arch/arm/boot/dts/overlays/pineboards-hat-ai-overlay.dts

Applying /home/joseca/openmanet-firmware/target/linux/bcm27xx/patches-6.6/950-1074-drm-rp1-dpi-Add-support-for-MEDIA_BUS_FMT_RGB565_1X2.patch using plaintext: 
patching file drivers/gpu/drm/rp1/rp1-dpi/rp1_dpi_hw.c

Applying /home/joseca/openmanet-firmware/target/linux/bcm27xx/patches-6.6/950-1075-overlays-qca7000-Adjust-URL-README-info.patch using plaintext: 
patching file arch/arm/boot/dts/overlays/README
patching file arch/arm/boot/dts/overlays/qca7000-overlay.dts

Applying /home/joseca/openmanet-firmware/target/linux/bcm27xx/patches-6.6/950-1077-overlays-Add-sc16is750-spi0.patch using plaintext: 
patching file arch/arm/boot/dts/overlays/Makefile
patching file arch/arm/boot/dts/overlays/README
patching file arch/arm/boot/dts/overlays/sc16is750-spi0-overlay.dts

Applying /home/joseca/openmanet-firmware/target/linux/bcm27xx/patches-6.6/950-1080-pinctrl-bcm2835-Make-pin-freeing-behavior-configurab.patch using plaintext: 
patching file drivers/pinctrl/bcm/pinctrl-bcm2835.c

Applying /home/joseca/openmanet-firmware/target/linux/bcm27xx/patches-6.6/950-1081-pinctrl-bcm2835-Persist-outputs-by-default.patch using plaintext: 
patching file drivers/pinctrl/bcm/pinctrl-bcm2835.c

Applying /home/joseca/openmanet-firmware/target/linux/bcm27xx/patches-6.6/950-1082-pinctrl-rp1-Use-persist_gpio_outputs.patch using plaintext: 
patching file drivers/pinctrl/pinctrl-rp1.c

Applying /home/joseca/openmanet-firmware/target/linux/bcm27xx/patches-6.6/950-1083-ARM-dts-Update-strict_gpiod-dtparams.patch using plaintext: 
patching file arch/arm/boot/dts/broadcom/bcm270x-rpi.dtsi
patching file arch/arm/boot/dts/broadcom/bcm2712-rpi.dtsi

Applying /home/joseca/openmanet-firmware/target/linux/bcm27xx/patches-6.6/950-1084-drm-vc4-Fix-potential-null-pointer-read-when-disabli.patch using plaintext: 
patching file drivers/gpu/drm/vc4/vc4_crtc.c

Applying /home/joseca/openmanet-firmware/target/linux/bcm27xx/patches-6.6/950-1085-dts-bcm2712-Drop-snd_bcm2835-bootargs-references-fro.patch using plaintext: 
patching file arch/arm/boot/dts/broadcom/bcm2712-rpi-5-b.dts
patching file arch/arm/boot/dts/broadcom/bcm2712-rpi-cm5.dtsi

Applying /home/joseca/openmanet-firmware/target/linux/bcm27xx/patches-6.6/950-1086-staging-bcm2835-codec-32bpp-RGB-formats-need-a-64byt.patch using plaintext: 
patching file drivers/staging/vc04_services/bcm2835-codec/bcm2835-v4l2-codec.c

Applying /home/joseca/openmanet-firmware/target/linux/bcm27xx/patches-6.6/950-1087-spi-dw-Handle-any-number-of-gpiod-CS-lines.patch using plaintext: 
patching file drivers/spi/spi-dw-core.c

Applying /home/joseca/openmanet-firmware/target/linux/bcm27xx/patches-6.6/950-1088-staging-bcm2835_codec-Pass-framerate-to-the-componen.patch using plaintext: 
patching file drivers/staging/vc04_services/bcm2835-codec/bcm2835-v4l2-codec.c

Applying /home/joseca/openmanet-firmware/target/linux/bcm27xx/patches-6.6/950-1089-DTS-bcm2712-set-nonzero-QoS-values-for-PCIE1.patch using plaintext: 
patching file arch/arm/boot/dts/broadcom/bcm2712-rpi-5-b.dts

Applying /home/joseca/openmanet-firmware/target/linux/bcm27xx/patches-6.6/950-1090-dtoverlays-Fix-noints-mode-of-mcp23017.patch using plaintext: 
patching file arch/arm/boot/dts/overlays/mcp23017-overlay.dts

Applying /home/joseca/openmanet-firmware/target/linux/bcm27xx/patches-6.6/950-1091-regulator-rpi_panel_v2-Add-remove-and-shutdown-hooks.patch using plaintext: 
patching file drivers/regulator/rpi-panel-v2-regulator.c

Applying /home/joseca/openmanet-firmware/target/linux/bcm27xx/patches-6.6/950-1092-regulator-rpi_panel_v2-Add-delay-on-I2C-reads.patch using plaintext: 
patching file drivers/regulator/rpi-panel-v2-regulator.c

Applying /home/joseca/openmanet-firmware/target/linux/bcm27xx/patches-6.6/950-1093-drm-vc4-dpi-Add-override-for-RGB-order.patch using plaintext: 
patching file drivers/gpu/drm/vc4/vc4_dpi.c

Applying /home/joseca/openmanet-firmware/target/linux/bcm27xx/patches-6.6/950-1094-dtoverlay-Add-rgb-order-override-for-vc4-kms-dpi-gen.patch using plaintext: 
patching file arch/arm/boot/dts/overlays/README
patching file arch/arm/boot/dts/overlays/vc4-kms-dpi-generic-overlay.dts

Applying /home/joseca/openmanet-firmware/target/linux/bcm27xx/patches-6.6/950-1096-DTS-bcm2712-don-t-assume-L1-sub-state-support-at-chi.patch using plaintext: 
patching file arch/arm/boot/dts/broadcom/bcm2712.dtsi

Applying /home/joseca/openmanet-firmware/target/linux/bcm27xx/patches-6.6/950-1097-DTS-overlays-add-pciex1-compat-pi5.patch using plaintext: 
patching file arch/arm/boot/dts/overlays/Makefile
patching file arch/arm/boot/dts/overlays/README
patching file arch/arm/boot/dts/overlays/overlay_map.dts
patching file arch/arm/boot/dts/overlays/pciex1-compat-pi5-overlay.dts

Applying /home/joseca/openmanet-firmware/target/linux/bcm27xx/patches-6.6/950-1098-overlays-Add-sdio-sdio-pi5-mapping.patch using plaintext: 
patching file arch/arm/boot/dts/overlays/overlay_map.dts

Applying /home/joseca/openmanet-firmware/target/linux/bcm27xx/patches-6.6/950-1099-drivers-staging-bcm2835-isp-Respect-caller-s-stride-.patch using plaintext: 
patching file drivers/staging/vc04_services/bcm2835-isp/bcm2835-v4l2-isp.c

Applying /home/joseca/openmanet-firmware/target/linux/bcm27xx/patches-6.6/950-1100-drivers-pcie-brcmstb-add-best-effort-workaround-for-.patch using plaintext: 
patching file drivers/pci/controller/pcie-brcmstb.c

Applying /home/joseca/openmanet-firmware/target/linux/bcm27xx/patches-6.6/950-1101-ARM-dts-Fix-camera-sync-parameters.patch using plaintext: 
patching file arch/arm/boot/dts/broadcom/bcm270x-rpi.dtsi

Applying /home/joseca/openmanet-firmware/target/linux/bcm27xx/patches-6.6/950-1102-backlight-Add-a-display-name-to-the-core-and-a-funct.patch using plaintext: 
patching file drivers/video/backlight/backlight.c
patching file include/linux/backlight.h

Applying /home/joseca/openmanet-firmware/target/linux/bcm27xx/patches-6.6/950-1103-drm-bridge-panel-Name-an-associated-backlight-device.patch using plaintext: 
patching file drivers/gpu/drm/bridge/panel.c

Applying /home/joseca/openmanet-firmware/target/linux/bcm27xx/patches-6.6/950-1104-drivers-media-pci-Add-Hailo-accelerator-device-drive.patch using plaintext: 
patching file drivers/media/pci/Kconfig
patching file drivers/media/pci/Makefile
patching file drivers/media/pci/hailo/Kconfig
patching file drivers/media/pci/hailo/Makefile
patching file drivers/media/pci/hailo/common/fw_operation.c
patching file drivers/media/pci/hailo/common/fw_operation.h
patching file drivers/media/pci/hailo/common/fw_validation.c
patching file drivers/media/pci/hailo/common/fw_validation.h
patching file drivers/media/pci/hailo/common/hailo_ioctl_common.h
patching file drivers/media/pci/hailo/common/hailo_pcie_version.h
patching file drivers/media/pci/hailo/common/hailo_resource.c
patching file drivers/media/pci/hailo/common/hailo_resource.h
patching file drivers/media/pci/hailo/common/pcie_common.c
patching file drivers/media/pci/hailo/common/pcie_common.h
patching file drivers/media/pci/hailo/common/utils.h
patching file drivers/media/pci/hailo/common/vdma_common.c
patching file drivers/media/pci/hailo/common/vdma_common.h
patching file drivers/media/pci/hailo/include/hailo_pcie_version.h
patching file drivers/media/pci/hailo/src/fops.c
patching file drivers/media/pci/hailo/src/fops.h
patching file drivers/media/pci/hailo/src/pcie.c
patching file drivers/media/pci/hailo/src/pcie.h
patching file drivers/media/pci/hailo/src/sysfs.c
patching file drivers/media/pci/hailo/src/sysfs.h
patching file drivers/media/pci/hailo/src/utils.c
patching file drivers/media/pci/hailo/src/utils.h
patching file drivers/media/pci/hailo/utils/compact.h
patching file drivers/media/pci/hailo/utils/fw_common.h
patching file drivers/media/pci/hailo/utils/logs.c
patching file drivers/media/pci/hailo/utils/logs.h
patching file drivers/media/pci/hailo/vdma/ioctl.c
patching file drivers/media/pci/hailo/vdma/ioctl.h
patching file drivers/media/pci/hailo/vdma/memory.c
patching file drivers/media/pci/hailo/vdma/memory.h
patching file drivers/media/pci/hailo/vdma/vdma.c
patching file drivers/media/pci/hailo/vdma/vdma.h

Applying /home/joseca/openmanet-firmware/target/linux/bcm27xx/patches-6.6/950-1107-DTS-overlays-add-mmio-hi-parameter-to-pciex1-compat-.patch using plaintext: 
patching file arch/arm/boot/dts/overlays/README
patching file arch/arm/boot/dts/overlays/pciex1-compat-pi5-overlay.dts

Applying /home/joseca/openmanet-firmware/target/linux/bcm27xx/patches-6.6/950-1108-Update-DAC8x-to-support-384khz-6187.patch using plaintext: 
patching file sound/soc/bcm/rpi-simple-soundcard.c

Applying /home/joseca/openmanet-firmware/target/linux/bcm27xx/patches-6.6/950-1109-fix-Hsync-and-Vsync-polarity-can-t-change-from-negat.patch using plaintext: 
patching file drivers/gpu/drm/vc4/vc4_hdmi.c

Applying /home/joseca/openmanet-firmware/target/linux/bcm27xx/patches-6.6/950-1110-ARM-dts-Move-rpi-otp-nodes-onto-a-dedicated-bus.patch using plaintext: 
patching file arch/arm/boot/dts/broadcom/bcm2708-rpi.dtsi
patching file arch/arm/boot/dts/broadcom/bcm2711-rpi-ds.dtsi
patching file arch/arm/boot/dts/broadcom/bcm2712-rpi.dtsi

Applying /home/joseca/openmanet-firmware/target/linux/bcm27xx/patches-6.6/950-1112-mmc-sdhci-brcmstb-add-hs400_downgrade-callback-for-b.patch using plaintext: 
patching file drivers/mmc/host/sdhci-brcmstb.c

Applying /home/joseca/openmanet-firmware/target/linux/bcm27xx/patches-6.6/950-1114-dts-bcm2712-cm5-fix-typo-and-declare-HS400es-support.patch using plaintext: 
patching file arch/arm/boot/dts/broadcom/bcm2712-rpi-cm5.dtsi

Applying /home/joseca/openmanet-firmware/target/linux/bcm27xx/patches-6.6/950-1116-mmc-sdhci-extend-maximum-ADMA-transfer-length-to-4Mi.patch using plaintext: 
patching file drivers/mmc/host/sdhci.c

Applying /home/joseca/openmanet-firmware/target/linux/bcm27xx/patches-6.6/950-1117-drm-vc4-hdmi-Add-property-to-allow-manual-config-of-.patch using plaintext: 
patching file drivers/gpu/drm/vc4/vc4_hdmi.c
patching file drivers/gpu/drm/vc4/vc4_hdmi.h

Applying /home/joseca/openmanet-firmware/target/linux/bcm27xx/patches-6.6/950-1118-ASoC-da7213-Add-a-set_bclk_ratio-method.patch using plaintext: 
patching file sound/soc/codecs/da7213.c
patching file sound/soc/codecs/da7213.h

Applying /home/joseca/openmanet-firmware/target/linux/bcm27xx/patches-6.6/950-1119-iqaudio-codec-Use-the-codec-s-new-set_bclk_ratio.patch using plaintext: 
patching file sound/soc/bcm/iqaudio-codec.c

Applying /home/joseca/openmanet-firmware/target/linux/bcm27xx/patches-6.6/950-1127-drm-vc4-Use-phys-addresses-for-slave-DMA-config.patch using plaintext: 
patching file drivers/gpu/drm/vc4/vc4_hdmi.c

Applying /home/joseca/openmanet-firmware/target/linux/bcm27xx/patches-6.6/950-1128-pwm-Make-it-possible-to-apply-PWM-changes-in-atomic-.patch using plaintext: 
patching file Documentation/driver-api/pwm.rst
patching file MAINTAINERS
patching file drivers/pwm/core.c
patching file include/linux/pwm.h

Applying /home/joseca/openmanet-firmware/target/linux/bcm27xx/patches-6.6/950-1130-smsc95xx-Experimental-Enable-turbo_mode-and-packetsi.patch using plaintext: 
patching file drivers/net/usb/smsc95xx.c

Applying /home/joseca/openmanet-firmware/target/linux/bcm27xx/patches-6.6/950-1131-Allow-mac-address-to-be-set-in-smsc95xx.patch using plaintext: 
patching file drivers/net/usb/smsc95xx.c

Applying /home/joseca/openmanet-firmware/target/linux/bcm27xx/patches-6.6/950-1133-drivers-mmc-sdhci-brcmstb-improve-bcm2712-card-remov.patch using plaintext: 
patching file drivers/mmc/host/sdhci-brcmstb.c

Applying /home/joseca/openmanet-firmware/target/linux/bcm27xx/patches-6.6/950-1134-drivers-mmc-core-handle-card-removal-when-running-CQ.patch using plaintext: 
patching file drivers/mmc/core/core.c

Applying /home/joseca/openmanet-firmware/target/linux/bcm27xx/patches-6.6/950-1136-feat-Add-support-for-SunFounder-PiPower-3-overlay.patch using plaintext: 
patching file arch/arm/boot/dts/overlays/Makefile
patching file arch/arm/boot/dts/overlays/README
patching file arch/arm/boot/dts/overlays/sunfounder-pipower3-overlay.dts
patching file arch/arm/boot/dts/overlays/sunfounder-pironman5-overlay.dts

Applying /home/joseca/openmanet-firmware/target/linux/bcm27xx/patches-6.6/950-1137-pwm-gpio-pwm-follow-pwm_apply_might_sleep-rename.patch using plaintext: 
patching file drivers/gpio/gpio-pwm.c

Applying /home/joseca/openmanet-firmware/target/linux/bcm27xx/patches-6.6/950-1138-drm-bridge-panel-Ensure-backlight-is-reachable.patch using plaintext: 
patching file drivers/gpu/drm/bridge/panel.c

Applying /home/joseca/openmanet-firmware/target/linux/bcm27xx/patches-6.6/950-1141-fs-ntfs3-Fix-memory-corruption-when-page_size-change.patch using plaintext: 
patching file fs/ntfs3/fslog.c

Applying /home/joseca/openmanet-firmware/target/linux/bcm27xx/patches-6.6/950-1142-fixup-drivers-mmc-sdhci-brcmstb-bcm2712-supports-HS4.patch using plaintext: 
patching file drivers/mmc/host/sdhci-brcmstb.c

Applying /home/joseca/openmanet-firmware/target/linux/bcm27xx/patches-6.6/950-1144-dmaengine-dw-axi-dmac-Fixes-for-RP1.patch using plaintext: 
patching file drivers/dma/dw-axi-dmac/dw-axi-dmac-platform.c
patching file drivers/dma/dw-axi-dmac/dw-axi-dmac.h

Applying /home/joseca/openmanet-firmware/target/linux/bcm27xx/patches-6.6/950-1145-fixup-dmaengine-dw-axi-dmac-Fixes-for-RP1.patch using plaintext: 
patching file drivers/dma/dw-axi-dmac/dw-axi-dmac-platform.c
patching file drivers/dma/dw-axi-dmac/dw-axi-dmac.h

Applying /home/joseca/openmanet-firmware/target/linux/bcm27xx/patches-6.6/950-1146-drivers-dwc_otg-use-C11-style-variable-array-declara.patch using plaintext: 
patching file drivers/usb/host/dwc_otg/dwc_otg_fiq_fsm.c
patching file drivers/usb/host/dwc_otg/dwc_otg_fiq_fsm.h
patching file drivers/usb/host/dwc_otg/dwc_otg_hcd.c
patching file drivers/usb/host/dwc_otg/dwc_otg_hcd.h
patching file drivers/usb/host/dwc_otg/dwc_otg_hcd_intr.c

Applying /home/joseca/openmanet-firmware/target/linux/bcm27xx/patches-6.6/950-1147-media-uapi-pixfmt-luma-Document-MIPI-CSI-2-packing.patch using plaintext: 
patching file Documentation/userspace-api/media/v4l/pixfmt-yuv-luma.rst

Applying /home/joseca/openmanet-firmware/target/linux/bcm27xx/patches-6.6/950-1148-media-uapi-Add-a-pixel-format-for-BGR48-and-RGB48.patch using plaintext: 
patching file Documentation/userspace-api/media/v4l/pixfmt-rgb.rst
patching file drivers/media/v4l2-core/v4l2-common.c
patching file include/uapi/linux/videodev2.h

Applying /home/joseca/openmanet-firmware/target/linux/bcm27xx/patches-6.6/950-1149-media-uapi-Add-Raspberry-Pi-PiSP-Back-End-uAPI.patch using plaintext: 
patching file MAINTAINERS
patching file include/uapi/linux/media/raspberrypi/pisp_be_config.h
patching file include/uapi/linux/media/raspberrypi/pisp_common.h

Applying /home/joseca/openmanet-firmware/target/linux/bcm27xx/patches-6.6/950-1150-media-uapi-Document-meta-pixel-format-for-PiSP-BE-co.patch using plaintext: 
patching file Documentation/userspace-api/media/v4l/meta-formats.rst
patching file Documentation/userspace-api/media/v4l/metafmt-pisp-be.rst

Applying /home/joseca/openmanet-firmware/target/linux/bcm27xx/patches-6.6/950-1151-media-uapi-Document-PiSP-Compressed-RAW-Bayer-format.patch using plaintext: 
patching file Documentation/userspace-api/media/v4l/pixfmt-bayer.rst
patching file Documentation/userspace-api/media/v4l/pixfmt-srggb8-pisp-comp.rst

Applying /home/joseca/openmanet-firmware/target/linux/bcm27xx/patches-6.6/950-1152-media-dt-bindings-Add-bindings-for-Raspberry-Pi-PiSP.patch using plaintext: 
patching file Documentation/devicetree/bindings/media/raspberrypi,pispbe.yaml
patching file MAINTAINERS

Applying /home/joseca/openmanet-firmware/target/linux/bcm27xx/patches-6.6/950-1153-media-admin-guide-Document-the-Raspberry-Pi-PiSP-BE.patch using plaintext: 
patching file Documentation/admin-guide/media/raspberrypi-pisp-be.dot
patching file Documentation/admin-guide/media/raspberrypi-pisp-be.rst
patching file Documentation/admin-guide/media/v4l-drivers.rst

Applying /home/joseca/openmanet-firmware/target/linux/bcm27xx/patches-6.6/950-1154-media-pisp-be-Backport-the-mainline-PiSP-BE-driver.patch using plaintext: 
patching file drivers/media/platform/raspberrypi/pisp_be/Kconfig
patching file drivers/media/platform/raspberrypi/pisp_be/pisp_be.c
patching file drivers/media/platform/raspberrypi/pisp_be/pisp_be_config.h
patching file drivers/media/platform/raspberrypi/pisp_be/pisp_be_formats.h

Applying /home/joseca/openmanet-firmware/target/linux/bcm27xx/patches-6.6/950-1155-media-uapi-pisp_be_config-Drop-BIT-from-uAPI.patch using plaintext: 
patching file include/uapi/linux/media/raspberrypi/pisp_be_config.h

Applying /home/joseca/openmanet-firmware/target/linux/bcm27xx/patches-6.6/950-1156-media-uapi-pisp_common-Add-32-bpp-format-test.patch using plaintext: 
patching file include/uapi/linux/media/raspberrypi/pisp_common.h

Applying /home/joseca/openmanet-firmware/target/linux/bcm27xx/patches-6.6/950-1157-media-uapi-Capitalize-all-macros.patch using plaintext: 
patching file include/uapi/linux/media/raspberrypi/pisp_common.h

Applying /home/joseca/openmanet-firmware/target/linux/bcm27xx/patches-6.6/950-1158-media-uapi-pisp_be_config-Re-sort-pisp_be_tiles_conf.patch using plaintext: 
patching file include/uapi/linux/media/raspberrypi/pisp_be_config.h

Applying /home/joseca/openmanet-firmware/target/linux/bcm27xx/patches-6.6/950-1159-media-uapi-pisp_be_config-Add-extra-config-fields.patch using plaintext: 
patching file include/uapi/linux/media/raspberrypi/pisp_be_config.h

Applying /home/joseca/openmanet-firmware/target/linux/bcm27xx/patches-6.6/950-1160-media-pisp_be-Re-introduce-multi-context-support.patch using plaintext: 
patching file drivers/media/platform/raspberrypi/pisp_be/pisp_be.c

Applying /home/joseca/openmanet-firmware/target/linux/bcm27xx/patches-6.6/950-1161-media-pisp_be-Re-introduce-video-node-offset.patch using plaintext: 
patching file drivers/media/platform/raspberrypi/pisp_be/pisp_be.c

Applying /home/joseca/openmanet-firmware/target/linux/bcm27xx/patches-6.6/950-1163-dts-Make-camN_reg-and-camN_reg_gpio-overrides-generi.patch using plaintext: 
patching file arch/arm/boot/dts/broadcom/bcm2708-rpi-cm.dtsi
patching file arch/arm/boot/dts/broadcom/bcm2709-rpi-cm2.dts
patching file arch/arm/boot/dts/broadcom/bcm270x-rpi.dtsi
patching file arch/arm/boot/dts/broadcom/bcm2710-rpi-cm3.dts
patching file arch/arm/boot/dts/broadcom/bcm2711-rpi-cm4.dts
patching file arch/arm/boot/dts/broadcom/bcm2711-rpi-cm4s.dts
patching file arch/arm/boot/dts/broadcom/bcm2712-rpi.dtsi
patching file arch/arm/boot/dts/overlays/README

Applying /home/joseca/openmanet-firmware/target/linux/bcm27xx/patches-6.6/950-1164-spi-dt-bindings-Add-RPI-RP2040-GPIO-Bridge.patch using plaintext: 
patching file Documentation/devicetree/bindings/spi/raspberrypi,rp2040-gpio-bridge.yaml
patching file MAINTAINERS

Applying /home/joseca/openmanet-firmware/target/linux/bcm27xx/patches-6.6/950-1165-spi-Add-a-driver-for-the-RPI-RP2040-GPIO-bridge.patch using plaintext: 
patching file MAINTAINERS
patching file drivers/spi/Kconfig
patching file drivers/spi/Makefile
patching file drivers/spi/spi-rp2040-gpio-bridge.c

Applying /home/joseca/openmanet-firmware/target/linux/bcm27xx/patches-6.6/950-1166-dmaengine-dw-axi-dmac-Honour-snps-block-size.patch using plaintext: 
patching file drivers/dma/dw-axi-dmac/dw-axi-dmac-platform.c

Applying /home/joseca/openmanet-firmware/target/linux/bcm27xx/patches-6.6/950-1167-mmc-restrict-posted-write-counts-for-SD-cards-in-CQ-.patch using plaintext: 
patching file drivers/mmc/core/block.c
patching file drivers/mmc/core/mmc.c
patching file drivers/mmc/core/queue.c
patching file drivers/mmc/core/queue.h
patching file drivers/mmc/core/sd.c
patching file include/linux/mmc/card.h

Applying /home/joseca/openmanet-firmware/target/linux/bcm27xx/patches-6.6/950-1168-fixup-mmc-restrict-posted-write-counts-for-SD-cards-.patch using plaintext: 
patching file drivers/mmc/core/mmc.c
patching file drivers/mmc/core/queue.c
patching file drivers/mmc/core/sd.c

Applying /home/joseca/openmanet-firmware/target/linux/bcm27xx/patches-6.6/950-1169-mmc-brcmstb-don-t-squash-card-busy-detection-on-bcm2.patch using plaintext: 
patching file drivers/mmc/host/sdhci-brcmstb.c

Applying /home/joseca/openmanet-firmware/target/linux/bcm27xx/patches-6.6/950-1172-Revert-Update-DAC8x-to-support-384khz-6187.patch using plaintext: 
patching file sound/soc/bcm/rpi-simple-soundcard.c

Applying /home/joseca/openmanet-firmware/target/linux/bcm27xx/patches-6.6/950-1176-dt-bindings-clk-rp1-Add-clocks-representing-MIPI-DSI.patch using plaintext: 
patching file include/dt-bindings/clock/rp1.h

Applying /home/joseca/openmanet-firmware/target/linux/bcm27xx/patches-6.6/950-1177-clk-clk-rp1-Add-varsrc-clocks-to-represent-MIPI-byte.patch using plaintext: 
patching file drivers/clk/clk-rp1.c

Applying /home/joseca/openmanet-firmware/target/linux/bcm27xx/patches-6.6/950-1178-dts-rp1-DSI-drivers-to-use-newly-defined-MIPI-byte-s.patch using plaintext: 
patching file arch/arm/boot/dts/broadcom/rp1.dtsi

Applying /home/joseca/openmanet-firmware/target/linux/bcm27xx/patches-6.6/950-1179-drm-rp1-rp1-dsi-Switch-to-PLL_SYS-source-for-DPI-whe.patch using plaintext: 
patching file drivers/gpu/drm/rp1/rp1-dsi/rp1_dsi.c
patching file drivers/gpu/drm/rp1/rp1-dsi/rp1_dsi.h
patching file drivers/gpu/drm/rp1/rp1-dsi/rp1_dsi_dsi.c

Applying /home/joseca/openmanet-firmware/target/linux/bcm27xx/patches-6.6/950-1180-arm64-dts-Move-bcm2712-and-rp1-here.patch using plaintext: 
patching file arch/arm/boot/dts/broadcom/bcm2712-rpi-5-b.dts
patching file arch/arm/boot/dts/broadcom/bcm2712-rpi-cm5-cm4io.dts
patching file arch/arm/boot/dts/broadcom/bcm2712-rpi-cm5-cm5io.dts
patching file arch/arm/boot/dts/broadcom/bcm2712d0-rpi-5-b.dts
patching file arch/arm64/boot/dts/broadcom/bcm2712-rpi-5-b.dts
patching file arch/arm64/boot/dts/broadcom/bcm2712-rpi-cm5-cm4io.dts
patching file arch/arm64/boot/dts/broadcom/bcm2712-rpi-cm5-cm5io.dts
patching file arch/arm/boot/dts/broadcom/bcm2712-rpi-cm5.dtsi
patching file arch/arm64/boot/dts/broadcom/bcm2712-rpi-cm5.dtsi
patching file arch/arm64/boot/dts/broadcom/bcm2712d0-rpi-5-b.dts
patching file arch/arm/boot/dts/broadcom/bcm2712-rpi.dtsi
patching file arch/arm/boot/dts/broadcom/bcm2712.dtsi
patching file arch/arm/boot/dts/broadcom/rp1.dtsi
patching file arch/arm64/boot/dts/broadcom/bcm2712-rpi.dtsi
patching file arch/arm64/boot/dts/broadcom/bcm2712.dtsi
patching file arch/arm64/boot/dts/broadcom/rp1.dtsi

Applying /home/joseca/openmanet-firmware/target/linux/bcm27xx/patches-6.6/950-1181-arm64-dts-Add-cm5l-files.patch using plaintext: 
patching file arch/arm64/boot/dts/broadcom/Makefile
patching file arch/arm64/boot/dts/broadcom/bcm2712-rpi-cm5l-cm4io.dts
patching file arch/arm64/boot/dts/broadcom/bcm2712-rpi-cm5l-cm5io.dts
patching file arch/arm64/boot/dts/broadcom/bcm2712-rpi-cm5l.dtsi

Applying /home/joseca/openmanet-firmware/target/linux/bcm27xx/patches-6.6/950-1182-dts-bcm2712-Dedup-the-aliases-and-overrides.patch using plaintext: 
patching file arch/arm64/boot/dts/broadcom/bcm2712-rpi-5-b.dts
patching file arch/arm64/boot/dts/broadcom/bcm2712-rpi-cm5.dtsi
patching file arch/arm64/boot/dts/broadcom/bcm2712-rpi.dtsi

Applying /home/joseca/openmanet-firmware/target/linux/bcm27xx/patches-6.6/950-1183-arm64-dts-Give-cm5l-its-own-model-name.patch using plaintext: 
patching file arch/arm64/boot/dts/broadcom/bcm2712-rpi-cm5l.dtsi

Applying /home/joseca/openmanet-firmware/target/linux/bcm27xx/patches-6.6/950-1185-pinctrl-rp1-jump-through-hoops-to-avoid-PCIe-latency.patch using plaintext: 
patching file drivers/pinctrl/pinctrl-rp1.c

Applying /home/joseca/openmanet-firmware/target/linux/bcm27xx/patches-6.6/950-1186-staging-bcm2835-codec-Disable-HEADER_ON_OPEN-for-vid.patch using plaintext: 
patching file drivers/staging/vc04_services/bcm2835-codec/bcm2835-v4l2-codec.c

Applying /home/joseca/openmanet-firmware/target/linux/bcm27xx/patches-6.6/950-1188-staging-bcm2835-codec-Add-support-for-H264-level-5.0.patch using plaintext: 
patching file drivers/staging/vc04_services/bcm2835-codec/bcm2835-v4l2-codec.c

Applying /home/joseca/openmanet-firmware/target/linux/bcm27xx/patches-6.6/950-1189-spi-dw-Save-bandwidth-with-the-TMOD_TO-feature.patch using plaintext: 
patching file drivers/spi/spi-dw-core.c

Applying /home/joseca/openmanet-firmware/target/linux/bcm27xx/patches-6.6/950-1190-spi-dw-Save-bandwidth-with-the-TMOD_RO-feature.patch using plaintext: 
patching file drivers/spi/spi-dw-core.c
patching file drivers/spi/spi-dw-dma.c

Applying /home/joseca/openmanet-firmware/target/linux/bcm27xx/patches-6.6/950-1191-spi-dw-don-t-immediately-kill-DMA-transfers-if-an-er.patch using plaintext: 
patching file drivers/spi/spi-dw-core.c

Applying /home/joseca/openmanet-firmware/target/linux/bcm27xx/patches-6.6/950-1192-dts-rp1-hobble-DMA-AXI-burst-lengths.patch using plaintext: 
patching file arch/arm64/boot/dts/broadcom/rp1.dtsi

Applying /home/joseca/openmanet-firmware/target/linux/bcm27xx/patches-6.6/950-1193-drivers-dw-axi-dmac-make-more-sensible-choices-about.patch using plaintext: 
patching file drivers/dma/dw-axi-dmac/dw-axi-dmac-platform.c

Applying /home/joseca/openmanet-firmware/target/linux/bcm27xx/patches-6.6/950-1195-tty-serial-pl011-restrict-RX-burst-FIFO-threshold.patch using plaintext: 
patching file drivers/tty/serial/amba-pl011.c

Applying /home/joseca/openmanet-firmware/target/linux/bcm27xx/patches-6.6/950-1196-DT-bindings-add-a-dma-maxburst-property-to-snps-desi.patch using plaintext: 
patching file Documentation/devicetree/bindings/sound/snps,designware-i2s.yaml

Applying /home/joseca/openmanet-firmware/target/linux/bcm27xx/patches-6.6/950-1197-sound-soc-dwc-i2s-choose-FIFO-thresholds-based-on-DM.patch using plaintext: 
patching file sound/soc/dwc/dwc-i2s.c
patching file sound/soc/dwc/local.h

Applying /home/joseca/openmanet-firmware/target/linux/bcm27xx/patches-6.6/950-1198-dts-rp1-restrict-i2s-burst-lengths-to-4.patch using plaintext: 
patching file arch/arm64/boot/dts/broadcom/rp1.dtsi

Applying /home/joseca/openmanet-firmware/target/linux/bcm27xx/patches-6.6/950-1199-drm-vc4-Disable-the-2pixel-clock-odd-timings-workaro.patch using plaintext: 
patching file drivers/gpu/drm/vc4/vc4_crtc.c
patching file drivers/gpu/drm/vc4/vc4_drv.h
patching file drivers/gpu/drm/vc4/vc4_hdmi.c
patching file drivers/gpu/drm/vc4/vc4_hdmi.h

Applying /home/joseca/openmanet-firmware/target/linux/bcm27xx/patches-6.6/950-1200-ARM-dts-bcm2712-Fix-invalid-polling-delay-passive-se.patch using plaintext: 
patching file arch/arm64/boot/dts/broadcom/bcm2712.dtsi

Applying /home/joseca/openmanet-firmware/target/linux/bcm27xx/patches-6.6/950-1201-spi-dw-Fix-non-DMA-transmit-only-transfers.patch using plaintext: 
patching file drivers/spi/spi-dw-core.c
patching file drivers/spi/spi-dw.h

Applying /home/joseca/openmanet-firmware/target/linux/bcm27xx/patches-6.6/950-1202-spi-dw-Clamp-the-minimum-clock-speed.patch using plaintext: 
patching file drivers/spi/spi-dw-core.c

Applying /home/joseca/openmanet-firmware/target/linux/bcm27xx/patches-6.6/950-1203-overlays-i2c-rtc-Correct-bq32000-property-name.patch using plaintext: 
patching file arch/arm/boot/dts/overlays/i2c-rtc-common.dtsi

Applying /home/joseca/openmanet-firmware/target/linux/bcm27xx/patches-6.6/950-1204-hwmon-adt7410-Add-DT-compatible-strings.patch using plaintext: 
patching file drivers/hwmon/adt7410.c

Applying /home/joseca/openmanet-firmware/target/linux/bcm27xx/patches-6.6/950-1205-fixup-pinctrl-bcm2712-pinctrl-pinconf-driver.patch using plaintext: 
patching file drivers/pinctrl/bcm/pinctrl-bcm2712.c

Applying /home/joseca/openmanet-firmware/target/linux/bcm27xx/patches-6.6/950-1206-dtoverlays-Add-overlay-for-HD44780-via-I2C-PCF8574-b.patch using plaintext: 
patching file arch/arm/boot/dts/overlays/Makefile
patching file arch/arm/boot/dts/overlays/README
patching file arch/arm/boot/dts/overlays/hd44780-i2c-lcd-overlay.dts

Applying /home/joseca/openmanet-firmware/target/linux/bcm27xx/patches-6.6/950-1207-dtoverlays-Document-display_-width-height-on-hd44780.patch using plaintext: 
patching file arch/arm/boot/dts/overlays/README

Applying /home/joseca/openmanet-firmware/target/linux/bcm27xx/patches-6.6/950-1211-gpiolib-Override-gpiochip-numbers-with-DT-aliases.patch using plaintext: 
patching file drivers/gpio/gpiolib.c

Applying /home/joseca/openmanet-firmware/target/linux/bcm27xx/patches-6.6/950-1212-dts-bcm2712-rpi-Add-gpiochip0-alias.patch using plaintext: 
patching file arch/arm64/boot/dts/broadcom/bcm2712-rpi.dtsi

Applying /home/joseca/openmanet-firmware/target/linux/bcm27xx/patches-6.6/950-1213-dts-bcm2712-rpi-The-SoC-gpiochips-start-at-10.patch using plaintext: 
patching file arch/arm64/boot/dts/broadcom/bcm2712-rpi.dtsi

Applying /home/joseca/openmanet-firmware/target/linux/bcm27xx/patches-6.6/950-1218-Bluetooth-hci_sync-Fix-crash-on-NULL-parent.patch using plaintext: 
patching file net/bluetooth/hci_sync.c

Applying /home/joseca/openmanet-firmware/target/linux/bcm27xx/patches-6.6/950-1219-overlays-add-overlay-for-generic-I2S-clock-master-DA.patch using plaintext: 
patching file arch/arm/boot/dts/overlays/Makefile
patching file arch/arm/boot/dts/overlays/README
patching file arch/arm/boot/dts/overlays/i2s-master-dac-overlay.dts

Applying /home/joseca/openmanet-firmware/target/linux/bcm27xx/patches-6.6/950-1220-ASoC-DACplusADCPro-put-ADC-control-definitions-in-he.patch using plaintext: 
patching file sound/soc/bcm/hifiberry_adc_controls.h
patching file sound/soc/bcm/hifiberry_dacplusadcpro.c

Applying /home/joseca/openmanet-firmware/target/linux/bcm27xx/patches-6.6/950-1222-drm-rp1-rp1-dsi-Add-DRM_FORMAT_ARGB8888-and-DRM_FORM.patch using plaintext: 
patching file drivers/gpu/drm/rp1/rp1-dsi/rp1_dsi.c
patching file drivers/gpu/drm/rp1/rp1-dsi/rp1_dsi_dma.c

Applying /home/joseca/openmanet-firmware/target/linux/bcm27xx/patches-6.6/950-1223-drm-rp1-rp1-dpi-Add-DRM_FORMAT_ARGB8888-and-DRM_FORM.patch using plaintext: 
patching file drivers/gpu/drm/rp1/rp1-dpi/rp1_dpi.c
patching file drivers/gpu/drm/rp1/rp1-dpi/rp1_dpi_hw.c

Applying /home/joseca/openmanet-firmware/target/linux/bcm27xx/patches-6.6/950-1224-drm-rp1-rp1-vec-Add-DRM_FORMAT_ARGB8888-and-DRM_FORM.patch using plaintext: 
patching file drivers/gpu/drm/rp1/rp1-vec/rp1_vec.c
patching file drivers/gpu/drm/rp1/rp1-vec/rp1_vec_hw.c

Applying /home/joseca/openmanet-firmware/target/linux/bcm27xx/patches-6.6/950-1225-drm-vc4-Add-a-delay-after-disabling-hdmi-phy-output.patch using plaintext: 
patching file drivers/gpu/drm/vc4/vc4_crtc.c

Applying /home/joseca/openmanet-firmware/target/linux/bcm27xx/patches-6.6/950-1226-drm-vc4-Implement-vc6_hdmi_phy_disable.patch using plaintext: 
patching file drivers/gpu/drm/vc4/vc4_hdmi_phy.c

Applying /home/joseca/openmanet-firmware/target/linux/bcm27xx/patches-6.6/950-1227-drm-vc4-Also-power-down-the-PLL-core-when-resetting-.patch using plaintext: 
patching file drivers/gpu/drm/vc4/vc4_hdmi_phy.c

Applying /home/joseca/openmanet-firmware/target/linux/bcm27xx/patches-6.6/950-1228-ASoC-add-driver-for-new-HiFiBerry-ADC-only-board-s.patch using plaintext: 
patching file sound/soc/bcm/Kconfig
patching file sound/soc/bcm/Makefile
patching file sound/soc/bcm/hifiberry_adc.c

Applying /home/joseca/openmanet-firmware/target/linux/bcm27xx/patches-6.6/950-1229-overlays-Add-overlay-for-Hifiberry-ADC.patch using plaintext: 
patching file arch/arm/boot/dts/overlays/Makefile
patching file arch/arm/boot/dts/overlays/README
patching file arch/arm/boot/dts/overlays/hifiberry-adc-overlay.dts
patching file sound/soc/bcm/Kconfig

Applying /home/joseca/openmanet-firmware/target/linux/bcm27xx/patches-6.6/950-1232-spi-spidev-Restore-loading-from-Device-Tree.patch using plaintext: 
patching file drivers/spi/spidev.c

Applying /home/joseca/openmanet-firmware/target/linux/bcm27xx/patches-6.6/950-1233-drivers-drm-rp1-dsi-Implement-more-DSI-options-and-f.patch using plaintext: 
patching file drivers/gpu/drm/rp1/rp1-dsi/rp1_dsi.c
patching file drivers/gpu/drm/rp1/rp1-dsi/rp1_dsi.h
patching file drivers/gpu/drm/rp1/rp1-dsi/rp1_dsi_dsi.c

Applying /home/joseca/openmanet-firmware/target/linux/bcm27xx/patches-6.6/950-1234-rtc-pcf8523-Fix-oscillator-stop-bit-handling-reading.patch using plaintext: 
patching file drivers/rtc/rtc-pcf8523.c

Applying /home/joseca/openmanet-firmware/target/linux/bcm27xx/patches-6.6/950-1235-drivers-media-pci-Update-Hailo-accelerator-device-dr.patch using plaintext: 
patching file drivers/media/pci/hailo/Makefile
patching file drivers/media/pci/hailo/common/fw_operation.c
patching file drivers/media/pci/hailo/common/fw_operation.h
patching file drivers/media/pci/hailo/common/fw_validation.c
patching file drivers/media/pci/hailo/common/fw_validation.h
patching file drivers/media/pci/hailo/common/hailo_ioctl_common.h
patching file drivers/media/pci/hailo/common/hailo_resource.c
patching file drivers/media/pci/hailo/common/hailo_resource.h
patching file drivers/media/pci/hailo/common/pcie_common.c
patching file drivers/media/pci/hailo/common/pcie_common.h
patching file drivers/media/pci/hailo/common/utils.h
patching file drivers/media/pci/hailo/common/vdma_common.c
patching file drivers/media/pci/hailo/common/vdma_common.h
patching file drivers/media/pci/hailo/src/fops.c
patching file drivers/media/pci/hailo/src/fops.h
patching file drivers/media/pci/hailo/src/pci_soc_ioctl.c
patching file drivers/media/pci/hailo/src/pci_soc_ioctl.h
patching file drivers/media/pci/hailo/src/pcie.c
patching file drivers/media/pci/hailo/src/pcie.h
patching file drivers/media/pci/hailo/src/sysfs.c
patching file drivers/media/pci/hailo/src/utils.c
patching file drivers/media/pci/hailo/utils/integrated_nnc_utils.c
patching file drivers/media/pci/hailo/utils/integrated_nnc_utils.h
patching file drivers/media/pci/hailo/vdma/ioctl.c
patching file drivers/media/pci/hailo/vdma/ioctl.h
patching file drivers/media/pci/hailo/vdma/memory.c
patching file drivers/media/pci/hailo/vdma/memory.h
patching file drivers/media/pci/hailo/vdma/vdma.c
patching file drivers/media/pci/hailo/vdma/vdma.h

Applying /home/joseca/openmanet-firmware/target/linux/bcm27xx/patches-6.6/950-1236-media-rpivid-Make-SPS-PPS-optional-in-a-request.patch using plaintext: 
patching file drivers/staging/media/rpivid/rpivid.c
patching file drivers/staging/media/rpivid/rpivid_h265.c
patching file drivers/staging/media/rpivid/rpivid_video.c
patching file drivers/staging/media/rpivid/rpivid_video.h

Applying /home/joseca/openmanet-firmware/target/linux/bcm27xx/patches-6.6/950-1238-piscreen-overlay-Add-invert-x-y-and-swapxy.patch using plaintext: 
patching file arch/arm/boot/dts/overlays/README
patching file arch/arm/boot/dts/overlays/piscreen-overlay.dts

Applying /home/joseca/openmanet-firmware/target/linux/bcm27xx/patches-6.6/950-1239-drivers-gpu-drm-panel-Added-waveshare-5.0inch-6.25in.patch using plaintext: 
patching file drivers/gpu/drm/panel/panel-waveshare-dsi.c

Applying /home/joseca/openmanet-firmware/target/linux/bcm27xx/patches-6.6/950-1240-arch-arm-boot-dts-overlays-Added-waveshare-5.0inch-6.patch using plaintext: 
patching file arch/arm/boot/dts/overlays/vc4-kms-dsi-waveshare-panel-overlay.dts

Applying /home/joseca/openmanet-firmware/target/linux/bcm27xx/patches-6.6/950-1241-arch-arm-boot-dts-overlays-Added-waveshare-5.0inch-6.patch using plaintext: 
patching file arch/arm/boot/dts/overlays/README

Applying /home/joseca/openmanet-firmware/target/linux/bcm27xx/patches-6.6/950-1242-spi-rp2040-gpio-bridge-Add-debugfs-progress-indicato.patch using plaintext: 
patching file drivers/spi/spi-rp2040-gpio-bridge.c

Applying /home/joseca/openmanet-firmware/target/linux/bcm27xx/patches-6.6/950-1243-media-dt-bindings-i2c-Add-Sony-IMX500.patch using plaintext: 
patching file Documentation/devicetree/bindings/media/i2c/sony,imx500.yaml
patching file MAINTAINERS

Applying /home/joseca/openmanet-firmware/target/linux/bcm27xx/patches-6.6/950-1244-media-i2c-Add-driver-for-Sony-IMX500-sensor.patch using plaintext: 
patching file MAINTAINERS
patching file drivers/media/i2c/Kconfig
patching file drivers/media/i2c/Makefile
patching file drivers/media/i2c/imx500.c

Applying /home/joseca/openmanet-firmware/target/linux/bcm27xx/patches-6.6/950-1245-lib-earlycpio-export-symbol-find_cpio_data.patch using plaintext: 
patching file lib/earlycpio.c

Applying /home/joseca/openmanet-firmware/target/linux/bcm27xx/patches-6.6/950-1246-media-i2c-imx500-Inbuilt-AI-processor-support.patch using plaintext: 
patching file drivers/media/i2c/imx500.c
patching file include/uapi/linux/v4l2-controls.h

Applying /home/joseca/openmanet-firmware/target/linux/bcm27xx/patches-6.6/950-1247-dts-bcm-283x-2712-clocks-as-simple-bus.patch using plaintext: 
patching file arch/arm/boot/dts/broadcom/bcm283x.dtsi
patching file arch/arm64/boot/dts/broadcom/bcm2712.dtsi

Applying /home/joseca/openmanet-firmware/target/linux/bcm27xx/patches-6.6/950-1248-dts-Add-AI-Camera-support.patch using plaintext: 
patching file arch/arm/boot/dts/overlays/Makefile
patching file arch/arm/boot/dts/overlays/README
patching file arch/arm/boot/dts/overlays/imx500-overlay.dts
patching file arch/arm/boot/dts/overlays/imx500-pi5-overlay.dts
patching file arch/arm/boot/dts/overlays/imx500.dtsi
patching file arch/arm/boot/dts/overlays/overlay_map.dts
patching file arch/arm/boot/dts/overlays/rpi-rp2040-gpio-bridge.dtsi

Applying /home/joseca/openmanet-firmware/target/linux/bcm27xx/patches-6.6/950-1250-media-i2c-imx500-Enable-LED-during-SPI-transfers.patch using plaintext: 
patching file arch/arm/boot/dts/overlays/imx500-overlay.dts
patching file arch/arm/boot/dts/overlays/imx500-pi5-overlay.dts
patching file drivers/media/i2c/imx500.c

Applying /home/joseca/openmanet-firmware/target/linux/bcm27xx/patches-6.6/950-1251-spi-rp2040-gpio-bridge-add-missing-MD5-dependency.patch using plaintext: 
patching file drivers/spi/spi-rp2040-gpio-bridge.c

Applying /home/joseca/openmanet-firmware/target/linux/bcm27xx/patches-6.6/950-1252-drivers-drm-rp1-vec-Increase-width-limit-for-PAL-16-.patch using plaintext: 
patching file drivers/gpu/drm/rp1/rp1-vec/rp1_vec.c
patching file drivers/gpu/drm/rp1/rp1-vec/rp1_vec_hw.c

Applying /home/joseca/openmanet-firmware/target/linux/bcm27xx/patches-6.6/950-1255-Revert-Bluetooth-Always-request-for-user-confirmatio.patch using plaintext: 
patching file net/bluetooth/smp.c

Applying /home/joseca/openmanet-firmware/target/linux/bcm27xx/patches-6.6/950-1256-media-i2c-ov5647-Add-control-of-V4L2_CID_HBLANK.patch using plaintext: 
patching file drivers/media/i2c/ov5647.c

Applying /home/joseca/openmanet-firmware/target/linux/bcm27xx/patches-6.6/950-1257-drm-vc4-Add-support-for-per-plane-scaling-filter-sel.patch using plaintext: 
patching file drivers/gpu/drm/vc4/vc4_drv.h
patching file drivers/gpu/drm/vc4/vc4_hvs.c
patching file drivers/gpu/drm/vc4/vc4_plane.c

Applying /home/joseca/openmanet-firmware/target/linux/bcm27xx/patches-6.6/950-1258-drm-panel-waveshare-Remove-duplicated-sentinel-on-co.patch using plaintext: 
patching file drivers/gpu/drm/panel/panel-waveshare-dsi.c

Applying /home/joseca/openmanet-firmware/target/linux/bcm27xx/patches-6.6/950-1260-drivers-mmc-disable-write-caching-on-Samsung-2023-mo.patch using plaintext: 
patching file drivers/mmc/core/card.h
patching file drivers/mmc/core/quirks.h

Applying /home/joseca/openmanet-firmware/target/linux/bcm27xx/patches-6.6/950-1261-mm-vmscan-Maintain-TLB-coherency-in-LRU-code.patch using plaintext: 
patching file mm/vmscan.c

Applying /home/joseca/openmanet-firmware/target/linux/bcm27xx/patches-6.6/950-1262-drm-panel-ili9881-Correct-symmetry-on-enable-disable.patch using plaintext: 
patching file drivers/gpu/drm/panel/panel-ilitek-ili9881c.c

Applying /home/joseca/openmanet-firmware/target/linux/bcm27xx/patches-6.6/950-1263-dtoverlays-adds-the-definitions-for-the-HiFiBerry-8-.patch using plaintext: 
patching file arch/arm/boot/dts/overlays/Makefile
patching file arch/arm/boot/dts/overlays/README
patching file arch/arm/boot/dts/overlays/hifiberry-adc8x-overlay.dts
patching file arch/arm/boot/dts/overlays/overlay_map.dts

Applying /home/joseca/openmanet-firmware/target/linux/bcm27xx/patches-6.6/950-1264-ASoC-add-HiFiBerry-ADC8x-8-channel-ADC-to-simple-car.patch using plaintext: 
patching file sound/soc/bcm/Kconfig
patching file sound/soc/bcm/rpi-simple-soundcard.c

Applying /home/joseca/openmanet-firmware/target/linux/bcm27xx/patches-6.6/950-1265-vc04_services-codec-Allocate-the-max-number-of-buffe.patch using plaintext: 
patching file drivers/staging/vc04_services/bcm2835-codec/bcm2835-v4l2-codec.c

Applying /home/joseca/openmanet-firmware/target/linux/bcm27xx/patches-6.6/950-1266-drm-vc4-Fix-interpolate-bit-for-nearest-neighbour-fi.patch using plaintext: 
patching file drivers/gpu/drm/vc4/vc4_plane.c

Applying /home/joseca/openmanet-firmware/target/linux/bcm27xx/patches-6.6/950-1269-drivers-media-imx500-Fixes-for-vblank-control.patch using plaintext: 
patching file drivers/media/i2c/imx500.c

Applying /home/joseca/openmanet-firmware/target/linux/bcm27xx/patches-6.6/950-1270-drm-bridge-Document-bridge-init-order-with-pre_enabl.patch using plaintext: 
patching file drivers/gpu/drm/drm_bridge.c

Applying /home/joseca/openmanet-firmware/target/linux/bcm27xx/patches-6.6/950-1271-drm-vc4-dsi-Don-t-reset-the-host-until-post_disable.patch using plaintext: 
patching file drivers/gpu/drm/vc4/vc4_dsi.c

Applying /home/joseca/openmanet-firmware/target/linux/bcm27xx/patches-6.6/950-1272-drm-vc4-dsi-enable-video-and-then-retry-failed-trans.patch using plaintext: 
patching file drivers/gpu/drm/vc4/vc4_dsi.c

Applying /home/joseca/openmanet-firmware/target/linux/bcm27xx/patches-6.6/950-1273-drm-panel-ili9881-Add-option-to-reconfigure-setup-co.patch using plaintext: 
patching file drivers/gpu/drm/panel/panel-ilitek-ili9881c.c

Applying /home/joseca/openmanet-firmware/target/linux/bcm27xx/patches-6.6/950-1274-regulator-rpi-panel-Remove-the-ID-read.patch using plaintext: 
patching file drivers/regulator/rpi-panel-attiny-regulator.c

Applying /home/joseca/openmanet-firmware/target/linux/bcm27xx/patches-6.6/950-1275-drivers-mfd-sensehat-Add-Raspberry-Pi-Sense-HAT-to-s.patch using plaintext: 
patching file drivers/mfd/simple-mfd-i2c.c

Applying /home/joseca/openmanet-firmware/target/linux/bcm27xx/patches-6.6/950-1281-dtoverlays-Correct-pinctrl-assignment-on-mcp23017.patch using plaintext: 
patching file arch/arm/boot/dts/overlays/mcp23017-overlay.dts

Applying /home/joseca/openmanet-firmware/target/linux/bcm27xx/patches-6.6/950-1282-tty-serial-pl011-Also-unregister-pl011_axi_platform_.patch using plaintext: 
patching file drivers/tty/serial/amba-pl011.c

Applying /home/joseca/openmanet-firmware/target/linux/bcm27xx/patches-6.6/950-1283-overlays-wm8960-soundcard-Fix-clock-declaration.patch using plaintext: 
patching file arch/arm/boot/dts/overlays/wm8960-soundcard-overlay.dts

Applying /home/joseca/openmanet-firmware/target/linux/bcm27xx/patches-6.6/950-1284-googlevoicehat-Fix-playback-muting-when-recording-is.patch using plaintext: 
patching file sound/soc/bcm/googlevoicehat-codec.c

Applying /home/joseca/openmanet-firmware/target/linux/bcm27xx/patches-6.6/950-1285-ASoC-bcm2835-i2s-Set-the-PERIOD_BYTES-min-to-256.patch using plaintext: 
patching file sound/soc/bcm/bcm2835-i2s.c

Applying /home/joseca/openmanet-firmware/target/linux/bcm27xx/patches-6.6/950-1286-clk-clk-rp1-Don-t-crash-on-duplicate-clocks.patch using plaintext: 
patching file drivers/clk/clk-rp1.c

Applying /home/joseca/openmanet-firmware/target/linux/bcm27xx/patches-6.6/950-1287-drivers-media-imx500-Simplify-the-vblank-control-ini.patch using plaintext: 
patching file drivers/media/i2c/imx500.c

Applying /home/joseca/openmanet-firmware/target/linux/bcm27xx/patches-6.6/950-1288-dts-overlay_map-ramoops-pi4-works-on-Pi-5.patch using plaintext: 
patching file arch/arm/boot/dts/overlays/overlay_map.dts

Applying /home/joseca/openmanet-firmware/target/linux/bcm27xx/patches-6.6/950-1289-dts-align-PCI-BAR-allocation-on-bcm2711-and-bcm2712-.patch using plaintext: 
patching file arch/arm/boot/dts/broadcom/bcm2711-rpi-ds.dtsi
patching file arch/arm/boot/dts/overlays/README
patching file arch/arm/boot/dts/overlays/pciex1-compat-pi5-overlay.dts
patching file arch/arm64/boot/dts/broadcom/bcm2712.dtsi

Applying /home/joseca/openmanet-firmware/target/linux/bcm27xx/patches-6.6/950-1290-overlays-Add-Pineboards-HatDrive-POE-6257.patch using plaintext: 
patching file arch/arm/boot/dts/overlays/Makefile
patching file arch/arm/boot/dts/overlays/README
patching file arch/arm/boot/dts/overlays/pineboards-hatdrive-poe-plus-overlay.dts

Applying /home/joseca/openmanet-firmware/target/linux/bcm27xx/patches-6.6/950-1296-dtoverlays-Correct-vc4-kms-dpi-generic-for-width-hei.patch using plaintext: 
patching file arch/arm/boot/dts/overlays/vc4-kms-dpi-generic-overlay.dts

Applying /home/joseca/openmanet-firmware/target/linux/bcm27xx/patches-6.6/950-1297-dts-bcm2712-rpi-Add-four-missing-GPIOs-to-2712D0.patch using plaintext: 
patching file arch/arm64/boot/dts/broadcom/bcm2712d0-rpi-5-b.dts

Applying /home/joseca/openmanet-firmware/target/linux/bcm27xx/patches-6.6/950-1298-arm64-dts-Add-preliminary-bcm2712-rpi-500-dts.patch using plaintext: 
patching file arch/arm64/boot/dts/broadcom/Makefile
patching file arch/arm64/boot/dts/broadcom/bcm2712-rpi-500.dts

Applying /home/joseca/openmanet-firmware/target/linux/bcm27xx/patches-6.6/950-1301-dts-2712-Reduce-default-cma-usage-on-Pi5.patch using plaintext: 
patching file arch/arm/boot/dts/overlays/vc4-kms-v3d-pi5-overlay.dts

Applying /home/joseca/openmanet-firmware/target/linux/bcm27xx/patches-6.6/950-1305-dts-bcm2712d0-Add-non-d0-vc6-compatible-string.patch using plaintext: 
patching file arch/arm/boot/dts/overlays/bcm2712d0-overlay.dts
patching file arch/arm64/boot/dts/broadcom/bcm2712d0-rpi-5-b.dts

Applying /home/joseca/openmanet-firmware/target/linux/bcm27xx/patches-6.6/950-1312-Reapply-dtoverlays-Convert-SenseHAT-overlays-to-use-.patch using plaintext: 
patching file arch/arm/boot/dts/overlays/rpi-sense-overlay.dts
patching file arch/arm/boot/dts/overlays/rpi-sense-v2-overlay.dts

Applying /home/joseca/openmanet-firmware/target/linux/bcm27xx/patches-6.6/950-1313-Reapply-drivers-Remove-downstream-SenseHAT-core-and-.patch using plaintext: 
patching file drivers/input/joystick/Kconfig
patching file drivers/input/joystick/Makefile
patching file drivers/input/joystick/rpisense-js.c
patching file drivers/mfd/Kconfig
patching file drivers/mfd/Makefile
patching file drivers/mfd/rpisense-core.c
patching file drivers/video/fbdev/Kconfig
patching file drivers/video/fbdev/rpisense-fb.c
patching file include/linux/mfd/rpisense/core.h
patching file include/linux/mfd/rpisense/framebuffer.h

Applying /home/joseca/openmanet-firmware/target/linux/bcm27xx/patches-6.6/950-1315-Reapply-Input-sensehat-joystick-Revert-to-downstream.patch using plaintext: 
patching file drivers/input/joystick/sensehat-joystick.c

Applying /home/joseca/openmanet-firmware/target/linux/bcm27xx/patches-6.6/950-1316-Reapply-dtoverlays-Add-Sense-Hat-to-hat_map.patch using plaintext: 
patching file arch/arm/boot/dts/overlays/hat_map.dts

Applying /home/joseca/openmanet-firmware/target/linux/bcm27xx/patches-6.6/950-1317-overlays-hat_map-Add-Sense-and-Hailo-AI-HATs.patch using plaintext: 
patching file arch/arm/boot/dts/overlays/hat_map.dts

Applying /home/joseca/openmanet-firmware/target/linux/bcm27xx/patches-6.6/950-1318-drivers-media-imx500-Enable-LS-correction.patch using plaintext: 
patching file drivers/media/i2c/imx500.c

Applying /home/joseca/openmanet-firmware/target/linux/bcm27xx/patches-6.6/950-1319-dts-bcm2712-rpi-500-Add-USER_LED-GPIO-name.patch using plaintext: 
patching file arch/arm64/boot/dts/broadcom/bcm2712-rpi-500.dts

Applying /home/joseca/openmanet-firmware/target/linux/bcm27xx/patches-6.6/950-1321-dtoverlays-Fix-up-imx500-overlays-to-have-unique-clo.patch using plaintext: 
patching file arch/arm/boot/dts/overlays/imx500-overlay.dts
patching file arch/arm/boot/dts/overlays/imx500-pi5-overlay.dts

Applying /home/joseca/openmanet-firmware/target/linux/bcm27xx/patches-6.6/950-1322-dtoverlays-Add-an-overlay-for-Waveshare-s-800x480-4..patch using plaintext: 
patching file arch/arm/boot/dts/overlays/Makefile
patching file arch/arm/boot/dts/overlays/README
patching file arch/arm/boot/dts/overlays/vc4-kms-dsi-waveshare-800x480-overlay.dts

Applying /home/joseca/openmanet-firmware/target/linux/bcm27xx/patches-6.6/950-1323-drm-vc4-Remove-request-for-min-clocks-when-hdmi-outp.patch using plaintext: 
patching file drivers/gpu/drm/vc4/vc4_hdmi.c
patching file drivers/gpu/drm/vc4/vc4_hvs.c
patching file drivers/gpu/drm/vc4/vc4_v3d.c

Applying /home/joseca/openmanet-firmware/target/linux/bcm27xx/patches-6.6/950-1324-dts-bcm2712-rpi-Add-aliases-for-the-CSI-DSI-I2Cs.patch using plaintext: 
patching file arch/arm64/boot/dts/broadcom/bcm2712-rpi-5-b.dts
patching file arch/arm64/boot/dts/broadcom/bcm2712-rpi-cm5.dtsi
patching file arch/arm64/boot/dts/broadcom/bcm2712-rpi.dtsi

Applying /home/joseca/openmanet-firmware/target/linux/bcm27xx/patches-6.6/950-1325-NotForUpstream-media-video-mux-Propagate-controls-to.patch using plaintext: 
patching file drivers/media/platform/video-mux.c

Applying /home/joseca/openmanet-firmware/target/linux/bcm27xx/patches-6.6/950-1326-media-platform-video-mux-Fix-mutex-locking.patch using plaintext: 
patching file drivers/media/platform/video-mux.c

Applying /home/joseca/openmanet-firmware/target/linux/bcm27xx/patches-6.6/950-1327-media-i2c-ov5647-Tidy-up-mode-registers-to-make-the-.patch using plaintext: 
patching file drivers/media/i2c/ov5647.c

Applying /home/joseca/openmanet-firmware/target/linux/bcm27xx/patches-6.6/950-1328-media-i2c-ov5647-Separate-out-the-common-registers.patch using plaintext: 
patching file drivers/media/i2c/ov5647.c

Applying /home/joseca/openmanet-firmware/target/linux/bcm27xx/patches-6.6/950-1329-media-i2c-ov5647-Use-the-same-PLL-config-for-full-10.patch using plaintext: 
patching file drivers/media/i2c/ov5647.c

Applying /home/joseca/openmanet-firmware/target/linux/bcm27xx/patches-6.6/950-1330-media-i2c-ov5647-Add-V4L2_CID_LINK_FREQUENCY-control.patch using plaintext: 
patching file drivers/media/i2c/ov5647.c

Applying /home/joseca/openmanet-firmware/target/linux/bcm27xx/patches-6.6/950-1331-mmc-don-t-reference-requests-after-finishing-them.patch using plaintext: 
patching file drivers/mmc/core/block.c

Applying /home/joseca/openmanet-firmware/target/linux/bcm27xx/patches-6.6/950-1333-mmc-quirks-disable-cache-on-more-known-bad-Sandisk-c.patch using plaintext: 
patching file drivers/mmc/core/quirks.h

Applying /home/joseca/openmanet-firmware/target/linux/bcm27xx/patches-6.6/950-1334-mmc-block-disable-CQ-on-SD-cards-when-doing-non-Disc.patch using plaintext: 
patching file drivers/mmc/core/block.c

Applying /home/joseca/openmanet-firmware/target/linux/bcm27xx/patches-6.6/950-1335-DTS-bcm2712-re-enable-SD-slot-CQE-by-default-on-Pi-5.patch using plaintext: 
patching file arch/arm/boot/dts/overlays/README
patching file arch/arm64/boot/dts/broadcom/bcm2712-rpi-5-b.dts

Applying /home/joseca/openmanet-firmware/target/linux/bcm27xx/patches-6.6/950-1336-mmc-quirks-add-MMC_QUIRK_BROKEN_ERASE-for-Phison-Int.patch using plaintext: 
patching file drivers/mmc/core/quirks.h

Applying /home/joseca/openmanet-firmware/target/linux/bcm27xx/patches-6.6/950-1337-Input-matrix_keypad-avoid-repeatedly-converting-GPIO.patch using plaintext: 
patching file drivers/input/keyboard/matrix_keypad.c

Applying /home/joseca/openmanet-firmware/target/linux/bcm27xx/patches-6.6/950-1338-numa-Add-simple-generic-NUMA-emulation.patch using plaintext: 
patching file drivers/base/Kconfig
patching file drivers/base/Makefile
patching file drivers/base/arch_numa.c
patching file drivers/base/numa_emulation.c
patching file drivers/base/numa_emulation.h

Applying /home/joseca/openmanet-firmware/target/linux/bcm27xx/patches-6.6/950-1339-arm64-numa-Add-NUMA-emulation-for-ARM64.patch using plaintext: 
patching file arch/arm64/Kconfig

Applying /home/joseca/openmanet-firmware/target/linux/bcm27xx/patches-6.6/950-1340-mm-numa-Allow-override-of-kernel-s-default-NUMA-poli.patch using plaintext: 
patching file mm/mempolicy.c

Applying /home/joseca/openmanet-firmware/target/linux/bcm27xx/patches-6.6/950-1341-dma-buf-system_heap-Allow-specifying-maximum-allocat.patch using plaintext: 
patching file drivers/dma-buf/heaps/system_heap.c

Applying /home/joseca/openmanet-firmware/target/linux/bcm27xx/patches-6.6/950-1342-numa-emulation-Check-emulated-zones-around-the-CMA-w.patch using plaintext: 
patching file drivers/base/numa_emulation.c
patching file include/linux/cma.h
patching file mm/cma.c

Applying /home/joseca/openmanet-firmware/target/linux/bcm27xx/patches-6.6/950-1344-dts-Move-some-common-rpi-settings-into-rpi-files.patch using plaintext: 
patching file arch/arm/boot/dts/broadcom/bcm2711-rpi-4-b.dts
patching file arch/arm/boot/dts/broadcom/bcm2711-rpi-cm4.dts
patching file arch/arm/boot/dts/broadcom/bcm2711-rpi-ds.dtsi
patching file arch/arm64/boot/dts/broadcom/bcm2712-rpi-5-b.dts
patching file arch/arm64/boot/dts/broadcom/bcm2712-rpi-cm5.dtsi
patching file arch/arm64/boot/dts/broadcom/bcm2712-rpi.dtsi

Applying /home/joseca/openmanet-firmware/target/linux/bcm27xx/patches-6.6/950-1345-dts-Set-preferred-numa-options-in-bootargs.patch using plaintext: 
patching file arch/arm/boot/dts/broadcom/bcm2711-rpi-cm4s.dts
patching file arch/arm/boot/dts/broadcom/bcm2711-rpi-ds.dtsi
patching file arch/arm64/boot/dts/broadcom/bcm2712-rpi.dtsi

Applying /home/joseca/openmanet-firmware/target/linux/bcm27xx/patches-6.6/950-1346-drm-vc4-Do-not-include-writeback-conn-load-in-load-t.patch using plaintext: 
patching file drivers/gpu/drm/vc4/vc4_kms.c

Applying /home/joseca/openmanet-firmware/target/linux/bcm27xx/patches-6.6/950-1347-drm-vc4-Drop-panic-priority-for-writeback-connector.patch using plaintext: 
patching file drivers/gpu/drm/vc4/vc4_kms.c

Applying /home/joseca/openmanet-firmware/target/linux/bcm27xx/patches-6.6/950-1348-dts-Simplify-bootargs.patch using plaintext: 
patching file arch/arm/boot/dts/broadcom/bcm2708-rpi-bt.dtsi
patching file arch/arm/boot/dts/broadcom/bcm2708-rpi-zero-w.dts
patching file arch/arm/boot/dts/broadcom/bcm2710-rpi-3-b-plus.dts
patching file arch/arm/boot/dts/broadcom/bcm2710-rpi-3-b.dts
patching file arch/arm/boot/dts/broadcom/bcm2710-rpi-zero-2-w.dts
patching file arch/arm/boot/dts/broadcom/bcm2711-rpi-ds.dtsi
patching file arch/arm/boot/dts/broadcom/bcm271x-rpi-bt.dtsi

Applying /home/joseca/openmanet-firmware/target/linux/bcm27xx/patches-6.6/950-1349-cgroup-Use-kernel-command-line-to-disable-memory-cgr.patch using plaintext: 
patching file arch/arm/boot/dts/broadcom/bcm2708-rpi-bt.dtsi
patching file arch/arm/boot/dts/broadcom/bcm270x.dtsi
patching file arch/arm/boot/dts/broadcom/bcm2711-rpi-cm4s.dts
patching file arch/arm/boot/dts/broadcom/bcm2711-rpi-ds.dtsi
patching file arch/arm/boot/dts/broadcom/bcm271x-rpi-bt.dtsi
patching file arch/arm64/boot/dts/broadcom/bcm2712-rpi.dtsi
patching file kernel/cgroup/cgroup.c

Applying /home/joseca/openmanet-firmware/target/linux/bcm27xx/patches-6.6/950-1350-arm64-dts-Sort-out-CM5-and-I-O-board-I2C-ports.patch using plaintext: 
patching file arch/arm64/boot/dts/broadcom/bcm2712-rpi-cm4io.dtsi
patching file arch/arm64/boot/dts/broadcom/bcm2712-rpi-cm5-cm4io.dts
patching file arch/arm64/boot/dts/broadcom/bcm2712-rpi-cm5-cm5io.dts
patching file arch/arm64/boot/dts/broadcom/bcm2712-rpi-cm5.dtsi
patching file arch/arm64/boot/dts/broadcom/bcm2712-rpi-cm5io.dtsi
patching file arch/arm64/boot/dts/broadcom/bcm2712-rpi-cm5l-cm4io.dts
patching file arch/arm64/boot/dts/broadcom/bcm2712-rpi-cm5l-cm5io.dts
patching file arch/arm64/boot/dts/broadcom/bcm2712-rpi-cm5l.dtsi

Applying /home/joseca/openmanet-firmware/target/linux/bcm27xx/patches-6.6/950-1351-drivers-media-bcm2835_isp-Cache-LS-table-dmabuf.patch using plaintext: 
patching file drivers/staging/vc04_services/bcm2835-isp/bcm2835-v4l2-isp.c

Applying /home/joseca/openmanet-firmware/target/linux/bcm27xx/patches-6.6/950-1353-pwm-Add-GPIO-PWM-driver.patch using plaintext: 
patching file Documentation/driver-api/gpio/drivers-on-gpio.rst
patching file drivers/pwm/Kconfig
patching file drivers/pwm/Makefile
patching file drivers/pwm/pwm-gpio.c

Applying /home/joseca/openmanet-firmware/target/linux/bcm27xx/patches-6.6/950-1355-dtoverlay-Add-a-dtoverlay-for-pwm-gpio.patch using plaintext: 
patching file arch/arm/boot/dts/overlays/Makefile
patching file arch/arm/boot/dts/overlays/README
patching file arch/arm/boot/dts/overlays/pwm-gpio-overlay.dts

Applying /home/joseca/openmanet-firmware/target/linux/bcm27xx/patches-6.6/950-1356-dts-2712-Drop-some-numa-options-from-bootargs.patch using plaintext: 
patching file arch/arm64/boot/dts/broadcom/bcm2712-rpi.dtsi

Applying /home/joseca/openmanet-firmware/target/linux/bcm27xx/patches-6.6/950-1357-mmc-quirks-add-more-broken-Kingston-Canvas-Go-SD-car.patch using plaintext: 
patching file drivers/mmc/core/quirks.h

Applying /home/joseca/openmanet-firmware/target/linux/bcm27xx/patches-6.6/950-1358-dt-bindings-usb-snps-dwc3-add-FS-HS-periodic-NAK-pol.patch using plaintext: 
patching file Documentation/devicetree/bindings/usb/snps,dwc3.yaml

Applying /home/joseca/openmanet-firmware/target/linux/bcm27xx/patches-6.6/950-1359-usb-dwc3-core-add-support-for-setting-NAK-enhancemen.patch using plaintext: 
patching file drivers/usb/dwc3/core.c
patching file drivers/usb/dwc3/core.h

Applying /home/joseca/openmanet-firmware/target/linux/bcm27xx/patches-6.6/950-1360-DTS-rp1-set-enhanced-FS-NAK-quirk-for-usb3-controlle.patch using plaintext: 
patching file arch/arm64/boot/dts/broadcom/rp1.dtsi

Applying /home/joseca/openmanet-firmware/target/linux/bcm27xx/patches-6.6/950-1361-drivers-usb-xhci-prevent-a-theoretical-race-on-non-c.patch using plaintext: 
patching file drivers/usb/host/xhci-ring.c

Applying /home/joseca/openmanet-firmware/target/linux/bcm27xx/patches-6.6/950-1362-iio-humidity-dht11-Allow-non-zero-decimals.patch using plaintext: 
patching file drivers/iio/humidity/dht11.c

Applying /home/joseca/openmanet-firmware/target/linux/bcm27xx/patches-6.6/950-1363-drm-vc4-Correct-condition-for-ignoring-a-plane-to-sr.patch using plaintext: 
patching file drivers/gpu/drm/vc4/vc4_plane.c

Applying /home/joseca/openmanet-firmware/target/linux/bcm27xx/patches-6.6/950-1364-drm-vc4-Use-the-TPZ-scaling-filter-for-1x1-source-im.patch using plaintext: 
patching file drivers/gpu/drm/vc4/vc4_plane.c

Applying /home/joseca/openmanet-firmware/target/linux/bcm27xx/patches-6.6/950-1365-drm-Set-non-desktop-property-to-true-for-writeback-a.patch using plaintext: 
patching file drivers/gpu/drm/drm_connector.c

Applying /home/joseca/openmanet-firmware/target/linux/bcm27xx/patches-6.6/950-1366-drm-Increase-plane_mask-to-64bit.patch using plaintext: 
patching file drivers/gpu/drm/drm_atomic.c
patching file drivers/gpu/drm/drm_framebuffer.c
patching file drivers/gpu/drm/drm_mode_config.c
patching file drivers/gpu/drm/drm_plane.c
patching file drivers/gpu/drm/imx/ipuv3/ipuv3-crtc.c
patching file include/drm/drm_crtc.h
patching file include/drm/drm_plane.h

Applying /home/joseca/openmanet-firmware/target/linux/bcm27xx/patches-6.6/950-1367-drm-vc4-Increase-number-of-overlay-planes-from-16-to.patch using plaintext: 
patching file drivers/gpu/drm/drm_connector.c
patching file drivers/gpu/drm/vc4/vc4_plane.c

Applying /home/joseca/openmanet-firmware/target/linux/bcm27xx/patches-6.6/950-1368-drm-vc4-Assign-32-overlay-planes-to-writeback-only.patch using plaintext: 
patching file drivers/gpu/drm/vc4/vc4_plane.c

Applying /home/joseca/openmanet-firmware/target/linux/bcm27xx/patches-6.6/950-1369-drm-Add-a-DRM_MODE_TRANSPOSE-option-to-the-DRM-rotat.patch using plaintext: 
patching file drivers/gpu/drm/drm_blend.c
patching file include/uapi/drm/drm_mode.h

Applying /home/joseca/openmanet-firmware/target/linux/bcm27xx/patches-6.6/950-1370-drm-Add-a-rotation-parameter-to-connectors.patch using plaintext: 
patching file drivers/gpu/drm/drm_atomic_uapi.c
patching file drivers/gpu/drm/drm_blend.c
patching file include/drm/drm_blend.h
patching file include/drm/drm_connector.h

Applying /home/joseca/openmanet-firmware/target/linux/bcm27xx/patches-6.6/950-1371-drm-vc4-txp-Add-a-rotation-property-to-the-writeback.patch using plaintext: 
patching file drivers/gpu/drm/vc4/vc4_txp.c

Applying /home/joseca/openmanet-firmware/target/linux/bcm27xx/patches-6.6/950-1372-dmaengine-dw-axi-dmac-Allow-client-chosen-width.patch using plaintext: 
patching file drivers/dma/dw-axi-dmac/dw-axi-dmac-platform.c

Applying /home/joseca/openmanet-firmware/target/linux/bcm27xx/patches-6.6/950-1373-spi-dw-Let-the-DMAC-set-the-transfer-widths.patch using plaintext: 
patching file drivers/spi/spi-dw-dma.c

Applying /home/joseca/openmanet-firmware/target/linux/bcm27xx/patches-6.6/950-1374-serial-pl011-Request-a-memory-width-of-1-byte.patch using plaintext: 
patching file drivers/tty/serial/amba-pl011.c

Applying /home/joseca/openmanet-firmware/target/linux/bcm27xx/patches-6.6/950-1377-drivers-usb-xhci-set-HID-bit-in-streaming-endpoint-c.patch using plaintext: 
patching file drivers/usb/host/xhci-mem.c
patching file drivers/usb/host/xhci.h

Applying /home/joseca/openmanet-firmware/target/linux/bcm27xx/patches-6.6/950-1379-media-i2c-imx477-Add-options-for-slightly-modifying-.patch using plaintext: 
patching file drivers/media/i2c/imx477.c

Applying /home/joseca/openmanet-firmware/target/linux/bcm27xx/patches-6.6/950-1380-dtoverlays-Add-link-frequency-override-to-imx477-378.patch using plaintext: 
patching file arch/arm/boot/dts/overlays/README
patching file arch/arm/boot/dts/overlays/imx477_378-overlay.dtsi

Applying /home/joseca/openmanet-firmware/target/linux/bcm27xx/patches-6.6/950-1381-dmaengine-dw-axi-dmac-Only-start-idle-channels.patch using plaintext: 
patching file drivers/dma/dw-axi-dmac/dw-axi-dmac-platform.c

Applying /home/joseca/openmanet-firmware/target/linux/bcm27xx/patches-6.6/950-1382-mailbox-Add-RP1-mailbox-support.patch using plaintext: 
patching file drivers/mailbox/Kconfig
patching file drivers/mailbox/Makefile
patching file drivers/mailbox/rp1-mailbox.c

Applying /home/joseca/openmanet-firmware/target/linux/bcm27xx/patches-6.6/950-1383-firmware-Add-an-RP1-firmware-interface-over-mbox.patch using plaintext: 
patching file drivers/firmware/Kconfig
patching file drivers/firmware/Makefile
patching file drivers/firmware/rp1.c
patching file include/linux/rp1-firmware.h

Applying /home/joseca/openmanet-firmware/target/linux/bcm27xx/patches-6.6/950-1384-misc-Add-RP1-PIO-driver.patch using plaintext: 
patching file drivers/misc/Kconfig
patching file drivers/misc/Makefile
patching file drivers/misc/rp1-fw-pio.h
patching file drivers/misc/rp1-pio.c
patching file include/uapi/misc/rp1_pio_if.h

Applying /home/joseca/openmanet-firmware/target/linux/bcm27xx/patches-6.6/950-1386-dts-bcm2712-rpi-Add-RP1-firmware-and-mailboxes.patch using plaintext: 
patching file arch/arm64/boot/dts/broadcom/bcm2712-rpi-5-b.dts
patching file arch/arm64/boot/dts/broadcom/bcm2712-rpi-cm5.dtsi
patching file arch/arm64/boot/dts/broadcom/bcm2712-rpi.dtsi
patching file arch/arm64/boot/dts/broadcom/rp1.dtsi

Applying /home/joseca/openmanet-firmware/target/linux/bcm27xx/patches-6.6/950-1387-dts-bcm2712-rpi-Add-the-RP1-PIO-device.patch using plaintext: 
patching file arch/arm64/boot/dts/broadcom/bcm2712-rpi.dtsi
patching file arch/arm64/boot/dts/broadcom/rp1.dtsi

Applying /home/joseca/openmanet-firmware/target/linux/bcm27xx/patches-6.6/950-1388-misc-rp1-pio-Add-an-in-kernel-API.patch using plaintext: 
patching file drivers/misc/rp1-pio.c
patching file include/linux/pio_instructions.h
patching file include/linux/pio_rp1.h

Applying /home/joseca/openmanet-firmware/target/linux/bcm27xx/patches-6.6/950-1389-pwm-Add-pwm-pio-rp1-driver.patch using plaintext: 
patching file drivers/pwm/Kconfig
patching file drivers/pwm/Makefile
patching file drivers/pwm/pwm-pio-rp1.c

Applying /home/joseca/openmanet-firmware/target/linux/bcm27xx/patches-6.6/950-1391-overlays-Add-pwm-pio-overlay.patch using plaintext: 
patching file arch/arm/boot/dts/overlays/Makefile
patching file arch/arm/boot/dts/overlays/README
patching file arch/arm/boot/dts/overlays/overlay_map.dts
patching file arch/arm/boot/dts/overlays/pwm-pio-overlay.dts

Applying /home/joseca/openmanet-firmware/target/linux/bcm27xx/patches-6.6/950-1392-fixup-misc-Add-RP1-PIO-driver.patch using plaintext: 
patching file include/uapi/misc/rp1_pio_if.h

Applying /home/joseca/openmanet-firmware/target/linux/bcm27xx/patches-6.6/950-1394-misc-rp1-pio-Add-compat_ioctl-method.patch using plaintext: 
patching file drivers/misc/rp1-pio.c

Applying /home/joseca/openmanet-firmware/target/linux/bcm27xx/patches-6.6/950-1396-i2c-designware-Add-support-for-bus-clear-feature.patch using plaintext: 
patching file drivers/i2c/busses/i2c-designware-common.c
patching file drivers/i2c/busses/i2c-designware-core.h
patching file drivers/i2c/busses/i2c-designware-master.c

Applying /home/joseca/openmanet-firmware/target/linux/bcm27xx/patches-6.6/950-1397-drivers-media-pci-Update-Hailo-accelerator-device-dr.patch using plaintext: 
patching file drivers/media/pci/hailo/Makefile
patching file drivers/media/pci/hailo/common/fw_operation.c
patching file drivers/media/pci/hailo/common/fw_operation.h
patching file drivers/media/pci/hailo/common/fw_validation.c
patching file drivers/media/pci/hailo/common/fw_validation.h
patching file drivers/media/pci/hailo/common/hailo_ioctl_common.h
patching file drivers/media/pci/hailo/common/hailo_resource.c
patching file drivers/media/pci/hailo/common/hailo_resource.h
patching file drivers/media/pci/hailo/common/pcie_common.c
patching file drivers/media/pci/hailo/common/pcie_common.h
patching file drivers/media/pci/hailo/common/soc_structs.h
patching file drivers/media/pci/hailo/common/utils.h
patching file drivers/media/pci/hailo/common/vdma_common.c
patching file drivers/media/pci/hailo/common/vdma_common.h
patching file drivers/media/pci/hailo/src/fops.c
patching file drivers/media/pci/hailo/src/fops.h
patching file drivers/media/pci/hailo/src/nnc.c
patching file drivers/media/pci/hailo/src/nnc.h
patching file drivers/media/pci/hailo/src/pci_soc_ioctl.c
patching file drivers/media/pci/hailo/src/pcie.c
patching file drivers/media/pci/hailo/src/pcie.h
patching file drivers/media/pci/hailo/src/soc.c
patching file drivers/media/pci/hailo/src/pci_soc_ioctl.h
patching file drivers/media/pci/hailo/src/soc.h
patching file drivers/media/pci/hailo/src/sysfs.c
patching file drivers/media/pci/hailo/src/sysfs.h
patching file drivers/media/pci/hailo/src/utils.c
patching file drivers/media/pci/hailo/utils/compact.h
patching file drivers/media/pci/hailo/utils/fw_common.h
patching file drivers/media/pci/hailo/utils/integrated_nnc_utils.c
patching file drivers/media/pci/hailo/utils/integrated_nnc_utils.h
patching file drivers/media/pci/hailo/utils/logs.c
patching file drivers/media/pci/hailo/utils/logs.h
patching file drivers/media/pci/hailo/vdma/ioctl.c
patching file drivers/media/pci/hailo/vdma/ioctl.h
patching file drivers/media/pci/hailo/vdma/memory.c
patching file drivers/media/pci/hailo/vdma/memory.h
patching file drivers/media/pci/hailo/vdma/vdma.c
patching file drivers/media/pci/hailo/vdma/vdma.h

Applying /home/joseca/openmanet-firmware/target/linux/bcm27xx/patches-6.6/950-1398-dtoverlays-enable-SPI-CS-active-high.patch using plaintext: 
patching file arch/arm/boot/dts/overlays/Makefile
patching file arch/arm/boot/dts/overlays/README
patching file arch/arm/boot/dts/overlays/spi0-1cs-inverted-overlay.dts

Applying /home/joseca/openmanet-firmware/target/linux/bcm27xx/patches-6.6/950-1399-drm-vc4-hvs-Defer-updating-the-enable_bg_fill-until-.patch using plaintext: 
patching file drivers/gpu/drm/vc4/vc4_drv.h
patching file drivers/gpu/drm/vc4/vc4_hvs.c

Applying /home/joseca/openmanet-firmware/target/linux/bcm27xx/patches-6.6/950-1400-misc-rp1-pio-Add-FIFO-related-methods.patch using plaintext: 
patching file drivers/misc/rp1-fw-pio.h
patching file drivers/misc/rp1-pio.c
patching file include/linux/pio_rp1.h
patching file include/uapi/misc/rp1_pio_if.h

Applying /home/joseca/openmanet-firmware/target/linux/bcm27xx/patches-6.6/950-1401-overlays-Enable-Raspberry-Touch-2-rotation-with-over.patch using plaintext: 
patching file arch/arm/boot/dts/overlays/README
patching file arch/arm/boot/dts/overlays/vc4-kms-dsi-ili9881-7inch-overlay.dts

Applying /home/joseca/openmanet-firmware/target/linux/bcm27xx/patches-6.6/950-1402-rp1-pio-Add-missing-static-inline-s.patch using plaintext: 
patching file include/linux/pio_rp1.h

Applying /home/joseca/openmanet-firmware/target/linux/bcm27xx/patches-6.6/950-1403-misc-rp1-pio-Back-port-some-6.11-build-fixes.patch using plaintext: 
patching file drivers/misc/rp1-pio.c
patching file include/linux/pio_rp1.h

Applying /home/joseca/openmanet-firmware/target/linux/bcm27xx/patches-6.6/950-1404-Adding-Pimidi-kernel-module.patch using plaintext: 
patching file sound/drivers/Kconfig
patching file sound/drivers/Makefile
patching file sound/drivers/pimidi.c

Applying /home/joseca/openmanet-firmware/target/linux/bcm27xx/patches-6.6/950-1406-Adding-pimidi-overlay.dts.patch using plaintext: 
patching file arch/arm/boot/dts/overlays/Makefile
patching file arch/arm/boot/dts/overlays/README
patching file arch/arm/boot/dts/overlays/pimidi-overlay.dts

Applying /home/joseca/openmanet-firmware/target/linux/bcm27xx/patches-6.6/950-1411-staging-vchiq_arm-Add-36-bit-address-support.patch using plaintext: 
patching file drivers/staging/vc04_services/interface/vchiq_arm/vchiq_arm.c

Applying /home/joseca/openmanet-firmware/target/linux/bcm27xx/patches-6.6/950-1412-staging-vchiq_arm-children-inherit-DMA-config.patch using plaintext: 
patching file drivers/staging/vc04_services/interface/vchiq_arm/vchiq_arm.c

Applying /home/joseca/openmanet-firmware/target/linux/bcm27xx/patches-6.6/950-1413-staging-vchiq_arm-Usa-a-DMA-pool-for-small-bulks.patch using plaintext: 
patching file drivers/staging/vc04_services/interface/vchiq_arm/vchiq_arm.c

Applying /home/joseca/openmanet-firmware/target/linux/bcm27xx/patches-6.6/950-1414-staging-vchiq_arm-Add-log_level-module-params.patch using plaintext: 
patching file drivers/staging/vc04_services/interface/vchiq_arm/vchiq_arm.c

Applying /home/joseca/openmanet-firmware/target/linux/bcm27xx/patches-6.6/950-1415-media-i2c-imx477-Fix-link-frequency-menu.patch using plaintext: 
patching file drivers/media/i2c/imx477.c

Applying /home/joseca/openmanet-firmware/target/linux/bcm27xx/patches-6.6/950-1416-misc-rp1-pio-Fix-copy-paste-error-in-pio_rp1.h.patch using plaintext: 
patching file include/linux/pio_rp1.h

Applying /home/joseca/openmanet-firmware/target/linux/bcm27xx/patches-6.6/950-1417-misc-rp1-pio-Fix-parameter-checks-wihout-client.patch using plaintext: 
patching file include/linux/pio_rp1.h

Applying /home/joseca/openmanet-firmware/target/linux/bcm27xx/patches-6.6/950-1418-drm-vc4-dsi-Handle-the-different-command-FIFO-widths.patch using plaintext: 
patching file drivers/gpu/drm/vc4/vc4_dsi.c

Applying /home/joseca/openmanet-firmware/target/linux/bcm27xx/patches-6.6/950-1419-dts-bcm2712-rpi-For-CM5IO-i2c_csi_dsi-needs-to-be-CA.patch using plaintext: 
patching file arch/arm64/boot/dts/broadcom/bcm2712-rpi-cm5io.dtsi

Applying /home/joseca/openmanet-firmware/target/linux/bcm27xx/patches-6.6/950-1420-dts-bcm2712-rpi-cm5-Remove-inaccessible-USB_OC_N.patch using plaintext: 
patching file arch/arm64/boot/dts/broadcom/bcm2712-rpi-cm5.dtsi

Applying /home/joseca/openmanet-firmware/target/linux/bcm27xx/patches-6.6/950-1421-overlays-qca7000-replace-URL-with-textual-hint.patch using plaintext: 
patching file arch/arm/boot/dts/overlays/qca7000-overlay.dts
patching file arch/arm/boot/dts/overlays/qca7000-uart0-overlay.dts

Applying /home/joseca/openmanet-firmware/target/linux/bcm27xx/patches-6.6/950-1422-dt-bindings-net-cdns-macb-Add-compatible-for-Raspber.patch using plaintext: 
patching file Documentation/devicetree/bindings/net/cdns,macb.yaml

Applying /home/joseca/openmanet-firmware/target/linux/bcm27xx/patches-6.6/950-1423-net-macb-Add-support-for-Raspberry-Pi-RP1-ethernet-c.patch using plaintext: 
patching file drivers/net/ethernet/cadence/macb_main.c

Applying /home/joseca/openmanet-firmware/target/linux/bcm27xx/patches-6.6/950-1424-rp1-clk-Only-set-PLL_SEC_RST-in-rp1_pll_divider_off.patch using plaintext: 
patching file drivers/clk/clk-rp1.c

Applying /home/joseca/openmanet-firmware/target/linux/bcm27xx/patches-6.6/950-1425-rp1-clk-Rationalise-the-use-of-the-CLK_IS_CRITICAL-f.patch using plaintext: 
patching file drivers/clk/clk-rp1.c

Applying /home/joseca/openmanet-firmware/target/linux/bcm27xx/patches-6.6/950-1426-dt-arm64-Fixup-RP1-ethernet-DT-configuration.patch using plaintext: 
patching file arch/arm64/boot/dts/broadcom/rp1.dtsi

Applying /home/joseca/openmanet-firmware/target/linux/bcm27xx/patches-6.6/950-1427-clk-rp1-Add-RP1_CLK_DMA.patch using plaintext: 
patching file drivers/clk/clk-rp1.c

Applying /home/joseca/openmanet-firmware/target/linux/bcm27xx/patches-6.6/950-1428-rp1-clk-Remove-CLK_IGNORE_UNUSED-flags.patch using plaintext: 
patching file drivers/clk/clk-rp1.c

Applying /home/joseca/openmanet-firmware/target/linux/bcm27xx/patches-6.6/950-1429-dt-rp1-Use-clk_sys-for-ethernet-hclk-and-pclk.patch using plaintext: 
patching file arch/arm64/boot/dts/broadcom/rp1.dtsi

Applying /home/joseca/openmanet-firmware/target/linux/bcm27xx/patches-6.6/950-1430-dt-rp1-Link-RP1-DMA-to-the-associated-clock.patch using plaintext: 
patching file arch/arm64/boot/dts/broadcom/rp1.dtsi

Applying /home/joseca/openmanet-firmware/target/linux/bcm27xx/patches-6.6/950-1431-raspberrypi-firmware-Add-the-RPI-firmware-UART-APIs.patch using plaintext: 
patching file include/soc/bcm2835/raspberrypi-firmware.h

Applying /home/joseca/openmanet-firmware/target/linux/bcm27xx/patches-6.6/950-1432-serial-core-Add-the-Raspberry-Pi-firmware-UART-id.patch using plaintext: 
patching file include/uapi/linux/serial_core.h

Applying /home/joseca/openmanet-firmware/target/linux/bcm27xx/patches-6.6/950-1433-serial-tty-Add-a-driver-for-the-RPi-firmware-UART.patch using plaintext: 
patching file drivers/tty/serial/Kconfig
patching file drivers/tty/serial/Makefile
patching file drivers/tty/serial/rpi-fw-uart.c

Applying /home/joseca/openmanet-firmware/target/linux/bcm27xx/patches-6.6/950-1435-dtoverlay-Add-an-overlay-for-the-Raspberry-Pi-firmwa.patch using plaintext: 
patching file arch/arm/boot/dts/overlays/Makefile
patching file arch/arm/boot/dts/overlays/README
patching file arch/arm/boot/dts/overlays/rpi-fw-uart-overlay.dts

Applying /home/joseca/openmanet-firmware/target/linux/bcm27xx/patches-6.6/950-1436-ARM-dts-Remove-duplicate-tags.patch using plaintext: 
patching file arch/arm/boot/dts/broadcom/bcm2711-rpi-400.dts
patching file arch/arm/boot/dts/overlays/i2c-sensor-common.dtsi
patching file arch/arm/boot/dts/overlays/imx290_327-overlay.dtsi
patching file arch/arm/boot/dts/overlays/pisound-pi5-overlay.dts
patching file arch/arm/boot/dts/overlays/vc4-fkms-v3d-overlay.dts
patching file arch/arm/boot/dts/overlays/vc4-fkms-v3d-pi4-overlay.dts
patching file arch/arm/boot/dts/overlays/vc4-kms-v3d-overlay.dts
patching file arch/arm/boot/dts/overlays/vc4-kms-v3d-pi4-overlay.dts
patching file arch/arm/boot/dts/overlays/w1-gpio-pi5-overlay.dts
patching file arch/arm/boot/dts/overlays/w1-gpio-pullup-pi5-overlay.dts
patching file arch/arm64/boot/dts/broadcom/bcm2712-rpi-cm5l.dtsi

Applying /home/joseca/openmanet-firmware/target/linux/bcm27xx/patches-6.6/950-1437-Allow-setting-I-C-clock-frequency-via-i2c_arm_baudra.patch using plaintext: 
patching file arch/arm/boot/dts/overlays/pimidi-overlay.dts

Applying /home/joseca/openmanet-firmware/target/linux/bcm27xx/patches-6.6/950-1438-nvme-pci-Disable-Host-Memory-Buffer-usage.patch using plaintext: 
patching file drivers/nvme/host/pci.c

Applying /home/joseca/openmanet-firmware/target/linux/bcm27xx/patches-6.6/950-1439-fixup-serial-tty-Add-a-driver-for-the-RPi-firmware-U.patch using plaintext: 
patching file drivers/tty/serial/Kconfig

Applying /home/joseca/openmanet-firmware/target/linux/bcm27xx/patches-6.6/950-1440-serial-rpi-fw-uart-Demote-debug-log-messages.patch using plaintext: 
patching file drivers/tty/serial/rpi-fw-uart.c

Applying /home/joseca/openmanet-firmware/target/linux/bcm27xx/patches-6.6/950-1441-dtoverlays-Add-Arducam-override-for-ov9281.patch using plaintext: 
patching file arch/arm/boot/dts/overlays/README
patching file arch/arm/boot/dts/overlays/ov9281-overlay.dts

Applying /home/joseca/openmanet-firmware/target/linux/bcm27xx/patches-6.6/950-1442-drivers-input-touchscreen-Add-support-for-no-irq-to-.patch using plaintext: 
patching file drivers/input/touchscreen/ili210x.c

Applying /home/joseca/openmanet-firmware/target/linux/bcm27xx/patches-6.6/950-1443-drivers-gpu-drm-panel-Added-waveshare-13.3inch-panel.patch using plaintext: 
patching file drivers/gpu/drm/panel/panel-waveshare-dsi.c

Applying /home/joseca/openmanet-firmware/target/linux/bcm27xx/patches-6.6/950-1444-arch-arm-boot-dts-overlays-Added-waveshare-13.3inch-.patch using plaintext: 
patching file arch/arm/boot/dts/overlays/README
patching file arch/arm/boot/dts/overlays/vc4-kms-dsi-waveshare-panel-overlay.dts

Applying /home/joseca/openmanet-firmware/target/linux/bcm27xx/patches-6.6/950-1445-fixup-cgroup-Use-kernel-command-line-to-disable-memo.patch using plaintext: 
patching file kernel/cgroup/cgroup.c

Applying /home/joseca/openmanet-firmware/target/linux/bcm27xx/patches-6.6/950-1451-Revert-drm-vc4-hvs-Don-t-write-gamma-luts-on-2711.patch using plaintext: 
patching file drivers/gpu/drm/vc4/vc4_hvs.c

Applying /home/joseca/openmanet-firmware/target/linux/bcm27xx/patches-6.6/950-1452-Revert-PCI-Warn-if-no-host-bridge-NUMA-node-info.patch using plaintext: 
patching file drivers/pci/probe.c

Applying /home/joseca/openmanet-firmware/target/linux/bcm27xx/patches-6.6/950-1454-drm-bridge-panel-Connector-to-allow-interlaced-modes.patch using plaintext: 
patching file drivers/gpu/drm/bridge/panel.c

Applying /home/joseca/openmanet-firmware/target/linux/bcm27xx/patches-6.6/950-1455-dts-overlays-vc4-kms-dpi-generic-overlay-Add-interla.patch using plaintext: 
patching file arch/arm/boot/dts/overlays/README
patching file arch/arm/boot/dts/overlays/vc4-kms-dpi-generic-overlay.dts

Applying /home/joseca/openmanet-firmware/target/linux/bcm27xx/patches-6.6/950-1456-drm-rp1-rp1-dpi-Add-interlaced-modes-and-PIO-program.patch using plaintext: 
patching file drivers/gpu/drm/rp1/rp1-dpi/Makefile
patching file drivers/gpu/drm/rp1/rp1-dpi/rp1_dpi.c
patching file drivers/gpu/drm/rp1/rp1-dpi/rp1_dpi.h
patching file drivers/gpu/drm/rp1/rp1-dpi/rp1_dpi_hw.c
patching file drivers/gpu/drm/rp1/rp1-dpi/rp1_dpi_pio.c

Applying /home/joseca/openmanet-firmware/target/linux/bcm27xx/patches-6.6/950-1459-ASoC-allo-piano-dac-plus-Fix-volume-limit-locking.patch using plaintext: 
patching file sound/soc/bcm/allo-piano-dac-plus.c

Applying /home/joseca/openmanet-firmware/target/linux/bcm27xx/patches-6.6/950-1460-drm-vc4-txp-Do-not-allow-24bpp-formats-when-transpos.patch using plaintext: 
patching file drivers/gpu/drm/vc4/vc4_txp.c

Applying /home/joseca/openmanet-firmware/target/linux/bcm27xx/patches-6.6/950-1461-drm-Validate-connector-rotation-has-one-bit-set-in-t.patch using plaintext: 
patching file drivers/gpu/drm/drm_atomic_uapi.c

Applying /home/joseca/openmanet-firmware/target/linux/bcm27xx/patches-6.6/950-1462-ASoC-allo-piano-dac-plus-Suppress-517-errors.patch using plaintext: 
patching file sound/soc/bcm/allo-piano-dac-plus.c

Applying /home/joseca/openmanet-firmware/target/linux/bcm27xx/patches-6.6/950-1463-drm-rp1-rp1-dpi-Fix-optional-dependency-on-RP1_PIO.patch using plaintext: 
patching file drivers/gpu/drm/rp1/rp1-dpi/Kconfig
patching file drivers/gpu/drm/rp1/rp1-dpi/rp1_dpi.c
patching file drivers/gpu/drm/rp1/rp1-dpi/rp1_dpi_pio.c

Applying /home/joseca/openmanet-firmware/target/linux/bcm27xx/patches-6.6/950-1464-serial-sc16is7xx-announce-support-for-SER_RS485_RTS_.patch using plaintext: 
patching file drivers/tty/serial/sc16is7xx.c

Applying /home/joseca/openmanet-firmware/target/linux/bcm27xx/patches-6.6/950-1467-dtoverlays-Add-override-for-target-path-on-I2C-overl.patch using plaintext: 
patching file arch/arm/boot/dts/overlays/README
patching file arch/arm/boot/dts/overlays/ads1115-overlay.dts
patching file arch/arm/boot/dts/overlays/edt-ft5406-overlay.dts
patching file arch/arm/boot/dts/overlays/goodix-overlay.dts
patching file arch/arm/boot/dts/overlays/hd44780-i2c-lcd-overlay.dts
patching file arch/arm/boot/dts/overlays/i2c-fan-overlay.dts
patching file arch/arm/boot/dts/overlays/i2c-mux-overlay.dts
patching file arch/arm/boot/dts/overlays/i2c-pwm-pca9685a-overlay.dts
patching file arch/arm/boot/dts/overlays/i2c-rtc-overlay.dts
patching file arch/arm/boot/dts/overlays/i2c-sensor-overlay.dts
patching file arch/arm/boot/dts/overlays/ilitek251x-overlay.dts
patching file arch/arm/boot/dts/overlays/mcp23017-overlay.dts
patching file arch/arm/boot/dts/overlays/pca953x-overlay.dts
patching file arch/arm/boot/dts/overlays/pcf857x-overlay.dts
patching file arch/arm/boot/dts/overlays/sc16is750-i2c-overlay.dts
patching file arch/arm/boot/dts/overlays/sc16is752-i2c-overlay.dts

Applying /home/joseca/openmanet-firmware/target/linux/bcm27xx/patches-6.6/950-1468-misc-rp1-pio-Support-larger-data-transfers.patch using plaintext: 
patching file drivers/misc/rp1-pio.c
patching file include/uapi/misc/rp1_pio_if.h

Applying /home/joseca/openmanet-firmware/target/linux/bcm27xx/patches-6.6/950-1469-dtoverlays-Use-continuous-clock-mode-for-ov9281.patch using plaintext: 
patching file arch/arm/boot/dts/overlays/ov9281-overlay.dts
patching file arch/arm/boot/dts/overlays/ov9281.dtsi

Applying /home/joseca/openmanet-firmware/target/linux/bcm27xx/patches-6.6/950-1470-overlays-goodix-Allow-override-i2c-address.patch using plaintext: 
patching file arch/arm/boot/dts/overlays/README
patching file arch/arm/boot/dts/overlays/goodix-overlay.dts

Applying /home/joseca/openmanet-firmware/target/linux/bcm27xx/patches-6.6/950-1471-fixup-misc-Add-RP1-PIO-driver.patch using plaintext: 
patching file drivers/misc/Kconfig

Applying /home/joseca/openmanet-firmware/target/linux/bcm27xx/patches-6.6/950-1473-misc-rp1-pio-More-logical-probe-sequence.patch using plaintext: 
patching file drivers/misc/rp1-pio.c

Applying /home/joseca/openmanet-firmware/target/linux/bcm27xx/patches-6.6/950-1474-misc-rp1-pio-Convert-floats-to-24.8-fixed-point.patch using plaintext: 
patching file include/linux/pio_rp1.h

Applying /home/joseca/openmanet-firmware/target/linux/bcm27xx/patches-6.6/950-1475-misc-rp1-pio-Minor-cosmetic-tweaks.patch using plaintext: 
patching file drivers/misc/rp1-pio.c

Applying /home/joseca/openmanet-firmware/target/linux/bcm27xx/patches-6.6/950-1476-misc-rp1-pio-Add-in-kernel-DMA-support.patch using plaintext: 
patching file drivers/misc/rp1-pio.c
patching file include/linux/pio_rp1.h

Applying /home/joseca/openmanet-firmware/target/linux/bcm27xx/patches-6.6/950-1477-misc-Add-ws2812-pio-rp1-driver.patch using plaintext: 
patching file drivers/misc/Kconfig
patching file drivers/misc/Makefile
patching file drivers/misc/ws2812-pio-rp1.c

Applying /home/joseca/openmanet-firmware/target/linux/bcm27xx/patches-6.6/950-1478-overlays-Add-ws2812-pio-overlay.patch using plaintext: 
patching file arch/arm/boot/dts/overlays/Makefile
patching file arch/arm/boot/dts/overlays/README
patching file arch/arm/boot/dts/overlays/ws2812-pio-overlay.dts

Applying /home/joseca/openmanet-firmware/target/linux/bcm27xx/patches-6.6/950-1480-overlays-Add-and-document-i2c_csi_dsi0-parameters.patch using plaintext: 
patching file arch/arm/boot/dts/overlays/README
patching file arch/arm/boot/dts/overlays/ads1115-overlay.dts
patching file arch/arm/boot/dts/overlays/i2c-fan-overlay.dts
patching file arch/arm/boot/dts/overlays/i2c-mux-overlay.dts
patching file arch/arm/boot/dts/overlays/i2c-pwm-pca9685a-overlay.dts
patching file arch/arm/boot/dts/overlays/i2c-rtc-overlay.dts
patching file arch/arm/boot/dts/overlays/i2c-sensor-overlay.dts
patching file arch/arm/boot/dts/overlays/mcp23017-overlay.dts
patching file arch/arm/boot/dts/overlays/pca953x-overlay.dts
patching file arch/arm/boot/dts/overlays/pcf857x-overlay.dts
patching file arch/arm/boot/dts/overlays/sc16is750-i2c-overlay.dts
patching file arch/arm/boot/dts/overlays/sc16is752-i2c-overlay.dts

Applying /home/joseca/openmanet-firmware/target/linux/bcm27xx/patches-6.6/950-1481-dts-Add-noanthogs-parameter-to-CM4-and-CM5.patch using plaintext: 
patching file arch/arm/boot/dts/broadcom/bcm2711-rpi-cm4.dts
patching file arch/arm/boot/dts/overlays/README
patching file arch/arm64/boot/dts/broadcom/bcm2712-rpi-cm5.dtsi

Applying /home/joseca/openmanet-firmware/target/linux/bcm27xx/patches-6.6/950-1484-Add-and-update-files-for-pwm-gpio-fan-overlay.patch using plaintext: 
patching file arch/arm/boot/dts/overlays/Makefile
patching file arch/arm/boot/dts/overlays/README
patching file arch/arm/boot/dts/overlays/pwm-gpio-fan-overlay.dts

Applying /home/joseca/openmanet-firmware/target/linux/bcm27xx/patches-6.6/950-1486-media-i2c-imx290-Limit-analogue-gain-according-to-mo.patch using plaintext: 
patching file drivers/media/i2c/imx290.c

Applying /home/joseca/openmanet-firmware/target/linux/bcm27xx/patches-6.6/950-1488-media-dt-bindings-sony-imx290-Add-IMX462-to-the-IMX2.patch using plaintext: 
patching file Documentation/devicetree/bindings/media/i2c/sony,imx290.yaml

Applying /home/joseca/openmanet-firmware/target/linux/bcm27xx/patches-6.6/950-1489-media-i2c-imx290-Add-configuration-for-IMX462.patch using plaintext: 
patching file drivers/media/i2c/imx290.c

Applying /home/joseca/openmanet-firmware/target/linux/bcm27xx/patches-6.6/950-1490-media-imx290-Add-module-parameter-to-allow-selection.patch using plaintext: 
patching file drivers/media/i2c/imx290.c

Applying /home/joseca/openmanet-firmware/target/linux/bcm27xx/patches-6.6/950-1491-dtoverlays-Switch-imx462-overlay-to-use-the-new-comp.patch using plaintext: 
patching file arch/arm/boot/dts/overlays/imx462-overlay.dts

Applying /home/joseca/openmanet-firmware/target/linux/bcm27xx/patches-6.6/950-1492-media-i2c-imx415-Add-more-clock-configurations.patch using plaintext: 
patching file drivers/media/i2c/imx415.c

Applying /home/joseca/openmanet-firmware/target/linux/bcm27xx/patches-6.6/950-1494-dtoverlays-Add-overlay-for-Sony-IMX415-image-sensor.patch using plaintext: 
patching file arch/arm/boot/dts/overlays/Makefile
patching file arch/arm/boot/dts/overlays/README
patching file arch/arm/boot/dts/overlays/imx415-overlay.dts
patching file arch/arm/boot/dts/overlays/imx415.dtsi

Applying /home/joseca/openmanet-firmware/target/linux/bcm27xx/patches-6.6/950-1495-media-i2c-imx415-Add-read-write-control-of-VBLANK.patch using plaintext: 
patching file drivers/media/i2c/imx415.c

Applying /home/joseca/openmanet-firmware/target/linux/bcm27xx/patches-6.6/950-1496-media-i2c-imx415-Make-HBLANK-controllable-and-in-con.patch using plaintext: 
patching file drivers/media/i2c/imx415.c

Applying /home/joseca/openmanet-firmware/target/linux/bcm27xx/patches-6.6/950-1497-media-i2c-imx415-Link-frequencies-are-not-exclusive-.patch using plaintext: 
patching file drivers/media/i2c/imx415.c

Applying /home/joseca/openmanet-firmware/target/linux/bcm27xx/patches-6.6/950-1499-dts-bcm2712-PL011-UARTs-are-actually-r1p5.patch using plaintext: 
patching file arch/arm64/boot/dts/broadcom/bcm2712.dtsi

Applying /home/joseca/openmanet-firmware/target/linux/bcm27xx/patches-6.6/950-1500-dts-rp1-PL011-UARTs-are-actually-r1p5.patch using plaintext: 
patching file arch/arm64/boot/dts/broadcom/rp1.dtsi

Applying /home/joseca/openmanet-firmware/target/linux/bcm27xx/patches-6.6/950-1501-ASoC-pcm512x-Demote-No-SCLK-to-debug-level.patch using plaintext: 
patching file sound/soc/codecs/pcm512x.c

Applying /home/joseca/openmanet-firmware/target/linux/bcm27xx/patches-6.6/950-1502-ASoC-allo-piano-dac-plus-Fix-volume-limiting.patch using plaintext: 
patching file sound/soc/bcm/allo-piano-dac-plus.c

Applying /home/joseca/openmanet-firmware/target/linux/bcm27xx/patches-6.6/950-1503-ASoC-allo-piano-dac-plus-Remove-pointless-code.patch using plaintext: 
patching file sound/soc/bcm/allo-piano-dac-plus.c

Applying /home/joseca/openmanet-firmware/target/linux/bcm27xx/patches-6.6/950-1505-DT-bcm2712-override-supports-cqe-to-a-cell.patch using plaintext: 
patching file arch/arm/boot/dts/overlays/README
patching file arch/arm64/boot/dts/broadcom/bcm2712-rpi-5-b.dts
patching file arch/arm64/boot/dts/broadcom/bcm2712-rpi-cm5.dtsi
patching file arch/arm64/boot/dts/broadcom/bcm2712.dtsi

Applying /home/joseca/openmanet-firmware/target/linux/bcm27xx/patches-6.6/950-1506-mmc-sd-filter-card-CQ-support-based-on-an-allow-list.patch using plaintext: 
patching file drivers/mmc/core/card.h
patching file drivers/mmc/core/sd.c
patching file include/linux/mmc/card.h

Applying /home/joseca/openmanet-firmware/target/linux/bcm27xx/patches-6.6/950-1507-mmc-set-MMC_QUIRK_KNOWN_WORKING_SD_CQ-on-Raspberry-P.patch using plaintext: 
patching file drivers/mmc/core/card.h
patching file drivers/mmc/core/quirks.h

Applying /home/joseca/openmanet-firmware/target/linux/bcm27xx/patches-6.6/950-1508-mmc-use-downstream-DT-property-to-modify-CQE-and-or-.patch using plaintext: 
patching file drivers/mmc/core/host.c
patching file drivers/mmc/core/sd.c
patching file drivers/mmc/host/sdhci-brcmstb.c
patching file include/linux/mmc/host.h

Applying /home/joseca/openmanet-firmware/target/linux/bcm27xx/patches-6.6/950-1509-misc-rp1-pio-Handle-probe-errors.patch using plaintext: 
patching file drivers/misc/rp1-pio.c

Applying /home/joseca/openmanet-firmware/target/linux/bcm27xx/patches-6.6/950-1510-firmware-rp1-Simplify-rp1_firmware_get.patch using plaintext: 
patching file drivers/firmware/rp1.c

Applying /home/joseca/openmanet-firmware/target/linux/bcm27xx/patches-6.6/950-1512-dts-bcm2711-Don-t-mark-timer-regs-unconfigured.patch using plaintext: 
patching file arch/arm64/boot/dts/broadcom/bcm2712.dtsi

Applying /home/joseca/openmanet-firmware/target/linux/bcm27xx/patches-6.6/950-1513-mmc-bcm2835-sdhost-Observe-SWIOTLB-memory-limit.patch using plaintext: 
patching file drivers/mmc/host/bcm2835-sdhost.c

Applying /home/joseca/openmanet-firmware/target/linux/bcm27xx/patches-6.6/950-1514-drivers-media-pisp_be-Add-support-for-YUV422-planar-.patch using plaintext: 
patching file drivers/media/platform/raspberrypi/pisp_be/pisp_be_formats.h

Applying /home/joseca/openmanet-firmware/target/linux/bcm27xx/patches-6.6/950-1515-drivers-media-pisp_be-Remove-unused-fields-in-struct.patch using plaintext: 
patching file include/uapi/linux/media/raspberrypi/pisp_be_config.h

Applying /home/joseca/openmanet-firmware/target/linux/bcm27xx/patches-6.6/950-1516-media-imx219-Adjust-PLL-settings-based-on-the-number.patch using plaintext: 
patching file drivers/media/i2c/imx219.c

Applying /home/joseca/openmanet-firmware/target/linux/bcm27xx/patches-6.6/950-1517-IMX219-Add-4-lane-option-to-the-device-tree-overlay.patch using plaintext: 
patching file arch/arm/boot/dts/overlays/README
patching file arch/arm/boot/dts/overlays/imx219-overlay.dts

Applying /home/joseca/openmanet-firmware/target/linux/bcm27xx/patches-6.6/950-1518-dtoverlays-waveshare-panel-Disable-new-touch-control.patch using plaintext: 
patching file arch/arm/boot/dts/overlays/vc4-kms-dsi-waveshare-panel-overlay.dts

Applying /home/joseca/openmanet-firmware/target/linux/bcm27xx/patches-6.6/950-1519-drm-rp1-rp1-dpi-Add-rgb_order-property-to-match-VC4-.patch using plaintext: 
patching file drivers/gpu/drm/rp1/rp1-dpi/rp1_dpi.c
patching file drivers/gpu/drm/rp1/rp1-dpi/rp1_dpi.h
patching file drivers/gpu/drm/rp1/rp1-dpi/rp1_dpi_hw.c

Applying /home/joseca/openmanet-firmware/target/linux/bcm27xx/patches-6.6/950-1522-add-ina238-to-i2c-sensors.patch using plaintext: 
patching file arch/arm/boot/dts/overlays/README
patching file arch/arm/boot/dts/overlays/i2c-sensor-common.dtsi

Applying /home/joseca/openmanet-firmware/target/linux/bcm27xx/patches-6.6/950-1524-add-shtc3-to-i2c-sensors.patch using plaintext: 
patching file arch/arm/boot/dts/overlays/README
patching file arch/arm/boot/dts/overlays/i2c-sensor-common.dtsi

Applying /home/joseca/openmanet-firmware/target/linux/bcm27xx/patches-6.6/950-1525-drivers-media-pci-Update-Hailo-accelerator-device-dr.patch using plaintext: 
patching file drivers/media/pci/hailo/common/fw_validation.c
patching file drivers/media/pci/hailo/common/fw_validation.h
patching file drivers/media/pci/hailo/common/hailo_ioctl_common.h
patching file drivers/media/pci/hailo/common/pcie_common.c
patching file drivers/media/pci/hailo/common/pcie_common.h
patching file drivers/media/pci/hailo/common/vdma_common.c
patching file drivers/media/pci/hailo/common/vdma_common.h
patching file drivers/media/pci/hailo/src/fops.c
patching file drivers/media/pci/hailo/src/nnc.c
patching file drivers/media/pci/hailo/src/pcie.c
patching file drivers/media/pci/hailo/src/pcie.h
patching file drivers/media/pci/hailo/src/soc.c
patching file drivers/media/pci/hailo/utils/compact.h
patching file drivers/media/pci/hailo/vdma/memory.c
patching file drivers/media/pci/hailo/vdma/memory.h

Applying /home/joseca/openmanet-firmware/target/linux/bcm27xx/patches-6.6/950-1526-overlays-Regularisation-and-improvements.patch using plaintext: 
patching file arch/arm/boot/dts/overlays/ads1115-overlay.dts
patching file arch/arm/boot/dts/overlays/i2c-fan-overlay.dts
patching file arch/arm/boot/dts/overlays/i2c-rtc-overlay.dts
patching file arch/arm/boot/dts/overlays/i2c-sensor-overlay.dts
patching file arch/arm/boot/dts/overlays/mcp23017-overlay.dts
patching file arch/arm/boot/dts/overlays/pca953x-overlay.dts
patching file arch/arm/boot/dts/overlays/pcf857x-overlay.dts
patching file arch/arm/boot/dts/overlays/sc16is750-i2c-overlay.dts
patching file arch/arm/boot/dts/overlays/sc16is752-i2c-overlay.dts

Applying /home/joseca/openmanet-firmware/target/linux/bcm27xx/patches-6.6/950-1527-overlays-Factor-out-the-common-i2c-bus-selection.patch using plaintext: 
patching file arch/arm/boot/dts/overlays/README
patching file arch/arm/boot/dts/overlays/ads1115-overlay.dts
patching file arch/arm/boot/dts/overlays/edt-ft5406-overlay.dts
patching file arch/arm/boot/dts/overlays/edt-ft5406.dtsi
patching file arch/arm/boot/dts/overlays/i2c-buses.dtsi
patching file arch/arm/boot/dts/overlays/i2c-fan-overlay.dts
patching file arch/arm/boot/dts/overlays/i2c-mux-overlay.dts
patching file arch/arm/boot/dts/overlays/i2c-pwm-pca9685a-overlay.dts
patching file arch/arm/boot/dts/overlays/i2c-rtc-overlay.dts
patching file arch/arm/boot/dts/overlays/i2c-sensor-overlay.dts
patching file arch/arm/boot/dts/overlays/mcp23017-overlay.dts
patching file arch/arm/boot/dts/overlays/pca953x-overlay.dts
patching file arch/arm/boot/dts/overlays/pcf857x-overlay.dts
patching file arch/arm/boot/dts/overlays/sc16is750-i2c-overlay.dts
patching file arch/arm/boot/dts/overlays/sc16is752-i2c-overlay.dts
patching file arch/arm/boot/dts/overlays/seeed-can-fd-hat-v2-overlay.dts
patching file arch/arm/boot/dts/overlays/vc4-kms-dsi-7inch-overlay.dts
patching file arch/arm/boot/dts/overlays/vc4-kms-dsi-waveshare-800x480-overlay.dts

Applying /home/joseca/openmanet-firmware/target/linux/bcm27xx/patches-6.6/950-1529-misc-rp1-pio-SM_CONFIG_XFER32-larger-DMA-bufs.patch using plaintext: 
patching file drivers/misc/rp1-pio.c
patching file include/uapi/misc/rp1_pio_if.h

Applying /home/joseca/openmanet-firmware/target/linux/bcm27xx/patches-6.6/950-1530-spi-dw-Wait-for-idle-after-TX.patch using plaintext: 
patching file drivers/spi/spi-dw-dma.c

Applying /home/joseca/openmanet-firmware/target/linux/bcm27xx/patches-6.6/950-1531-misc-rp1-pio-Error-out-on-incompatible-firmware.patch using plaintext: 
patching file drivers/misc/rp1-pio.c

Applying /home/joseca/openmanet-firmware/target/linux/bcm27xx/patches-6.6/950-1532-firmware-rp1-Linger-on-firmware-failure.patch using plaintext: 
patching file drivers/firmware/rp1.c

Applying /home/joseca/openmanet-firmware/target/linux/bcm27xx/patches-6.6/950-1533-mailbox-rp1-Don-t-claim-channels-in-of_xlate.patch using plaintext: 
patching file drivers/mailbox/rp1-mailbox.c

Applying /home/joseca/openmanet-firmware/target/linux/bcm27xx/patches-6.6/950-1534-fixup-spi-dw-Wait-for-idle-after-TX.patch using plaintext: 
patching file drivers/spi/spi-dw-dma.c

Applying /home/joseca/openmanet-firmware/target/linux/bcm27xx/patches-6.6/950-1535-dtoverlays-adds-support-for-Hifiberry-ADC8x-to-the-D.patch using plaintext: 
patching file arch/arm/boot/dts/overlays/README
patching file arch/arm/boot/dts/overlays/hifiberry-dac8x-overlay.dts

Applying /home/joseca/openmanet-firmware/target/linux/bcm27xx/patches-6.6/950-1536-ASoC-adds-ADC8x-support-to-the-Hifiberry-DAC8x.patch using plaintext: 
patching file sound/soc/bcm/rpi-simple-soundcard.c

Applying /home/joseca/openmanet-firmware/target/linux/bcm27xx/patches-6.6/950-1539-Reapply-usb-dwc3-Set-DMA-and-coherent-masks-early.patch using plaintext: 
patching file drivers/phy/broadcom/Kconfig
patching file drivers/phy/broadcom/phy-brcm-usb-init-synopsys.c
patching file drivers/phy/broadcom/phy-brcm-usb-init.h
patching file drivers/phy/broadcom/phy-brcm-usb.c
patching file drivers/usb/dwc3/core.c
patching file drivers/usb/dwc3/core.h
patching file drivers/usb/dwc3/host.c

Applying /home/joseca/openmanet-firmware/target/linux/bcm27xx/patches-6.6/950-1541-overlays-Add-OpenHydroponics-RootMaster-overlay.patch using plaintext: 
patching file arch/arm/boot/dts/overlays/Makefile
patching file arch/arm/boot/dts/overlays/README
patching file arch/arm/boot/dts/overlays/rootmaster-overlay.dts

Applying /home/joseca/openmanet-firmware/target/linux/bcm27xx/patches-6.6/950-1542-media-i2c-arducam-pivariety-Fix-mutex-init-and-NULL-.patch using plaintext: 
patching file drivers/media/i2c/arducam-pivariety.c

Applying /home/joseca/openmanet-firmware/target/linux/bcm27xx/patches-6.6/950-1543-misc-rp1-pio-Demote-fw-probe-error-to-warning.patch using plaintext: 
patching file drivers/misc/rp1-pio.c

Applying /home/joseca/openmanet-firmware/target/linux/bcm27xx/patches-6.6/950-1544-dts-Add-hogs-for-RP1-GPIO-46-48-on-CM5.patch using plaintext: 
patching file arch/arm64/boot/dts/broadcom/bcm2712-rpi-cm5.dtsi

Applying /home/joseca/openmanet-firmware/target/linux/bcm27xx/patches-6.6/950-1545-spi-rp2040-gpio-bridge-fix-gpiod-error-handling.patch using plaintext: 
patching file drivers/spi/spi-rp2040-gpio-bridge.c

Applying /home/joseca/openmanet-firmware/target/linux/bcm27xx/patches-6.6/950-1546-spi-rp2040-gpio-bridge-probe-Cfg-fast_xfer-clk.patch using plaintext: 
patching file drivers/spi/spi-rp2040-gpio-bridge.c

Applying /home/joseca/openmanet-firmware/target/linux/bcm27xx/patches-6.6/950-1547-fix-clang-compilation-error.patch using plaintext: 
patching file drivers/dma-buf/heaps/system_heap.c

Applying /home/joseca/openmanet-firmware/target/linux/bcm27xx/patches-6.6/950-1548-delete-the-comment.patch using plaintext: 
patching file drivers/dma-buf/heaps/system_heap.c

Applying /home/joseca/openmanet-firmware/target/linux/bcm27xx/patches-6.6/950-1549-dtoverlays-ov9281-Add-continuous-clock-option-as-an-.patch using plaintext: 
patching file arch/arm/boot/dts/overlays/README
patching file arch/arm/boot/dts/overlays/ov9281-overlay.dts

Applying /home/joseca/openmanet-firmware/target/linux/bcm27xx/patches-6.6/950-1552-drm-v3d-Set-job-pointer-to-NULL-when-the-job-s-fence.patch using plaintext: 
patching file drivers/gpu/drm/v3d/v3d_sched.c

Applying /home/joseca/openmanet-firmware/target/linux/bcm27xx/patches-6.6/950-1553-drm-v3d-Associate-a-V3D-tech-revision-to-all-support.patch using plaintext: 
patching file drivers/gpu/drm/v3d/v3d_debugfs.c
patching file drivers/gpu/drm/v3d/v3d_drv.c
patching file drivers/gpu/drm/v3d/v3d_drv.h
patching file drivers/gpu/drm/v3d/v3d_gem.c
patching file drivers/gpu/drm/v3d/v3d_irq.c
patching file drivers/gpu/drm/v3d/v3d_sched.c

Applying /home/joseca/openmanet-firmware/target/linux/bcm27xx/patches-6.6/950-1554-dt-bindings-gpu-v3d-Add-SMS-to-the-registers-list.patch using plaintext: 
patching file Documentation/devicetree/bindings/gpu/brcm,bcm-v3d.yaml

Applying /home/joseca/openmanet-firmware/target/linux/bcm27xx/patches-6.6/950-1555-drm-v3d-Use-V3D_SMS-registers-for-power-on-off-and-r.patch using plaintext: 
patching file drivers/gpu/drm/v3d/v3d_drv.c
patching file drivers/gpu/drm/v3d/v3d_drv.h
patching file drivers/gpu/drm/v3d/v3d_gem.c
patching file drivers/gpu/drm/v3d/v3d_regs.h

Applying /home/joseca/openmanet-firmware/target/linux/bcm27xx/patches-6.6/950-1556-dts-bcm2712-Add-V3D_SMS-register.patch using plaintext: 
patching file arch/arm64/boot/dts/broadcom/bcm2712.dtsi

Applying /home/joseca/openmanet-firmware/target/linux/bcm27xx/patches-6.6/950-1557-dts-Remove-the-power-key-debounce-on-Pi-500.patch using plaintext: 
patching file arch/arm64/boot/dts/broadcom/bcm2712-rpi-500.dts

Applying /home/joseca/openmanet-firmware/target/linux/bcm27xx/patches-6.6/950-1558-media-i2c-imx477-Add-further-link-frequency-options.patch using plaintext: 
patching file drivers/media/i2c/imx477.c

Applying /home/joseca/openmanet-firmware/target/linux/bcm27xx/patches-6.6/950-1559-overlays-Fix-some-unusable-fragments.patch using plaintext: 
patching file arch/arm/boot/dts/overlays/rpi-poe-overlay.dts
patching file arch/arm/boot/dts/overlays/rpi-poe-plus-overlay.dts
patching file arch/arm/boot/dts/overlays/sx150x-overlay.dts
patching file arch/arm/boot/dts/overlays/vc4-kms-dpi-panel-overlay.dts

Applying /home/joseca/openmanet-firmware/target/linux/bcm27xx/patches-6.6/950-1560-dts-rp1-Don-t-use-DMA-with-UARTs.patch using plaintext: 
patching file arch/arm64/boot/dts/broadcom/rp1.dtsi

Applying /home/joseca/openmanet-firmware/target/linux/bcm27xx/patches-6.6/960-hwrng-iproc-set-quality-to-1000.patch using plaintext: 
patching file drivers/char/hw_random/iproc-rng200.c

Applying /home/joseca/openmanet-firmware/target/linux/bcm27xx/patches-6.6/991-0001-dt-overlays-morse-add-sdio-overlay-fragment.patch using plaintext: 
patching file arch/arm/boot/dts/overlays/mm_wlan-overlay.dts

Applying /home/joseca/openmanet-firmware/target/linux/bcm27xx/patches-6.6/991-0003-dt-overlays-morse-add-spi-overlay-fragment.patch using plaintext: 
patching file arch/arm/boot/dts/overlays/mm610x-spi-overlay.dts
patching file arch/arm/boot/dts/overlays/mm810x-spi-overlay.dts

Applying /home/joseca/openmanet-firmware/target/linux/bcm27xx/patches-6.6/991-0007-spi-support-control-cs-pin-on-init.patch using plaintext: 
patching file drivers/spi/spi.c
Hunk #1 succeeded at 993 (offset 10 lines).
Hunk #2 succeeded at 3771 (offset 11 lines).
patching file include/linux/spi/spi.h
patch unexpectedly ends in middle of line

Applying /home/joseca/openmanet-firmware/target/linux/bcm27xx/patches-6.6/991-dt-overlays-build-morse-overlays.patch using plaintext: 
patching file arch/arm/boot/dts/overlays/Makefile
Hunk #1 succeeded at 184 (offset 14 lines).

Applying /home/joseca/openmanet-firmware/target/linux/bcm27xx/patches-6.6/992-0001-Smuggle-board_name-model-into-userspace-via-devicetr.patch using plaintext: 
patching file arch/arm/boot/dts/overlays/Makefile
Hunk #1 succeeded at 297 (offset -3 lines).
patching file arch/arm/boot/dts/overlays/sysinfo-overlay.dts
touch /home/joseca/openmanet-firmware/build_dir/target-aarch64_cortex-a76_musl/linux-bcm27xx_bcm2712/linux-6.6.102/.prepared_d40ea829a2280fa038ebe74af7c68ddb
rm -f /home/joseca/openmanet-firmware/build_dir/target-aarch64_cortex-a76_musl/linux-bcm27xx_bcm2712/linux-6.6.102/localversion
/home/joseca/openmanet-firmware/scripts/kconfig.pl  + + /home/joseca/openmanet-firmware/target/linux/generic/config-6.6 /home/joseca/openmanet-firmware/target/linux/bcm27xx/config-6.6 /home/joseca/openmanet-firmware/target/linux/bcm27xx/bcm2712/config-6.6 > /home/joseca/openmanet-firmware/build_dir/target-aarch64_cortex-a76_musl/linux-bcm27xx_bcm2712/linux-6.6.102/.config.target
awk '/^(#[[:space:]]+)?CONFIG_KERNEL/{sub("CONFIG_KERNEL_","CONFIG_");print}' /home/joseca/openmanet-firmware/.config >> /home/joseca/openmanet-firmware/build_dir/target-aarch64_cortex-a76_musl/linux-bcm27xx_bcm2712/linux-6.6.102/.config.target
echo "# CONFIG_KALLSYMS_EXTRA_PASS is not set" >> /home/joseca/openmanet-firmware/build_dir/target-aarch64_cortex-a76_musl/linux-bcm27xx_bcm2712/linux-6.6.102/.config.target
echo "# CONFIG_KALLSYMS_ALL is not set" >> /home/joseca/openmanet-firmware/build_dir/target-aarch64_cortex-a76_musl/linux-bcm27xx_bcm2712/linux-6.6.102/.config.target
echo "CONFIG_KALLSYMS_UNCOMPRESSED=y" >> /home/joseca/openmanet-firmware/build_dir/target-aarch64_cortex-a76_musl/linux-bcm27xx_bcm2712/linux-6.6.102/.config.target
/home/joseca/openmanet-firmware/scripts/package-metadata.pl kconfig /home/joseca/openmanet-firmware/tmp/.packageinfo /home/joseca/openmanet-firmware/.config 6.6 > /home/joseca/openmanet-firmware/build_dir/target-aarch64_cortex-a76_musl/linux-bcm27xx_bcm2712/linux-6.6.102/.config.override
/home/joseca/openmanet-firmware/scripts/kconfig.pl 'm+' '+' /home/joseca/openmanet-firmware/build_dir/target-aarch64_cortex-a76_musl/linux-bcm27xx_bcm2712/linux-6.6.102/.config.target /dev/null /home/joseca/openmanet-firmware/build_dir/target-aarch64_cortex-a76_musl/linux-bcm27xx_bcm2712/linux-6.6.102/.config.override > /home/joseca/openmanet-firmware/build_dir/target-aarch64_cortex-a76_musl/linux-bcm27xx_bcm2712/linux-6.6.102/.config.set
mv /home/joseca/openmanet-firmware/build_dir/target-aarch64_cortex-a76_musl/linux-bcm27xx_bcm2712/linux-6.6.102/.config.set /home/joseca/openmanet-firmware/build_dir/target-aarch64_cortex-a76_musl/linux-bcm27xx_bcm2712/linux-6.6.102/.config.old
grep -v INITRAMFS /home/joseca/openmanet-firmware/build_dir/target-aarch64_cortex-a76_musl/linux-bcm27xx_bcm2712/linux-6.6.102/.config.old > /home/joseca/openmanet-firmware/build_dir/target-aarch64_cortex-a76_musl/linux-bcm27xx_bcm2712/linux-6.6.102/.config.set
echo 'CONFIG_INITRAMFS_SOURCE=""' >> /home/joseca/openmanet-firmware/build_dir/target-aarch64_cortex-a76_musl/linux-bcm27xx_bcm2712/linux-6.6.102/.config.set
echo '# CONFIG_INITRAMFS_FORCE is not set' >> /home/joseca/openmanet-firmware/build_dir/target-aarch64_cortex-a76_musl/linux-bcm27xx_bcm2712/linux-6.6.102/.config.set
echo "# CONFIG_INITRAMFS_PRESERVE_MTIME is not set" >> /home/joseca/openmanet-firmware/build_dir/target-aarch64_cortex-a76_musl/linux-bcm27xx_bcm2712/linux-6.6.102/.config.set
rm -rf /home/joseca/openmanet-firmware/build_dir/target-aarch64_cortex-a76_musl/linux-bcm27xx_bcm2712/modules
cmp -s /home/joseca/openmanet-firmware/build_dir/target-aarch64_cortex-a76_musl/linux-bcm27xx_bcm2712/linux-6.6.102/.config.set /home/joseca/openmanet-firmware/build_dir/target-aarch64_cortex-a76_musl/linux-bcm27xx_bcm2712/linux-6.6.102/.config.prev || { cp /home/joseca/openmanet-firmware/build_dir/target-aarch64_cortex-a76_musl/linux-bcm27xx_bcm2712/linux-6.6.102/.config.set /home/joseca/openmanet-firmware/build_dir/target-aarch64_cortex-a76_musl/linux-bcm27xx_bcm2712/linux-6.6.102/.config; cp /home/joseca/openmanet-firmware/build_dir/target-aarch64_cortex-a76_musl/linux-bcm27xx_bcm2712/linux-6.6.102/.config.set /home/joseca/openmanet-firmware/build_dir/target-aarch64_cortex-a76_musl/linux-bcm27xx_bcm2712/linux-6.6.102/.config.prev; }
export MAKEFLAGS= ; [ -d /home/joseca/openmanet-firmware/build_dir/target-aarch64_cortex-a76_musl/linux-bcm27xx_bcm2712/linux-6.6.102/user_headers ] || make -C /home/joseca/openmanet-firmware/build_dir/target-aarch64_cortex-a76_musl/linux-bcm27xx_bcm2712/linux-6.6.102 KCFLAGS="-fmacro-prefix-map=/home/joseca/openmanet-firmware/build_dir/target-aarch64_cortex-a76_musl=target-aarch64_cortex-a76_musl -fno-caller-saves " HOSTCFLAGS="-O2 -I/home/joseca/openmanet-firmware/staging_dir/host/include  -Wall -Wmissing-prototypes -Wstrict-prototypes" CROSS_COMPILE="aarch64-openwrt-linux-musl-" ARCH="arm64" KBUILD_HAVE_NLS=no KBUILD_BUILD_USER="" KBUILD_BUILD_HOST="" KBUILD_BUILD_TIMESTAMP="Mon Jun 23 20:40:36 2025" KBUILD_BUILD_VERSION="0" KBUILD_HOSTLDFLAGS="-L/home/joseca/openmanet-firmware/staging_dir/host/lib" CONFIG_SHELL="bash" V=''  cmd_syscalls=  CC="aarch64-openwrt-linux-musl-gcc" KERNELRELEASE=6.6.102  INSTALL_HDR_PATH=/home/joseca/openmanet-firmware/build_dir/target-aarch64_cortex-a76_musl/linux-bcm27xx_bcm2712/linux-6.6.102/user_headers headers_install
make[5]: Entering directory '/home/joseca/openmanet-firmware/build_dir/target-aarch64_cortex-a76_musl/linux-bcm27xx_bcm2712/linux-6.6.102'
  HOSTCC  scripts/basic/fixdep
  HOSTCC  scripts/unifdef
  WRAP    arch/arm64/include/generated/uapi/asm/kvm_para.h
  WRAP    arch/arm64/include/generated/uapi/asm/errno.h
  WRAP    arch/arm64/include/generated/uapi/asm/ioctl.h
  WRAP    arch/arm64/include/generated/uapi/asm/ioctls.h
  WRAP    arch/arm64/include/generated/uapi/asm/ipcbuf.h
  WRAP    arch/arm64/include/generated/uapi/asm/msgbuf.h
  WRAP    arch/arm64/include/generated/uapi/asm/poll.h
  WRAP    arch/arm64/include/generated/uapi/asm/resource.h
  WRAP    arch/arm64/include/generated/uapi/asm/sembuf.h
  WRAP    arch/arm64/include/generated/uapi/asm/shmbuf.h
  WRAP    arch/arm64/include/generated/uapi/asm/siginfo.h
  WRAP    arch/arm64/include/generated/uapi/asm/socket.h
  WRAP    arch/arm64/include/generated/uapi/asm/sockios.h
  WRAP    arch/arm64/include/generated/uapi/asm/stat.h
  WRAP    arch/arm64/include/generated/uapi/asm/swab.h
  WRAP    arch/arm64/include/generated/uapi/asm/termbits.h
  WRAP    arch/arm64/include/generated/uapi/asm/termios.h
  WRAP    arch/arm64/include/generated/uapi/asm/types.h
  UPD     include/generated/uapi/linux/version.h
  HDRINST usr/include/asm-generic/posix_types.h
  HDRINST usr/include/asm-generic/bitsperlong.h
  HDRINST usr/include/asm-generic/sembuf.h
  HDRINST usr/include/asm-generic/auxvec.h
  HDRINST usr/include/asm-generic/kvm_para.h
  HDRINST usr/include/asm-generic/types.h
  HDRINST usr/include/asm-generic/mman-common.h
  HDRINST usr/include/asm-generic/ioctls.h
  HDRINST usr/include/asm-generic/stat.h
  HDRINST usr/include/asm-generic/signal.h
  HDRINST usr/include/asm-generic/ipcbuf.h
  HDRINST usr/include/asm-generic/socket.h
  HDRINST usr/include/asm-generic/ucontext.h
  HDRINST usr/include/asm-generic/termios.h
  HDRINST usr/include/asm-generic/poll.h
  HDRINST usr/include/asm-generic/hugetlb_encode.h
  HDRINST usr/include/asm-generic/int-l64.h
  HDRINST usr/include/asm-generic/unistd.h
  HDRINST usr/include/asm-generic/swab.h
  HDRINST usr/include/asm-generic/errno-base.h
  HDRINST usr/include/asm-generic/resource.h
  HDRINST usr/include/asm-generic/fcntl.h
  HDRINST usr/include/asm-generic/param.h
  HDRINST usr/include/asm-generic/ioctl.h
  HDRINST usr/include/asm-generic/sockios.h
  HDRINST usr/include/asm-generic/errno.h
  HDRINST usr/include/asm-generic/int-ll64.h
  HDRINST usr/include/asm-generic/statfs.h
  HDRINST usr/include/asm-generic/bpf_perf_event.h
  HDRINST usr/include/asm-generic/signal-defs.h
  HDRINST usr/include/asm-generic/mman.h
  HDRINST usr/include/asm-generic/siginfo.h
  HDRINST usr/include/asm-generic/termbits.h
  HDRINST usr/include/asm-generic/termbits-common.h
  HDRINST usr/include/asm-generic/msgbuf.h
  HDRINST usr/include/asm-generic/shmbuf.h
  HDRINST usr/include/asm-generic/setup.h
  HDRINST usr/include/drm/vgem_drm.h
  HDRINST usr/include/drm/drm_fourcc.h
  HDRINST usr/include/drm/vmwgfx_drm.h
  HDRINST usr/include/drm/amdgpu_drm.h
  HDRINST usr/include/drm/i915_drm.h
  HDRINST usr/include/drm/tegra_drm.h
  HDRINST usr/include/drm/virtgpu_drm.h
  HDRINST usr/include/drm/etnaviv_drm.h
  HDRINST usr/include/drm/lima_drm.h
  HDRINST usr/include/drm/drm_sarea.h
  HDRINST usr/include/drm/drm.h
  HDRINST usr/include/drm/ivpu_accel.h
  HDRINST usr/include/drm/vc4_drm.h
  HDRINST usr/include/drm/armada_drm.h
  HDRINST usr/include/drm/exynos_drm.h
  HDRINST usr/include/drm/habanalabs_accel.h
  HDRINST usr/include/drm/v3d_drm.h
  HDRINST usr/include/drm/qxl_drm.h
  HDRINST usr/include/drm/nouveau_drm.h
  HDRINST usr/include/drm/qaic_accel.h
  HDRINST usr/include/drm/radeon_drm.h
  HDRINST usr/include/drm/msm_drm.h
  HDRINST usr/include/drm/panfrost_drm.h
  HDRINST usr/include/drm/drm_mode.h
  HDRINST usr/include/drm/omap_drm.h
  HDRINST usr/include/linux/android/binderfs.h
  HDRINST usr/include/linux/android/binder.h
  HDRINST usr/include/linux/userio.h
  HDRINST usr/include/linux/uvcvideo.h
  HDRINST usr/include/linux/if_cablemodem.h
  HDRINST usr/include/linux/if_alg.h
  HDRINST usr/include/linux/virtio_mem.h
  HDRINST usr/include/linux/screen_info.h
  HDRINST usr/include/linux/netfilter_bridge.h
  HDRINST usr/include/linux/futex.h
  HDRINST usr/include/linux/qemu_fw_cfg.h
  HDRINST usr/include/linux/shm.h
  HDRINST usr/include/linux/matroxfb.h
  HDRINST usr/include/linux/seccomp.h
  HDRINST usr/include/linux/usbip.h
  HDRINST usr/include/linux/pidfd.h
  HDRINST usr/include/linux/vfio.h
  HDRINST usr/include/linux/bcm2835-isp.h
  HDRINST usr/include/linux/netdevice.h
  HDRINST usr/include/linux/bpqether.h
  HDRINST usr/include/linux/iommu.h
  HDRINST usr/include/linux/virtio_rng.h
  HDRINST usr/include/linux/if_fc.h
  HDRINST usr/include/linux/msg.h
  HDRINST usr/include/linux/posix_types.h
  HDRINST usr/include/linux/elf-fdpic.h
  HDRINST usr/include/linux/virtio_fs.h
  HDRINST usr/include/linux/iommufd.h
  HDRINST usr/include/linux/netconf.h
  HDRINST usr/include/linux/atmapi.h
  HDRINST usr/include/linux/ccs.h
  HDRINST usr/include/linux/misc/bcm_vk.h
  HDRINST usr/include/linux/tc_ematch/tc_em_nbyte.h
  HDRINST usr/include/linux/tc_ematch/tc_em_cmp.h
  HDRINST usr/include/linux/tc_ematch/tc_em_text.h
  HDRINST usr/include/linux/tc_ematch/tc_em_meta.h
  HDRINST usr/include/linux/tc_ematch/tc_em_ipt.h
  HDRINST usr/include/linux/cuda.h
  HDRINST usr/include/linux/coff.h
  HDRINST usr/include/linux/aspeed-video.h
  HDRINST usr/include/linux/nitro_enclaves.h
  HDRINST usr/include/linux/bt-bmc.h
  HDRINST usr/include/linux/virtio_bt.h
  HDRINST usr/include/linux/acrn.h
  HDRINST usr/include/linux/vm_sockets_diag.h
  HDRINST usr/include/linux/pr.h
  HDRINST usr/include/linux/kcmp.h
  HDRINST usr/include/linux/filter.h
  HDRINST usr/include/linux/virtio_crypto.h
  HDRINST usr/include/linux/xfrm.h
  HDRINST usr/include/linux/fitblk.h
  HDRINST usr/include/linux/tiocl.h
  HDRINST usr/include/linux/loop.h
  HDRINST usr/include/linux/mctp.h
  HDRINST usr/include/linux/fuse.h
  HDRINST usr/include/linux/nfsd/cld.h
  HDRINST usr/include/linux/nfsd/stats.h
  HDRINST usr/include/linux/nfsd/debug.h
  HDRINST usr/include/linux/nfsd/export.h
  HDRINST usr/include/linux/mei.h
  HDRINST usr/include/linux/psci.h
  HDRINST usr/include/linux/vfio_ccw.h
  HDRINST usr/include/linux/atm_tcp.h
  HDRINST usr/include/linux/mmc/ioctl.h
  HDRINST usr/include/linux/pci_regs.h
  HDRINST usr/include/linux/soundcard.h
  HDRINST usr/include/linux/auxvec.h
  HDRINST usr/include/linux/netdev.h
  HDRINST usr/include/linux/media.h
  HDRINST usr/include/linux/timerfd.h
  HDRINST usr/include/linux/acct.h
  HDRINST usr/include/linux/surface_aggregator/cdev.h
  HDRINST usr/include/linux/surface_aggregator/dtx.h
  HDRINST usr/include/linux/kvm_para.h
  HDRINST usr/include/linux/hidraw.h
  HDRINST usr/include/linux/scc.h
  HDRINST usr/include/linux/rds.h
  HDRINST usr/include/linux/tipc.h
  HDRINST usr/include/linux/cyclades.h
  HDRINST usr/include/linux/cgroupstats.h
  HDRINST usr/include/linux/utsname.h
  HDRINST usr/include/linux/virtio_config.h
  HDRINST usr/include/linux/vmcore.h
  HDRINST usr/include/linux/cramfs_fs.h
  HDRINST usr/include/linux/btf.h
  HDRINST usr/include/linux/mount.h
  HDRINST usr/include/linux/veth.h
  HDRINST usr/include/linux/batman_adv.h
  HDRINST usr/include/linux/netfilter_bridge/ebt_arp.h
  HDRINST usr/include/linux/netfilter_bridge/ebt_mark_t.h
  HDRINST usr/include/linux/netfilter_bridge/ebtables.h
  HDRINST usr/include/linux/netfilter_bridge/ebt_redirect.h
  HDRINST usr/include/linux/netfilter_bridge/ebt_arpreply.h
  HDRINST usr/include/linux/netfilter_bridge/ebt_nat.h
  HDRINST usr/include/linux/netfilter_bridge/ebt_limit.h
  HDRINST usr/include/linux/netfilter_bridge/ebt_stp.h
  HDRINST usr/include/linux/netfilter_bridge/ebt_ip.h
  HDRINST usr/include/linux/netfilter_bridge/ebt_pkttype.h
  HDRINST usr/include/linux/netfilter_bridge/ebt_vlan.h
  HDRINST usr/include/linux/netfilter_bridge/ebt_log.h
  HDRINST usr/include/linux/netfilter_bridge/ebt_among.h
  HDRINST usr/include/linux/netfilter_bridge/ebt_ip6.h
  HDRINST usr/include/linux/netfilter_bridge/ebt_nflog.h
  HDRINST usr/include/linux/netfilter_bridge/ebt_mark_m.h
  HDRINST usr/include/linux/netfilter_bridge/ebt_802_3.h
  HDRINST usr/include/linux/types.h
  HDRINST usr/include/linux/ipmi_bmc.h
  HDRINST usr/include/linux/if_bonding.h
  HDRINST usr/include/linux/fpga-dfl.h
  HDRINST usr/include/linux/nfs_idmap.h
  HDRINST usr/include/linux/fs.h
  HDRINST usr/include/linux/fib_rules.h
  HDRINST usr/include/linux/pfrut.h
  HDRINST usr/include/linux/ublk_cmd.h
  HDRINST usr/include/linux/iio/types.h
  HDRINST usr/include/linux/iio/events.h
  HDRINST usr/include/linux/iio/buffer.h
  HDRINST usr/include/linux/dlm_plock.h
  HDRINST usr/include/linux/virtio_iommu.h
  HDRINST usr/include/linux/netfilter.h
  HDRINST usr/include/linux/netlink.h
  HDRINST usr/include/linux/aspeed-lpc-ctrl.h
  HDRINST usr/include/linux/tipc_config.h
  HDRINST usr/include/linux/affs_hardblocks.h
  HDRINST usr/include/linux/pmu.h
  HDRINST usr/include/linux/bpf.h
  HDRINST usr/include/linux/uinput.h
  HDRINST usr/include/linux/atmclip.h
  HDRINST usr/include/linux/nbd.h
  HDRINST usr/include/linux/if_eql.h
  HDRINST usr/include/linux/personality.h
  HDRINST usr/include/linux/signalfd.h
  HDRINST usr/include/linux/eventfd.h
  HDRINST usr/include/linux/if_link.h
  HDRINST usr/include/linux/media/raspberrypi/pisp_be_config.h
  HDRINST usr/include/linux/media/raspberrypi/pisp_common.h
  HDRINST usr/include/linux/magic.h
  HDRINST usr/include/linux/hiddev.h
  HDRINST usr/include/linux/if_tun.h
  HDRINST usr/include/linux/comedi.h
  HDRINST usr/include/linux/stat.h
  HDRINST usr/include/linux/rseq.h
  HDRINST usr/include/linux/thermal.h
  HDRINST usr/include/linux/stm.h
  HDRINST usr/include/linux/idxd.h
  HDRINST usr/include/linux/kcov.h
  HDRINST usr/include/linux/signal.h
  HDRINST usr/include/linux/netfilter_arp/arpt_mangle.h
  HDRINST usr/include/linux/netfilter_arp/arp_tables.h
  HDRINST usr/include/linux/atm_eni.h
  HDRINST usr/include/linux/coresight-stm.h
  HDRINST usr/include/linux/phantom.h
  HDRINST usr/include/linux/securebits.h
  HDRINST usr/include/linux/iso_fs.h
  HDRINST usr/include/linux/remoteproc_cdev.h
  HDRINST usr/include/linux/ppp-ioctl.h
  HDRINST usr/include/linux/virtio_scmi.h
  HDRINST usr/include/linux/kd.h
  HDRINST usr/include/linux/bpfilter.h
  HDRINST usr/include/linux/can.h
  HDRINST usr/include/linux/handshake.h
  HDRINST usr/include/linux/vbox_vmmdev_types.h
  HDRINST usr/include/linux/rio_cm_cdev.h
  HDRINST usr/include/linux/nfs.h
  HDRINST usr/include/linux/eventpoll.h
  HDRINST usr/include/linux/cn_proc.h
  HDRINST usr/include/linux/watch_queue.h
  HDRINST usr/include/linux/virtio_9p.h
  HDRINST usr/include/linux/media-bus-format.h
  HDRINST usr/include/linux/sysinfo.h
  HDRINST usr/include/linux/ivtv.h
  HDRINST usr/include/linux/socket.h
  HDRINST usr/include/linux/dma-buf.h
  HDRINST usr/include/linux/pkt_sched.h
  HDRINST usr/include/linux/fiemap.h
  HDRINST usr/include/linux/ip_vs.h
  HDRINST usr/include/linux/audit.h
  HDRINST usr/include/linux/capability.h
  HDRINST usr/include/linux/wireless.h
  HDRINST usr/include/linux/usbdevice_fs.h
  HDRINST usr/include/linux/hdreg.h
  HDRINST usr/include/linux/if_fddi.h
  HDRINST usr/include/linux/mtio.h
  HDRINST usr/include/linux/taskstats.h
  HDRINST usr/include/linux/sock_diag.h
  HDRINST usr/include/linux/termios.h
  HDRINST usr/include/linux/dns_resolver.h
  HDRINST usr/include/linux/reboot.h
  HDRINST usr/include/linux/poll.h
  HDRINST usr/include/linux/if_hippi.h
  HDRINST usr/include/linux/vsockmon.h
  HDRINST usr/include/linux/mpls_iptunnel.h
  HDRINST usr/include/linux/kexec.h
  HDRINST usr/include/linux/seg6_hmac.h
  HDRINST usr/include/linux/if_arp.h
  HDRINST usr/include/linux/input.h
  HDRINST usr/include/linux/openat2.h
  HDRINST usr/include/linux/pg.h
  HDRINST usr/include/linux/serio.h
  HDRINST usr/include/linux/um_timetravel.h
  HDRINST usr/include/linux/serial.h
  HDRINST usr/include/linux/seg6_local.h
  HDRINST usr/include/linux/sem.h
  HDRINST usr/include/linux/snmp.h
  HDRINST usr/include/linux/rpl_iptunnel.h
  HDRINST usr/include/linux/if_pppol2tp.h
  HDRINST usr/include/linux/kfd_sysfs.h
  HDRINST usr/include/linux/if.h
  HDRINST usr/include/linux/smc.h
  HDRINST usr/include/linux/net_dropmon.h
  HDRINST usr/include/linux/tcp_metrics.h
  HDRINST usr/include/linux/close_range.h
  HDRINST usr/include/linux/keyboard.h
  HDRINST usr/include/linux/tls.h
  HDRINST usr/include/linux/adb.h
  HDRINST usr/include/linux/tipc_sockets_diag.h
  HDRINST usr/include/linux/cciss_defs.h
  HDRINST usr/include/linux/pci.h
  HDRINST usr/include/linux/i8k.h
  HDRINST usr/include/linux/arm_sdei.h
  HDRINST usr/include/linux/icmpv6.h
  HDRINST usr/include/linux/omap3isp.h
  HDRINST usr/include/linux/membarrier.h
  HDRINST usr/include/linux/reiserfs_fs.h
  HDRINST usr/include/linux/udp.h
  HDRINST usr/include/linux/hash_info.h
  HDRINST usr/include/linux/netfilter_ipv4/ip_tables.h
  HDRINST usr/include/linux/netfilter_ipv4/ipt_ecn.h
  HDRINST usr/include/linux/netfilter_ipv4/ipt_REJECT.h
  HDRINST usr/include/linux/netfilter_ipv4/ipt_ECN.h
  HDRINST usr/include/linux/netfilter_ipv4/ipt_TTL.h
  HDRINST usr/include/linux/netfilter_ipv4/ipt_ah.h
  HDRINST usr/include/linux/netfilter_ipv4/ipt_ttl.h
  HDRINST usr/include/linux/netfilter_ipv4/ipt_CLUSTERIP.h
  HDRINST usr/include/linux/netfilter_ipv4/ipt_LOG.h
  HDRINST usr/include/linux/atm_he.h
  HDRINST usr/include/linux/agpgart.h
  HDRINST usr/include/linux/if_addrlabel.h
  HDRINST usr/include/linux/unistd.h
  HDRINST usr/include/linux/v4l2-mediabus.h
  HDRINST usr/include/linux/cryptouser.h
  HDRINST usr/include/linux/cifs/cifs_mount.h
  HDRINST usr/include/linux/cifs/cifs_netlink.h
  HDRINST usr/include/linux/dvb/video.h
  HDRINST usr/include/linux/dvb/dmx.h
  HDRINST usr/include/linux/dvb/net.h
  HDRINST usr/include/linux/dvb/ca.h
  HDRINST usr/include/linux/dvb/version.h
  HDRINST usr/include/linux/dvb/audio.h
  HDRINST usr/include/linux/dvb/osd.h
  HDRINST usr/include/linux/dvb/frontend.h
  HDRINST usr/include/linux/hsr_netlink.h
  HDRINST usr/include/linux/tcp.h
  HDRINST usr/include/linux/utime.h
  HDRINST usr/include/linux/spi/spidev.h
  HDRINST usr/include/linux/spi/spi.h
  HDRINST usr/include/linux/wireguard.h
  HDRINST usr/include/linux/zorro_ids.h
  HDRINST usr/include/linux/in6.h
  HDRINST usr/include/linux/suspend_ioctls.h
  HDRINST usr/include/linux/time_types.h
  HDRINST usr/include/linux/ext4.h
  HDRINST usr/include/linux/blkzoned.h
  HDRINST usr/include/linux/watchdog.h
  HDRINST usr/include/linux/xattr.h
  HDRINST usr/include/linux/nfs3.h
  HDRINST usr/include/linux/qrtr.h
  HDRINST usr/include/linux/uuid.h
  HDRINST usr/include/linux/kvm.h
  HDRINST usr/include/linux/xdp_diag.h
  HDRINST usr/include/linux/smc_diag.h
  HDRINST usr/include/linux/joystick.h
  HDRINST usr/include/linux/binfmts.h
  HDRINST usr/include/linux/netrom.h
  HDRINST usr/include/linux/mempolicy.h
  HDRINST usr/include/linux/stddef.h
  HDRINST usr/include/linux/qnxtypes.h
  HDRINST usr/include/linux/v4l2-dv-timings.h
  HDRINST usr/include/linux/rkisp1-config.h
  HDRINST usr/include/linux/hdlc/ioctl.h
  HDRINST usr/include/linux/nfs2.h
  HDRINST usr/include/linux/mei_uuid.h
  HDRINST usr/include/linux/rio_mport_cdev.h
  HDRINST usr/include/linux/bpf_common.h
  HDRINST usr/include/linux/errqueue.h
  HDRINST usr/include/linux/isdn/capicmd.h
  HDRINST usr/include/linux/ioam6.h
  HDRINST usr/include/linux/if_bridge.h
  HDRINST usr/include/linux/vduse.h
  HDRINST usr/include/linux/inotify.h
  HDRINST usr/include/linux/dw100.h
  HDRINST usr/include/linux/capi.h
  HDRINST usr/include/linux/smiapp.h
  HDRINST usr/include/linux/ipv6.h
  HDRINST usr/include/linux/if_infiniband.h
  HDRINST usr/include/linux/net.h
  HDRINST usr/include/linux/sonet.h
  HDRINST usr/include/linux/chio.h
  HDRINST usr/include/linux/virtio_net.h
  HDRINST usr/include/linux/batadv_packet.h
  HDRINST usr/include/linux/unix_diag.h
  HDRINST usr/include/linux/nl80211-vnd-intel.h
  HDRINST usr/include/linux/bsg.h
  HDRINST usr/include/linux/dcbnl.h
  HDRINST usr/include/linux/devlink.h
  HDRINST usr/include/linux/tty_flags.h
  HDRINST usr/include/linux/loadpin.h
  HDRINST usr/include/linux/genetlink.h
  HDRINST usr/include/linux/tdx-guest.h
  HDRINST usr/include/linux/if_x25.h
  HDRINST usr/include/linux/serial_core.h
  HDRINST usr/include/linux/tipc_netlink.h
  HDRINST usr/include/linux/ila.h
  HDRINST usr/include/linux/nbd-netlink.h
  HDRINST usr/include/linux/swab.h
  HDRINST usr/include/linux/am437x-vpfe.h
  HDRINST usr/include/linux/pfkeyv2.h
  HDRINST usr/include/linux/dlm.h
  HDRINST usr/include/linux/psp-sev.h
  HDRINST usr/include/linux/map_to_7segment.h
  HDRINST usr/include/linux/dm-log-userspace.h
  HDRINST usr/include/linux/virtio_pcidev.h
  HDRINST usr/include/linux/virtio_scsi.h
  HDRINST usr/include/linux/kernel-page-flags.h
  HDRINST usr/include/linux/vt.h
  HDRINST usr/include/linux/cycx_cfm.h
  HDRINST usr/include/linux/selinux_netlink.h
  HDRINST usr/include/linux/msdos_fs.h
  HDRINST usr/include/linux/dccp.h
  HDRINST usr/include/linux/mqueue.h
  HDRINST usr/include/linux/kfd_ioctl.h
  HDRINST usr/include/linux/mroute.h
  HDRINST usr/include/linux/mmtimer.h
  HDRINST usr/include/linux/mroute6.h
  HDRINST usr/include/linux/synclink.h
  HDRINST usr/include/linux/omapfb.h
  HDRINST usr/include/linux/xilinx-v4l2-controls.h
  HDRINST usr/include/linux/seg6_iptunnel.h
  HDRINST usr/include/linux/sched.h
  HDRINST usr/include/linux/rtnetlink.h
  HDRINST usr/include/linux/fdreg.h
  HDRINST usr/include/linux/arcfb.h
  HDRINST usr/include/linux/sev-guest.h
  HDRINST usr/include/linux/parport.h
  HDRINST usr/include/linux/lwtunnel.h
  HDRINST usr/include/linux/dma-heap.h
  HDRINST usr/include/linux/mdio.h
  HDRINST usr/include/linux/time.h
  HDRINST usr/include/linux/rose.h
  HDRINST usr/include/linux/v4l2-subdev.h
  HDRINST usr/include/linux/virtio_pci.h
  HDRINST usr/include/linux/virtio_gpu.h
  HDRINST usr/include/linux/phonet.h
  HDRINST usr/include/linux/landlock.h
  HDRINST usr/include/linux/romfs_fs.h
  HDRINST usr/include/linux/rfkill.h
  HDRINST usr/include/linux/libc-compat.h
  HDRINST usr/include/linux/blkpg.h
  HDRINST usr/include/linux/if_team.h
  HDRINST usr/include/linux/resource.h
  HDRINST usr/include/linux/psample.h
  HDRINST usr/include/linux/if_phonet.h
  HDRINST usr/include/linux/minix_fs.h
  HDRINST usr/include/linux/if_arcnet.h
  HDRINST usr/include/linux/atm.h
  HDRINST usr/include/linux/fscrypt.h
  HDRINST usr/include/linux/module.h
  HDRINST usr/include/linux/ethtool.h
  HDRINST usr/include/linux/perf_event.h
  HDRINST usr/include/linux/serial_reg.h
  HDRINST usr/include/linux/ipmi_ssif_bmc.h
  HDRINST usr/include/linux/nfc.h
  HDRINST usr/include/linux/map_to_14segment.h
  HDRINST usr/include/linux/apm_bios.h
  HDRINST usr/include/linux/fanotify.h
  HDRINST usr/include/linux/userfaultfd.h
  HDRINST usr/include/linux/string.h
  HDRINST usr/include/linux/rpmsg_types.h
  HDRINST usr/include/linux/fcntl.h
  HDRINST usr/include/linux/pkt_cls.h
  HDRINST usr/include/linux/wmi.h
  HDRINST usr/include/linux/sed-opal.h
  HDRINST usr/include/linux/atmmpc.h
  HDRINST usr/include/linux/gsmmux.h
  HDRINST usr/include/linux/baycom.h
  HDRINST usr/include/linux/atm_nicstar.h
  HDRINST usr/include/linux/udmabuf.h
  HDRINST usr/include/linux/ioam6_genl.h
  HDRINST usr/include/linux/timex.h
  HDRINST usr/include/linux/atmsap.h
  HDRINST usr/include/linux/prctl.h
  HDRINST usr/include/linux/atmppp.h
  HDRINST usr/include/linux/hw_breakpoint.h
  HDRINST usr/include/linux/i2c.h
  HDRINST usr/include/linux/ivtvfb.h
  HDRINST usr/include/linux/cdrom.h
  HDRINST usr/include/linux/pktcdvd.h
  HDRINST usr/include/linux/ipmi_msgdefs.h
  HDRINST usr/include/linux/ppdev.h
  HDRINST usr/include/linux/if_plip.h
  HDRINST usr/include/linux/ip6_tunnel.h
  HDRINST usr/include/linux/patchkey.h
  HDRINST usr/include/linux/sysctl.h
  HDRINST usr/include/linux/ioam6_iptunnel.h
  HDRINST usr/include/linux/if_ppp.h
  HDRINST usr/include/linux/param.h
  HDRINST usr/include/linux/posix_acl.h
  HDRINST usr/include/linux/coda.h
  HDRINST usr/include/linux/ioctl.h
  HDRINST usr/include/linux/kcm.h
  HDRINST usr/include/linux/virtio_ids.h
  HDRINST usr/include/linux/tps6594_pfsm.h
  HDRINST usr/include/linux/lirc.h
  HDRINST usr/include/linux/if_addr.h
  HDRINST usr/include/linux/genwqe/genwqe_card.h
  HDRINST usr/include/linux/vtpm_proxy.h
  HDRINST usr/include/linux/edd.h
  HDRINST usr/include/linux/auto_fs4.h
  HDRINST usr/include/linux/gtp.h
  HDRINST usr/include/linux/hsi/hsi_char.h
  HDRINST usr/include/linux/hsi/cs-protocol.h
  HDRINST usr/include/linux/virtio_types.h
  HDRINST usr/include/linux/ncsi.h
  HDRINST usr/include/linux/openvswitch.h
  HDRINST usr/include/linux/kernelcapi.h
  HDRINST usr/include/linux/i2o-dev.h
  HDRINST usr/include/linux/rpmsg.h
  HDRINST usr/include/linux/fsverity.h
  HDRINST usr/include/linux/aspeed-p2a-ctrl.h
  HDRINST usr/include/linux/packet_diag.h
  HDRINST usr/include/linux/atmsvc.h
  HDRINST usr/include/linux/icmp.h
  HDRINST usr/include/linux/psp-dbc.h
  HDRINST usr/include/linux/atm_zatm.h
  HDRINST usr/include/linux/udf_fs_i.h
  HDRINST usr/include/linux/btrfs_tree.h
  HDRINST usr/include/linux/posix_acl_xattr.h
  HDRINST usr/include/linux/nvram.h
  HDRINST usr/include/linux/qnx4_fs.h
  HDRINST usr/include/linux/auto_fs.h
  HDRINST usr/include/linux/f2fs.h
  HDRINST usr/include/linux/sockios.h
  HDRINST usr/include/linux/connector.h
  HDRINST usr/include/linux/counter.h
  HDRINST usr/include/linux/hpet.h
  HDRINST usr/include/linux/videodev2.h
  HDRINST usr/include/linux/ptp_clock.h
  HDRINST usr/include/linux/net_namespace.h
  HDRINST usr/include/linux/ptrace.h
  HDRINST usr/include/linux/nexthop.h
  HDRINST usr/include/linux/mptcp.h
  HDRINST usr/include/linux/in.h
  HDRINST usr/include/linux/netfilter_ipv6/ip6t_rt.h
  HDRINST usr/include/linux/netfilter_ipv6/ip6t_NPT.h
  HDRINST usr/include/linux/netfilter_ipv6/ip6t_hl.h
  HDRINST usr/include/linux/netfilter_ipv6/ip6t_HL.h
  HDRINST usr/include/linux/netfilter_ipv6/ip6t_REJECT.h
  HDRINST usr/include/linux/netfilter_ipv6/ip6_tables.h
  HDRINST usr/include/linux/netfilter_ipv6/ip6t_opts.h
  HDRINST usr/include/linux/netfilter_ipv6/ip6t_srh.h
  HDRINST usr/include/linux/netfilter_ipv6/ip6t_mh.h
  HDRINST usr/include/linux/netfilter_ipv6/ip6t_ah.h
  HDRINST usr/include/linux/netfilter_ipv6/ip6t_ipv6header.h
  HDRINST usr/include/linux/netfilter_ipv6/ip6t_frag.h
  HDRINST usr/include/linux/netfilter_ipv6/ip6t_LOG.h
  HDRINST usr/include/linux/netlink_diag.h
  HDRINST usr/include/linux/nl80211.h
  HDRINST usr/include/linux/mrp_bridge.h
  HDRINST usr/include/linux/netfilter_arp.h
  HDRINST usr/include/linux/major.h
  HDRINST usr/include/linux/net_tstamp.h
  HDRINST usr/include/linux/vboxguest.h
  HDRINST usr/include/linux/ppp-comp.h
  HDRINST usr/include/linux/nfsacl.h
  HDRINST usr/include/linux/if_xdp.h
  HDRINST usr/include/linux/falloc.h
  HDRINST usr/include/linux/nfs4_mount.h
  HDRINST usr/include/linux/sched/types.h
  HDRINST usr/include/linux/vhost.h
  HDRINST usr/include/linux/virtio_input.h
  HDRINST usr/include/linux/scif_ioctl.h
  HDRINST usr/include/linux/tc_act/tc_gact.h
  HDRINST usr/include/linux/tc_act/tc_nat.h
  HDRINST usr/include/linux/tc_act/tc_connmark.h
  HDRINST usr/include/linux/tc_act/tc_gate.h
  HDRINST usr/include/linux/tc_act/tc_ife.h
  HDRINST usr/include/linux/tc_act/tc_skbmod.h
  HDRINST usr/include/linux/tc_act/tc_sample.h
  HDRINST usr/include/linux/tc_act/tc_vlan.h
  HDRINST usr/include/linux/tc_act/tc_ipt.h
  HDRINST usr/include/linux/tc_act/tc_defact.h
  HDRINST usr/include/linux/tc_act/tc_tunnel_key.h
  HDRINST usr/include/linux/tc_act/tc_mpls.h
  HDRINST usr/include/linux/tc_act/tc_mirred.h
  HDRINST usr/include/linux/tc_act/tc_skbedit.h
  HDRINST usr/include/linux/tc_act/tc_bpf.h
  HDRINST usr/include/linux/tc_act/tc_pedit.h
  HDRINST usr/include/linux/tc_act/tc_ct.h
  HDRINST usr/include/linux/tc_act/tc_csum.h
  HDRINST usr/include/linux/tc_act/tc_ctinfo.h
  HDRINST usr/include/linux/cxl_mem.h
  HDRINST usr/include/linux/i2c-dev.h
  HDRINST usr/include/linux/irqnr.h
  HDRINST usr/include/linux/ethtool_netlink.h
  HDRINST usr/include/linux/atmbr2684.h
  HDRINST usr/include/linux/input-event-codes.h
  HDRINST usr/include/linux/if_vlan.h
  HDRINST usr/include/linux/ipc.h
  HDRINST usr/include/linux/if_packet.h
  HDRINST usr/include/linux/radeonfb.h
  HDRINST usr/include/linux/bfs_fs.h
  HDRINST usr/include/linux/efs_fs_sb.h
  HDRINST usr/include/linux/fadvise.h
  HDRINST usr/include/linux/hdlcdrv.h
  HDRINST usr/include/linux/raid/md_u.h
  HDRINST usr/include/linux/raid/md_p.h
  HDRINST usr/include/linux/route.h
  HDRINST usr/include/linux/vfio_zdev.h
  HDRINST usr/include/linux/igmp.h
  HDRINST usr/include/linux/hyperv.h
  HDRINST usr/include/linux/neighbour.h
  HDRINST usr/include/linux/virtio_i2c.h
  HDRINST usr/include/linux/ife.h
  HDRINST usr/include/linux/jffs2.h
  HDRINST usr/include/linux/cec.h
  HDRINST usr/include/linux/sync_file.h
  HDRINST usr/include/linux/errno.h
  HDRINST usr/include/linux/in_route.h
  HDRINST usr/include/linux/seg6.h
  HDRINST usr/include/linux/mii.h
  HDRINST usr/include/linux/gameport.h
  HDRINST usr/include/linux/pcitest.h
  HDRINST usr/include/linux/netfilter_ipv6.h
  HDRINST usr/include/linux/x25.h
  HDRINST usr/include/linux/cciss_ioctl.h
  HDRINST usr/include/linux/lp.h
  HDRINST usr/include/linux/virtio_vsock.h
  HDRINST usr/include/linux/usb/charger.h
  HDRINST usr/include/linux/usb/video.h
  HDRINST usr/include/linux/usb/cdc.h
  HDRINST usr/include/linux/usb/gadgetfs.h
  HDRINST usr/include/linux/usb/tmc.h
  HDRINST usr/include/linux/usb/functionfs.h
  HDRINST usr/include/linux/usb/cdc-wdm.h
  HDRINST usr/include/linux/usb/ch9.h
  HDRINST usr/include/linux/usb/g_printer.h
  HDRINST usr/include/linux/usb/raw_gadget.h
  HDRINST usr/include/linux/usb/audio.h
  HDRINST usr/include/linux/usb/midi.h
  HDRINST usr/include/linux/usb/g_uvc.h
  HDRINST usr/include/linux/usb/ch11.h
  HDRINST usr/include/linux/atmioc.h
  HDRINST usr/include/linux/tee.h
  HDRINST usr/include/linux/mpls.h
  HDRINST usr/include/linux/fou.h
  HDRINST usr/include/linux/reiserfs_xattr.h
  HDRINST usr/include/linux/dqblk_xfs.h
  HDRINST usr/include/linux/atalk.h
  HDRINST usr/include/linux/vhost_types.h
  HDRINST usr/include/linux/if_tunnel.h
  HDRINST usr/include/linux/fsl_mc.h
  HDRINST usr/include/linux/limits.h
  HDRINST usr/include/linux/un.h
  HDRINST usr/include/linux/bpf_perf_event.h
  HDRINST usr/include/linux/adfs_fs.h
  HDRINST usr/include/linux/switchtec_ioctl.h
  HDRINST usr/include/linux/toshiba.h
  HDRINST usr/include/linux/cec-funcs.h
  HDRINST usr/include/linux/dlmconstants.h
  HDRINST usr/include/linux/ip.h
  HDRINST usr/include/linux/firewire-constants.h
  HDRINST usr/include/linux/auto_dev-ioctl.h
  HDRINST usr/include/linux/sonypi.h
  HDRINST usr/include/linux/ppp_defs.h
  HDRINST usr/include/linux/byteorder/big_endian.h
  HDRINST usr/include/linux/byteorder/little_endian.h
  HDRINST usr/include/linux/virtio_console.h
  HDRINST usr/include/linux/sound.h
  HDRINST usr/include/linux/virtio_balloon.h
  HDRINST usr/include/linux/user_events.h
  HDRINST usr/include/linux/if_slip.h
  HDRINST usr/include/linux/can/j1939.h
  HDRINST usr/include/linux/can/raw.h
  HDRINST usr/include/linux/can/isotp.h
  HDRINST usr/include/linux/can/netlink.h
  HDRINST usr/include/linux/can/gw.h
  HDRINST usr/include/linux/can/bcm.h
  HDRINST usr/include/linux/can/error.h
  HDRINST usr/include/linux/can/vxcan.h
  HDRINST usr/include/linux/atmlec.h
  HDRINST usr/include/linux/nvme_ioctl.h
  HDRINST usr/include/linux/nubus.h
  HDRINST usr/include/linux/nfs_mount.h
  HDRINST usr/include/linux/aio_abi.h
  HDRINST usr/include/linux/vdpa.h
  HDRINST usr/include/linux/io_uring.h
  HDRINST usr/include/linux/virtio_snd.h
  HDRINST usr/include/linux/mman.h
  HDRINST usr/include/linux/switch.h
  HDRINST usr/include/linux/nilfs2_api.h
  HDRINST usr/include/linux/fsl_hypervisor.h
  HDRINST usr/include/linux/gen_stats.h
  HDRINST usr/include/linux/seg6_genl.h
  HDRINST usr/include/linux/l2tp.h
  HDRINST usr/include/linux/hdlc.h
  HDRINST usr/include/linux/wait.h
  HDRINST usr/include/linux/elf.h
  HDRINST usr/include/linux/caif/caif_socket.h
  HDRINST usr/include/linux/caif/if_caif.h
  HDRINST usr/include/linux/ndctl.h
  HDRINST usr/include/linux/fd.h
  HDRINST usr/include/linux/btrfs.h
  HDRINST usr/include/linux/cfm_bridge.h
  HDRINST usr/include/linux/nsfs.h
  HDRINST usr/include/linux/firewire-cdev.h
  HDRINST usr/include/linux/sunrpc/debug.h
  HDRINST usr/include/linux/wwan.h
  HDRINST usr/include/linux/fsi.h
  HDRINST usr/include/linux/if_ether.h
  HDRINST usr/include/linux/rtc.h
  HDRINST usr/include/linux/amt.h
  HDRINST usr/include/linux/hid.h
  HDRINST usr/include/linux/fsmap.h
  HDRINST usr/include/linux/uhid.h
  HDRINST usr/include/linux/erspan.h
  HDRINST usr/include/linux/v4l2-common.h
  HDRINST usr/include/linux/nfs4.h
  HDRINST usr/include/linux/max2175.h
  HDRINST usr/include/linux/virtio_mmio.h
  HDRINST usr/include/linux/virtio_pmem.h
  HDRINST usr/include/linux/keyctl.h
  HDRINST usr/include/linux/vbox_err.h
  HDRINST usr/include/linux/fb.h
  HDRINST usr/include/linux/tty.h
  HDRINST usr/include/linux/v4l2-controls.h
  HDRINST usr/include/linux/oom.h
  HDRINST usr/include/linux/bcm933xx_hcs.h
  HDRINST usr/include/linux/ipsec.h
  HDRINST usr/include/linux/kernel.h
  HDRINST usr/include/linux/if_pppox.h
  HDRINST usr/include/linux/pps.h
  HDRINST usr/include/linux/netfilter/xt_hashlimit.h
  HDRINST usr/include/linux/netfilter/nfnetlink_osf.h
  HDRINST usr/include/linux/netfilter/xt_set.h
  HDRINST usr/include/linux/netfilter/xt_pkttype.h
  HDRINST usr/include/linux/netfilter/xt_tcpmss.h
  HDRINST usr/include/linux/netfilter/xt_cgroup.h
  HDRINST usr/include/linux/netfilter/xt_CLASSIFY.h
  HDRINST usr/include/linux/netfilter/xt_ecn.h
  HDRINST usr/include/linux/netfilter/xt_TPROXY.h
  HDRINST usr/include/linux/netfilter/ipset/ip_set_bitmap.h
  HDRINST usr/include/linux/netfilter/ipset/ip_set.h
  HDRINST usr/include/linux/netfilter/ipset/ip_set_hash.h
  HDRINST usr/include/linux/netfilter/ipset/ip_set_list.h
  HDRINST usr/include/linux/netfilter/xt_connlimit.h
  HDRINST usr/include/linux/netfilter/xt_ipcomp.h
  HDRINST usr/include/linux/netfilter/xt_state.h
  HDRINST usr/include/linux/netfilter/xt_rpfilter.h
  HDRINST usr/include/linux/netfilter/xt_osf.h
  HDRINST usr/include/linux/netfilter/xt_connmark.h
  HDRINST usr/include/linux/netfilter/nf_conntrack_sctp.h
  HDRINST usr/include/linux/netfilter/nfnetlink_cthelper.h
  HDRINST usr/include/linux/netfilter/nf_synproxy.h
  HDRINST usr/include/linux/netfilter/xt_length.h
  HDRINST usr/include/linux/netfilter/xt_rateest.h
  HDRINST usr/include/linux/netfilter/xt_time.h
  HDRINST usr/include/linux/netfilter/nfnetlink_hook.h
  HDRINST usr/include/linux/netfilter/xt_tcpudp.h
  HDRINST usr/include/linux/netfilter/nf_tables_compat.h
  HDRINST usr/include/linux/netfilter/xt_comment.h
  HDRINST usr/include/linux/netfilter/xt_HMARK.h
  HDRINST usr/include/linux/netfilter/xt_bpf.h
  HDRINST usr/include/linux/netfilter/xt_NFLOG.h
  HDRINST usr/include/linux/netfilter/xt_policy.h
  HDRINST usr/include/linux/netfilter/nfnetlink.h
  HDRINST usr/include/linux/netfilter/xt_MARK.h
  HDRINST usr/include/linux/netfilter/xt_CHECKSUM.h
  HDRINST usr/include/linux/netfilter/xt_string.h
  HDRINST usr/include/linux/netfilter/xt_dscp.h
  HDRINST usr/include/linux/netfilter/xt_LED.h
  HDRINST usr/include/linux/netfilter/nf_conntrack_ftp.h
  HDRINST usr/include/linux/netfilter/nfnetlink_log.h
  HDRINST usr/include/linux/netfilter/nfnetlink_cttimeout.h
  HDRINST usr/include/linux/netfilter/xt_esp.h
  HDRINST usr/include/linux/netfilter/nf_tables.h
  HDRINST usr/include/linux/netfilter/nfnetlink_acct.h
  HDRINST usr/include/linux/netfilter/xt_AUDIT.h
  HDRINST usr/include/linux/netfilter/xt_helper.h
  HDRINST usr/include/linux/netfilter/xt_realm.h
  HDRINST usr/include/linux/netfilter/xt_u32.h
  HDRINST usr/include/linux/netfilter/xt_CONNSECMARK.h
  HDRINST usr/include/linux/netfilter/xt_dccp.h
  HDRINST usr/include/linux/netfilter/xt_mark.h
  HDRINST usr/include/linux/netfilter/xt_quota.h
  HDRINST usr/include/linux/netfilter/xt_connlabel.h
  HDRINST usr/include/linux/netfilter/xt_DSCP.h
  HDRINST usr/include/linux/netfilter/xt_nfacct.h
  HDRINST usr/include/linux/netfilter/nfnetlink_queue.h
  HDRINST usr/include/linux/netfilter/xt_TCPMSS.h
  HDRINST usr/include/linux/netfilter/nf_nat.h
  HDRINST usr/include/linux/netfilter/xt_connbytes.h
  HDRINST usr/include/linux/netfilter/nf_conntrack_tcp.h
  HDRINST usr/include/linux/netfilter/xt_physdev.h
  HDRINST usr/include/linux/netfilter/xt_ipvs.h
  HDRINST usr/include/linux/netfilter/xt_IDLETIMER.h
  HDRINST usr/include/linux/netfilter/xt_cpu.h
  HDRINST usr/include/linux/netfilter/xt_SYNPROXY.h
  HDRINST usr/include/linux/netfilter/nf_log.h
  HDRINST usr/include/linux/netfilter/xt_l2tp.h
  HDRINST usr/include/linux/netfilter/nfnetlink_compat.h
  HDRINST usr/include/linux/netfilter/xt_CONNMARK.h
  HDRINST usr/include/linux/netfilter/xt_iprange.h
  HDRINST usr/include/linux/netfilter/xt_FLOWOFFLOAD.h
  HDRINST usr/include/linux/netfilter/xt_LOG.h
  HDRINST usr/include/linux/netfilter/xt_sctp.h
  HDRINST usr/include/linux/netfilter/xt_SECMARK.h
  HDRINST usr/include/linux/netfilter/xt_cluster.h
  HDRINST usr/include/linux/netfilter/xt_owner.h
  HDRINST usr/include/linux/netfilter/xt_limit.h
  HDRINST usr/include/linux/netfilter/xt_recent.h
  HDRINST usr/include/linux/netfilter/nf_conntrack_tuple_common.h
  HDRINST usr/include/linux/netfilter/xt_addrtype.h
  HDRINST usr/include/linux/netfilter/xt_devgroup.h
  HDRINST usr/include/linux/netfilter/xt_socket.h
  HDRINST usr/include/linux/netfilter/xt_CT.h
  HDRINST usr/include/linux/netfilter/xt_statistic.h
  HDRINST usr/include/linux/netfilter/xt_TCPOPTSTRIP.h
  HDRINST usr/include/linux/netfilter/xt_NFQUEUE.h
  HDRINST usr/include/linux/netfilter/xt_RATEEST.h
  HDRINST usr/include/linux/netfilter/x_tables.h
  HDRINST usr/include/linux/netfilter/nfnetlink_conntrack.h
  HDRINST usr/include/linux/netfilter/xt_conntrack.h
  HDRINST usr/include/linux/netfilter/xt_multiport.h
  HDRINST usr/include/linux/netfilter/xt_mac.h
  HDRINST usr/include/linux/netfilter/xt_TEE.h
  HDRINST usr/include/linux/netfilter/nf_conntrack_common.h
  HDRINST usr/include/linux/kdev_t.h
  HDRINST usr/include/linux/zorro.h
  HDRINST usr/include/linux/elf-em.h
  HDRINST usr/include/linux/rxrpc.h
  HDRINST usr/include/linux/uleds.h
  HDRINST usr/include/linux/netfilter_ipv4.h
  HDRINST usr/include/linux/cachefiles.h
  HDRINST usr/include/linux/virtio_ring.h
  HDRINST usr/include/linux/blktrace_api.h
  HDRINST usr/include/linux/target_core_user.h
  HDRINST usr/include/linux/const.h
  HDRINST usr/include/linux/ultrasound.h
  HDRINST usr/include/linux/atmdev.h
  HDRINST usr/include/linux/isst_if.h
  HDRINST usr/include/linux/times.h
  HDRINST usr/include/linux/memfd.h
  HDRINST usr/include/linux/virtio_blk.h
  HDRINST usr/include/linux/ipv6_route.h
  HDRINST usr/include/linux/ax25.h
  HDRINST usr/include/linux/nfs_fs.h
  HDRINST usr/include/linux/quota.h
  HDRINST usr/include/linux/virtio_gpio.h
  HDRINST usr/include/linux/inet_diag.h
  HDRINST usr/include/linux/dm-ioctl.h
  HDRINST usr/include/linux/atmarp.h
  HDRINST usr/include/linux/sctp.h
  HDRINST usr/include/linux/nilfs2_ondisk.h
  HDRINST usr/include/linux/random.h
  HDRINST usr/include/linux/rpl.h
  HDRINST usr/include/linux/uio.h
  HDRINST usr/include/linux/ioprio.h
  HDRINST usr/include/linux/ipmi.h
  HDRINST usr/include/linux/dlm_device.h
  HDRINST usr/include/linux/llc.h
  HDRINST usr/include/linux/if_macsec.h
  HDRINST usr/include/linux/gfs2_ondisk.h
  HDRINST usr/include/linux/atm_idt77105.h
  HDRINST usr/include/linux/gpio.h
  HDRINST usr/include/linux/vm_sockets.h
  HDRINST usr/include/linux/if_ltalk.h
  HDRINST usr/include/misc/fastrpc.h
  HDRINST usr/include/misc/cxl.h
  HDRINST usr/include/misc/uacce/hisi_qm.h
  HDRINST usr/include/misc/uacce/uacce.h
  HDRINST usr/include/misc/pvpanic.h
  HDRINST usr/include/misc/xilinx_sdfec.h
  HDRINST usr/include/misc/ocxl.h
  HDRINST usr/include/misc/rp1_pio_if.h
  HDRINST usr/include/mtd/mtd-abi.h
  HDRINST usr/include/mtd/mtd-user.h
  HDRINST usr/include/mtd/ubi-user.h
  HDRINST usr/include/mtd/inftl-user.h
  HDRINST usr/include/mtd/nftl-user.h
  HDRINST usr/include/rdma/mlx5-abi.h
  HDRINST usr/include/rdma/rdma_user_cm.h
  HDRINST usr/include/rdma/mlx5_user_ioctl_verbs.h
  HDRINST usr/include/rdma/ib_user_ioctl_cmds.h
  HDRINST usr/include/rdma/irdma-abi.h
  HDRINST usr/include/rdma/ib_user_ioctl_verbs.h
  HDRINST usr/include/rdma/ib_user_mad.h
  HDRINST usr/include/rdma/ib_user_sa.h
  HDRINST usr/include/rdma/mana-abi.h
  HDRINST usr/include/rdma/efa-abi.h
  HDRINST usr/include/rdma/mlx5_user_ioctl_cmds.h
  HDRINST usr/include/rdma/siw-abi.h
  HDRINST usr/include/rdma/rdma_user_ioctl_cmds.h
  HDRINST usr/include/rdma/qedr-abi.h
  HDRINST usr/include/rdma/mthca-abi.h
  HDRINST usr/include/rdma/rdma_user_ioctl.h
  HDRINST usr/include/rdma/hfi/hfi1_ioctl.h
  HDRINST usr/include/rdma/hfi/hfi1_user.h
  HDRINST usr/include/rdma/rdma_user_rxe.h
  HDRINST usr/include/rdma/cxgb4-abi.h
  HDRINST usr/include/rdma/erdma-abi.h
  HDRINST usr/include/rdma/hns-abi.h
  HDRINST usr/include/rdma/ib_user_verbs.h
  HDRINST usr/include/rdma/ocrdma-abi.h
  HDRINST usr/include/rdma/mlx4-abi.h
  HDRINST usr/include/rdma/rvt-abi.h
  HDRINST usr/include/rdma/vmw_pvrdma-abi.h
  HDRINST usr/include/rdma/rdma_netlink.h
  HDRINST usr/include/rdma/bnxt_re-abi.h
  HDRINST usr/include/scsi/scsi_netlink.h
  HDRINST usr/include/scsi/scsi_bsg_ufs.h
  HDRINST usr/include/scsi/fc/fc_fs.h
  HDRINST usr/include/scsi/fc/fc_els.h
  HDRINST usr/include/scsi/fc/fc_gs.h
  HDRINST usr/include/scsi/fc/fc_ns.h
  HDRINST usr/include/scsi/scsi_bsg_mpi3mr.h
  HDRINST usr/include/scsi/scsi_bsg_fc.h
  HDRINST usr/include/scsi/cxlflash_ioctl.h
  HDRINST usr/include/scsi/scsi_netlink_fc.h
  HDRINST usr/include/sound/firewire.h
  HDRINST usr/include/sound/asequencer.h
  HDRINST usr/include/sound/hdsp.h
  HDRINST usr/include/sound/skl-tplg-interface.h
  HDRINST usr/include/sound/intel/avs/tokens.h
  HDRINST usr/include/sound/snd_ar_tokens.h
  HDRINST usr/include/sound/asound_fm.h
  HDRINST usr/include/sound/hdspm.h
  HDRINST usr/include/sound/tlv.h
  HDRINST usr/include/sound/asound.h
  HDRINST usr/include/sound/emu10k1.h
  HDRINST usr/include/sound/usb_stream.h
  HDRINST usr/include/sound/snd_sst_tokens.h
  HDRINST usr/include/sound/sof/fw.h
  HDRINST usr/include/sound/sof/header.h
  HDRINST usr/include/sound/sof/abi.h
  HDRINST usr/include/sound/sof/tokens.h
  HDRINST usr/include/sound/compress_params.h
  HDRINST usr/include/sound/asoc.h
  HDRINST usr/include/sound/sfnt_info.h
  HDRINST usr/include/sound/compress_offload.h
  HDRINST usr/include/sound/sb16_csp.h
  HDRINST usr/include/video/sisfb.h
  HDRINST usr/include/video/edid.h
  HDRINST usr/include/video/uvesafb.h
  HDRINST usr/include/xen/privcmd.h
  HDRINST usr/include/xen/gntdev.h
  HDRINST usr/include/xen/gntalloc.h
  HDRINST usr/include/xen/evtchn.h
  HDRINST usr/include/linux/version.h
  HDRINST usr/include/asm/posix_types.h
  HDRINST usr/include/asm/bitsperlong.h
  HDRINST usr/include/asm/auxvec.h
  HDRINST usr/include/asm/hwcap.h
  HDRINST usr/include/asm/sigcontext.h
  HDRINST usr/include/asm/sve_context.h
  HDRINST usr/include/asm/signal.h
  HDRINST usr/include/asm/ucontext.h
  HDRINST usr/include/asm/unistd.h
  HDRINST usr/include/asm/kvm.h
  HDRINST usr/include/asm/fcntl.h
  HDRINST usr/include/asm/param.h
  HDRINST usr/include/asm/ptrace.h
  HDRINST usr/include/asm/statfs.h
  HDRINST usr/include/asm/bpf_perf_event.h
  HDRINST usr/include/asm/mman.h
  HDRINST usr/include/asm/perf_regs.h
  HDRINST usr/include/asm/byteorder.h
  HDRINST usr/include/asm/setup.h
  HDRINST usr/include/asm/sembuf.h
  HDRINST usr/include/asm/kvm_para.h
  HDRINST usr/include/asm/types.h
  HDRINST usr/include/asm/ioctls.h
  HDRINST usr/include/asm/stat.h
  HDRINST usr/include/asm/ipcbuf.h
  HDRINST usr/include/asm/socket.h
  HDRINST usr/include/asm/termios.h
  HDRINST usr/include/asm/poll.h
  HDRINST usr/include/asm/swab.h
  HDRINST usr/include/asm/resource.h
  HDRINST usr/include/asm/ioctl.h
  HDRINST usr/include/asm/sockios.h
  HDRINST usr/include/asm/errno.h
  HDRINST usr/include/asm/siginfo.h
  HDRINST usr/include/asm/termbits.h
  HDRINST usr/include/asm/msgbuf.h
  HDRINST usr/include/asm/shmbuf.h
  INSTALL /home/joseca/openmanet-firmware/build_dir/target-aarch64_cortex-a76_musl/linux-bcm27xx_bcm2712/linux-6.6.102/user_headers/include
make[5]: Leaving directory '/home/joseca/openmanet-firmware/build_dir/target-aarch64_cortex-a76_musl/linux-bcm27xx_bcm2712/linux-6.6.102'
grep '=[ym]' /home/joseca/openmanet-firmware/build_dir/target-aarch64_cortex-a76_musl/linux-bcm27xx_bcm2712/linux-6.6.102/.config.set | LC_ALL=C sort | /home/joseca/openmanet-firmware/staging_dir/host/bin/mkhash md5 > /home/joseca/openmanet-firmware/build_dir/target-aarch64_cortex-a76_musl/linux-bcm27xx_bcm2712/linux-6.6.102/.vermagic
touch /home/joseca/openmanet-firmware/build_dir/target-aarch64_cortex-a76_musl/linux-bcm27xx_bcm2712/linux-6.6.102/.configured
rm -f /home/joseca/openmanet-firmware/build_dir/target-aarch64_cortex-a76_musl/linux-bcm27xx_bcm2712/linux-6.6.102/vmlinux /home/joseca/openmanet-firmware/build_dir/target-aarch64_cortex-a76_musl/linux-bcm27xx_bcm2712/linux-6.6.102/System.map
make -C /home/joseca/openmanet-firmware/build_dir/target-aarch64_cortex-a76_musl/linux-bcm27xx_bcm2712/linux-6.6.102 KCFLAGS="-fmacro-prefix-map=/home/joseca/openmanet-firmware/build_dir/target-aarch64_cortex-a76_musl=target-aarch64_cortex-a76_musl -fno-caller-saves " HOSTCFLAGS="-O2 -I/home/joseca/openmanet-firmware/staging_dir/host/include  -Wall -Wmissing-prototypes -Wstrict-prototypes" CROSS_COMPILE="aarch64-openwrt-linux-musl-" ARCH="arm64" KBUILD_HAVE_NLS=no KBUILD_BUILD_USER="" KBUILD_BUILD_HOST="" KBUILD_BUILD_TIMESTAMP="Mon Jun 23 20:40:36 2025" KBUILD_BUILD_VERSION="0" KBUILD_HOSTLDFLAGS="-L/home/joseca/openmanet-firmware/staging_dir/host/lib" CONFIG_SHELL="bash" V=''  cmd_syscalls=  CC="aarch64-openwrt-linux-musl-gcc" KERNELRELEASE=6.6.102 Image dtbs modules
make[5]: Entering directory '/home/joseca/openmanet-firmware/build_dir/target-aarch64_cortex-a76_musl/linux-bcm27xx_bcm2712/linux-6.6.102'
  SYNC    include/config/auto.conf.cmd
  HOSTCC  scripts/kconfig/conf.o
  HOSTCC  scripts/kconfig/confdata.o
  HOSTCC  scripts/kconfig/expr.o
  LEX     scripts/kconfig/lexer.lex.c
  YACC    scripts/kconfig/parser.tab.[ch]
  HOSTCC  scripts/kconfig/menu.o
  HOSTCC  scripts/kconfig/preprocess.o
  HOSTCC  scripts/kconfig/symbol.o
  HOSTCC  scripts/kconfig/util.o
  HOSTCC  scripts/kconfig/lexer.lex.o
  HOSTCC  scripts/kconfig/parser.tab.o
  HOSTLD  scripts/kconfig/conf
  UPD     include/config/kernel.release
  HOSTCC  scripts/dtc/dtc.o
  HOSTCC  scripts/dtc/flattree.o
  HOSTCC  scripts/dtc/fstree.o
  HOSTCC  scripts/dtc/data.o
  HOSTCC  scripts/dtc/livetree.o
  HOSTCC  scripts/dtc/treesource.o
  WRAP    arch/arm64/include/generated/asm/early_ioremap.h
  WRAP    arch/arm64/include/generated/asm/mcs_spinlock.h
  HOSTCC  scripts/dtc/srcpos.o
  WRAP    arch/arm64/include/generated/asm/qrwlock.h
  HOSTCC  scripts/dtc/checks.o
  WRAP    arch/arm64/include/generated/asm/qspinlock.h
  WRAP    arch/arm64/include/generated/asm/parport.h
  HOSTCC  scripts/dtc/util.o
  WRAP    arch/arm64/include/generated/asm/user.h
  LEX     scripts/dtc/dtc-lexer.lex.c
  WRAP    arch/arm64/include/generated/asm/bugs.h
  WRAP    arch/arm64/include/generated/asm/delay.h
  WRAP    arch/arm64/include/generated/asm/div64.h
  WRAP    arch/arm64/include/generated/asm/dma-mapping.h
  UPD     include/generated/utsrelease.h
  YACC    scripts/dtc/dtc-parser.tab.[ch]
  WRAP    arch/arm64/include/generated/asm/dma.h
  HOSTCC  scripts/dtc/libfdt/fdt.o
  WRAP    arch/arm64/include/generated/asm/emergency-restart.h
  WRAP    arch/arm64/include/generated/asm/hw_irq.h
  WRAP    arch/arm64/include/generated/asm/irq_regs.h
  HOSTCC  scripts/dtc/libfdt/fdt_ro.o
  WRAP    arch/arm64/include/generated/asm/kdebug.h
  HOSTCC  scripts/dtc/libfdt/fdt_wip.o
  WRAP    arch/arm64/include/generated/asm/kmap_size.h
  UPD     include/generated/compile.h
  WRAP    arch/arm64/include/generated/asm/local.h
  WRAP    arch/arm64/include/generated/asm/local64.h
  WRAP    arch/arm64/include/generated/asm/mmiowb.h
  WRAP    arch/arm64/include/generated/asm/msi.h
  WRAP    arch/arm64/include/generated/asm/serial.h
  WRAP    arch/arm64/include/generated/asm/softirq_stack.h
  HOSTCC  scripts/dtc/libfdt/fdt_sw.o
  WRAP    arch/arm64/include/generated/asm/switch_to.h
  WRAP    arch/arm64/include/generated/asm/trace_clock.h
  WRAP    arch/arm64/include/generated/asm/unaligned.h
  WRAP    arch/arm64/include/generated/asm/vga.h
  HOSTCC  scripts/dtc/libfdt/fdt_rw.o
  HOSTCC  scripts/dtc/libfdt/fdt_strerror.o
  HOSTCC  scripts/dtc/libfdt/fdt_empty_tree.o
  HOSTCC  scripts/dtc/libfdt/fdt_addresses.o
  HOSTCC  scripts/dtc/libfdt/fdt_overlay.o
  HOSTCC  scripts/dtc/fdtoverlay.o
  HOSTCC  scripts/dtc/dtc-lexer.lex.o
  HOSTCC  scripts/dtc/dtc-parser.tab.o
  HOSTLD  scripts/dtc/fdtoverlay
  HOSTLD  scripts/dtc/dtc
  HOSTCC  scripts/kallsyms
  HOSTCC  scripts/sorttable
  HOSTCC  scripts/asn1_compiler
  DTC     arch/arm64/boot/dts/broadcom/bcm2711-rpi-400.dtb
  DTC     arch/arm64/boot/dts/broadcom/bcm2711-rpi-4-b.dtb
  DTC     arch/arm64/boot/dts/broadcom/bcm2711-rpi-cm4-io.dtb
  DTC     arch/arm64/boot/dts/broadcom/bcm2837-rpi-3-a-plus.dtb
  DTC     arch/arm64/boot/dts/broadcom/bcm2837-rpi-3-b.dtb
  DTC     arch/arm64/boot/dts/broadcom/bcm2837-rpi-cm3-io3.dtb
  DTC     arch/arm64/boot/dts/broadcom/bcm2837-rpi-3-b-plus.dtb
  DTC     arch/arm64/boot/dts/broadcom/bcm2837-rpi-zero-2-w.dtb
  DTC     arch/arm64/boot/dts/broadcom/bcm2710-rpi-zero-2.dtb
  DTC     arch/arm64/boot/dts/broadcom/bcm2710-rpi-zero-2-w.dtb
  DTC     arch/arm64/boot/dts/broadcom/bcm2710-rpi-2-b.dtb
  DTC     arch/arm64/boot/dts/broadcom/bcm2710-rpi-3-b.dtb
  DTCO    arch/arm64/boot/dts/overlays/act-led.dtbo
  DTCO    arch/arm64/boot/dts/overlays/adafruit-st7735r.dtbo
  DTC     arch/arm64/boot/dts/broadcom/bcm2710-rpi-3-b-plus.dtb
  DTC     arch/arm64/boot/dts/broadcom/bcm2710-rpi-cm3.dtb
  DTCO    arch/arm64/boot/dts/overlays/adafruit18.dtbo
  DTC     arch/arm64/boot/dts/broadcom/bcm2711-rpi-cm4.dtb
  DTCO    arch/arm64/boot/dts/overlays/adau1977-adc.dtbo
  DTCO    arch/arm64/boot/dts/overlays/adau7002-simple.dtbo
  DTC     arch/arm64/boot/dts/broadcom/bcm2711-rpi-cm4s.dtb
  DTCO    arch/arm64/boot/dts/overlays/ads1015.dtbo
  DTC     arch/arm64/boot/dts/broadcom/bcm2712-rpi-5-b.dtb
  DTC     arch/arm64/boot/dts/broadcom/bcm2712d0-rpi-5-b.dtb
  DTCO    arch/arm64/boot/dts/overlays/ads1115.dtbo
  DTC     arch/arm64/boot/dts/broadcom/bcm2712-rpi-500.dtb
  DTCO    arch/arm64/boot/dts/overlays/ads7846.dtbo
  DTC     arch/arm64/boot/dts/broadcom/bcm2712-rpi-cm5-cm5io.dtb
  DTC     arch/arm64/boot/dts/broadcom/bcm2712-rpi-cm5-cm4io.dtb
  DTC     arch/arm64/boot/dts/broadcom/bcm2712-rpi-cm5l-cm5io.dtb
  DTCO    arch/arm64/boot/dts/overlays/adv7282m.dtbo
  DTCO    arch/arm64/boot/dts/overlays/adv728x-m.dtbo
  DTC     arch/arm64/boot/dts/broadcom/bcm2712-rpi-cm5l-cm4io.dtb
  DTCO    arch/arm64/boot/dts/overlays/akkordion-iqdacplus.dtbo
  DTCO    arch/arm64/boot/dts/overlays/allo-boss-dac-pcm512x-audio.dtbo
  DTCO    arch/arm64/boot/dts/overlays/allo-boss2-dac-audio.dtbo
  DTCO    arch/arm64/boot/dts/overlays/allo-digione.dtbo
  DTCO    arch/arm64/boot/dts/overlays/allo-katana-dac-audio.dtbo
  DTCO    arch/arm64/boot/dts/overlays/allo-piano-dac-pcm512x-audio.dtbo
  DTCO    arch/arm64/boot/dts/overlays/allo-piano-dac-plus-pcm512x-audio.dtbo
  DTCO    arch/arm64/boot/dts/overlays/anyspi.dtbo
  DTCO    arch/arm64/boot/dts/overlays/apds9960.dtbo
  DTCO    arch/arm64/boot/dts/overlays/applepi-dac.dtbo
  DTCO    arch/arm64/boot/dts/overlays/arducam-64mp.dtbo
  DTCO    arch/arm64/boot/dts/overlays/arducam-pivariety.dtbo
  DTCO    arch/arm64/boot/dts/overlays/at86rf233.dtbo
  DTCO    arch/arm64/boot/dts/overlays/audioinjector-addons.dtbo
  DTCO    arch/arm64/boot/dts/overlays/audioinjector-bare-i2s.dtbo
  DTCO    arch/arm64/boot/dts/overlays/audioinjector-isolated-soundcard.dtbo
  DTCO    arch/arm64/boot/dts/overlays/audioinjector-ultra.dtbo
  DTCO    arch/arm64/boot/dts/overlays/audioinjector-wm8731-audio.dtbo
  DTCO    arch/arm64/boot/dts/overlays/audiosense-pi.dtbo
  DTCO    arch/arm64/boot/dts/overlays/audremap.dtbo
  DTCO    arch/arm64/boot/dts/overlays/balena-fin.dtbo
  DTCO    arch/arm64/boot/dts/overlays/bcm2712d0.dtbo
  DTCO    arch/arm64/boot/dts/overlays/camera-mux-2port.dtbo
  DTCO    arch/arm64/boot/dts/overlays/camera-mux-4port.dtbo
  DTCO    arch/arm64/boot/dts/overlays/cap1106.dtbo
  DTCO    arch/arm64/boot/dts/overlays/chipdip-dac.dtbo
  DTCO    arch/arm64/boot/dts/overlays/cirrus-wm5102.dtbo
  DTCO    arch/arm64/boot/dts/overlays/cm-swap-i2c0.dtbo
  DTCO    arch/arm64/boot/dts/overlays/cma.dtbo
  DTCO    arch/arm64/boot/dts/overlays/crystalfontz-cfa050_pi_m.dtbo
  DTCO    arch/arm64/boot/dts/overlays/cutiepi-panel.dtbo
  DTCO    arch/arm64/boot/dts/overlays/dacberry400.dtbo
  DTCO    arch/arm64/boot/dts/overlays/dht11.dtbo
  DTCO    arch/arm64/boot/dts/overlays/dionaudio-kiwi.dtbo
  DTCO    arch/arm64/boot/dts/overlays/dionaudio-loco.dtbo
  DTCO    arch/arm64/boot/dts/overlays/dionaudio-loco-v2.dtbo
  DTCO    arch/arm64/boot/dts/overlays/disable-bt.dtbo
  DTCO    arch/arm64/boot/dts/overlays/disable-bt-pi5.dtbo
  DTCO    arch/arm64/boot/dts/overlays/disable-emmc2.dtbo
  DTCO    arch/arm64/boot/dts/overlays/disable-wifi.dtbo
  DTCO    arch/arm64/boot/dts/overlays/disable-wifi-pi5.dtbo
  DTCO    arch/arm64/boot/dts/overlays/dpi18.dtbo
  DTCO    arch/arm64/boot/dts/overlays/dpi18cpadhi.dtbo
  DTCO    arch/arm64/boot/dts/overlays/dpi24.dtbo
  DTCO    arch/arm64/boot/dts/overlays/draws.dtbo
  DTCO    arch/arm64/boot/dts/overlays/dwc-otg.dtbo
  DTCO    arch/arm64/boot/dts/overlays/dwc2.dtbo
  DTCO    arch/arm64/boot/dts/overlays/edt-ft5406.dtbo
  DTCO    arch/arm64/boot/dts/overlays/enc28j60.dtbo
  DTCO    arch/arm64/boot/dts/overlays/enc28j60-spi2.dtbo
  DTCO    arch/arm64/boot/dts/overlays/exc3000.dtbo
  DTCO    arch/arm64/boot/dts/overlays/fbtft.dtbo
  DTCO    arch/arm64/boot/dts/overlays/fe-pi-audio.dtbo
  DTCO    arch/arm64/boot/dts/overlays/fsm-demo.dtbo
  DTCO    arch/arm64/boot/dts/overlays/gc9a01.dtbo
  DTCO    arch/arm64/boot/dts/overlays/ghost-amp.dtbo
  DTCO    arch/arm64/boot/dts/overlays/goodix.dtbo
  DTCO    arch/arm64/boot/dts/overlays/googlevoicehat-soundcard.dtbo
  DTCO    arch/arm64/boot/dts/overlays/gpio-charger.dtbo
  DTCO    arch/arm64/boot/dts/overlays/gpio-fan.dtbo
  DTCO    arch/arm64/boot/dts/overlays/gpio-hog.dtbo
  DTCO    arch/arm64/boot/dts/overlays/gpio-ir.dtbo
  DTCO    arch/arm64/boot/dts/overlays/gpio-ir-tx.dtbo
  DTCO    arch/arm64/boot/dts/overlays/gpio-key.dtbo
  DTCO    arch/arm64/boot/dts/overlays/gpio-led.dtbo
  DTCO    arch/arm64/boot/dts/overlays/gpio-no-bank0-irq.dtbo
  DTCO    arch/arm64/boot/dts/overlays/gpio-no-irq.dtbo
  DTCO    arch/arm64/boot/dts/overlays/gpio-poweroff.dtbo
  DTCO    arch/arm64/boot/dts/overlays/gpio-shutdown.dtbo
  DTCO    arch/arm64/boot/dts/overlays/hd44780-i2c-lcd.dtbo
  DTCO    arch/arm64/boot/dts/overlays/hd44780-lcd.dtbo
  DTCO    arch/arm64/boot/dts/overlays/hdmi-backlight-hwhack-gpio.dtbo
  DTCO    arch/arm64/boot/dts/overlays/hifiberry-adc.dtbo
  DTCO    arch/arm64/boot/dts/overlays/hifiberry-adc8x.dtbo
  DTCO    arch/arm64/boot/dts/overlays/hifiberry-amp.dtbo
  DTCO    arch/arm64/boot/dts/overlays/hifiberry-amp100.dtbo
  DTCO    arch/arm64/boot/dts/overlays/hifiberry-amp3.dtbo
  DTCO    arch/arm64/boot/dts/overlays/hifiberry-amp4pro.dtbo
  DTCO    arch/arm64/boot/dts/overlays/hifiberry-dac.dtbo
  DTCO    arch/arm64/boot/dts/overlays/hifiberry-dac8x.dtbo
  DTCO    arch/arm64/boot/dts/overlays/hifiberry-dacplus.dtbo
  DTCO    arch/arm64/boot/dts/overlays/hifiberry-dacplus-pro.dtbo
  DTCO    arch/arm64/boot/dts/overlays/hifiberry-dacplus-std.dtbo
  DTCO    arch/arm64/boot/dts/overlays/hifiberry-dacplusadc.dtbo
  DTCO    arch/arm64/boot/dts/overlays/hifiberry-dacplusadcpro.dtbo
  DTCO    arch/arm64/boot/dts/overlays/hifiberry-dacplusdsp.dtbo
  DTCO    arch/arm64/boot/dts/overlays/hifiberry-dacplushd.dtbo
  DTCO    arch/arm64/boot/dts/overlays/hifiberry-digi.dtbo
  DTCO    arch/arm64/boot/dts/overlays/hifiberry-digi-pro.dtbo
  DTCO    arch/arm64/boot/dts/overlays/highperi.dtbo
  DTCO    arch/arm64/boot/dts/overlays/hy28a.dtbo
  DTCO    arch/arm64/boot/dts/overlays/hy28b.dtbo
  DTCO    arch/arm64/boot/dts/overlays/hy28b-2017.dtbo
  DTCO    arch/arm64/boot/dts/overlays/i-sabre-q2m.dtbo
  DTCO    arch/arm64/boot/dts/overlays/i2c-bcm2708.dtbo
  DTCO    arch/arm64/boot/dts/overlays/i2c-fan.dtbo
  DTCO    arch/arm64/boot/dts/overlays/i2c-gpio.dtbo
  DTCO    arch/arm64/boot/dts/overlays/i2c-mux.dtbo
  DTCO    arch/arm64/boot/dts/overlays/i2c-pwm-pca9685a.dtbo
  DTCO    arch/arm64/boot/dts/overlays/i2c-rtc.dtbo
  DTCO    arch/arm64/boot/dts/overlays/i2c-rtc-gpio.dtbo
  DTCO    arch/arm64/boot/dts/overlays/i2c-sensor.dtbo
  DTCO    arch/arm64/boot/dts/overlays/i2c0.dtbo
  DTCO    arch/arm64/boot/dts/overlays/i2c0-pi5.dtbo
  DTCO    arch/arm64/boot/dts/overlays/i2c1.dtbo
  DTCO    arch/arm64/boot/dts/overlays/i2c1-pi5.dtbo
  DTCO    arch/arm64/boot/dts/overlays/i2c2-pi5.dtbo
  DTCO    arch/arm64/boot/dts/overlays/i2c3.dtbo
  DTCO    arch/arm64/boot/dts/overlays/i2c3-pi5.dtbo
  DTCO    arch/arm64/boot/dts/overlays/i2c4.dtbo
  DTCO    arch/arm64/boot/dts/overlays/i2c5.dtbo
  DTCO    arch/arm64/boot/dts/overlays/i2c6.dtbo
  DTCO    arch/arm64/boot/dts/overlays/i2s-dac.dtbo
  DTCO    arch/arm64/boot/dts/overlays/i2s-gpio28-31.dtbo
  DTCO    arch/arm64/boot/dts/overlays/i2s-master-dac.dtbo
  DTCO    arch/arm64/boot/dts/overlays/ilitek251x.dtbo
  DTCO    arch/arm64/boot/dts/overlays/imx219.dtbo
  DTCO    arch/arm64/boot/dts/overlays/imx258.dtbo
  DTCO    arch/arm64/boot/dts/overlays/imx290.dtbo
  DTCO    arch/arm64/boot/dts/overlays/imx296.dtbo
  DTCO    arch/arm64/boot/dts/overlays/imx327.dtbo
  DTCO    arch/arm64/boot/dts/overlays/imx378.dtbo
  DTCO    arch/arm64/boot/dts/overlays/imx415.dtbo
  DTCO    arch/arm64/boot/dts/overlays/imx462.dtbo
  DTCO    arch/arm64/boot/dts/overlays/imx477.dtbo
  DTCO    arch/arm64/boot/dts/overlays/imx500.dtbo
  DTCO    arch/arm64/boot/dts/overlays/imx500-pi5.dtbo
  DTCO    arch/arm64/boot/dts/overlays/imx519.dtbo
  DTCO    arch/arm64/boot/dts/overlays/imx708.dtbo
  DTCO    arch/arm64/boot/dts/overlays/interludeaudio-analog.dtbo
  DTCO    arch/arm64/boot/dts/overlays/interludeaudio-digital.dtbo
  DTCO    arch/arm64/boot/dts/overlays/iqaudio-codec.dtbo
  DTCO    arch/arm64/boot/dts/overlays/iqaudio-dac.dtbo
  DTCO    arch/arm64/boot/dts/overlays/iqaudio-dacplus.dtbo
  DTCO    arch/arm64/boot/dts/overlays/iqaudio-digi-wm8804-audio.dtbo
  DTCO    arch/arm64/boot/dts/overlays/iqs550.dtbo
  DTCO    arch/arm64/boot/dts/overlays/irs1125.dtbo
  DTCO    arch/arm64/boot/dts/overlays/jedec-spi-nor.dtbo
  DTCO    arch/arm64/boot/dts/overlays/justboom-both.dtbo
  DTCO    arch/arm64/boot/dts/overlays/justboom-dac.dtbo
  DTCO    arch/arm64/boot/dts/overlays/justboom-digi.dtbo
  DTCO    arch/arm64/boot/dts/overlays/ltc294x.dtbo
  DTCO    arch/arm64/boot/dts/overlays/max98357a.dtbo
  DTCO    arch/arm64/boot/dts/overlays/maxtherm.dtbo
  DTCO    arch/arm64/boot/dts/overlays/mbed-dac.dtbo
  DTCO    arch/arm64/boot/dts/overlays/mcp23017.dtbo
  DTCO    arch/arm64/boot/dts/overlays/mcp23s17.dtbo
  DTCO    arch/arm64/boot/dts/overlays/mcp2515.dtbo
  DTCO    arch/arm64/boot/dts/overlays/mcp2515-can0.dtbo
  DTCO    arch/arm64/boot/dts/overlays/mcp2515-can1.dtbo
  DTCO    arch/arm64/boot/dts/overlays/mcp251xfd.dtbo
  DTCO    arch/arm64/boot/dts/overlays/mcp3008.dtbo
  DTCO    arch/arm64/boot/dts/overlays/mcp3202.dtbo
  DTCO    arch/arm64/boot/dts/overlays/mcp342x.dtbo
  DTCO    arch/arm64/boot/dts/overlays/media-center.dtbo
  DTCO    arch/arm64/boot/dts/overlays/merus-amp.dtbo
  DTCO    arch/arm64/boot/dts/overlays/midi-uart0.dtbo
  DTCO    arch/arm64/boot/dts/overlays/midi-uart0-pi5.dtbo
  DTCO    arch/arm64/boot/dts/overlays/midi-uart1.dtbo
  DTCO    arch/arm64/boot/dts/overlays/midi-uart1-pi5.dtbo
  DTCO    arch/arm64/boot/dts/overlays/midi-uart2.dtbo
  DTCO    arch/arm64/boot/dts/overlays/midi-uart3.dtbo
  DTCO    arch/arm64/boot/dts/overlays/midi-uart2-pi5.dtbo
  DTCO    arch/arm64/boot/dts/overlays/midi-uart3-pi5.dtbo
  DTCO    arch/arm64/boot/dts/overlays/midi-uart4.dtbo
  DTCO    arch/arm64/boot/dts/overlays/midi-uart4-pi5.dtbo
  DTCO    arch/arm64/boot/dts/overlays/midi-uart5.dtbo
  DTCO    arch/arm64/boot/dts/overlays/minipitft13.dtbo
  DTCO    arch/arm64/boot/dts/overlays/miniuart-bt.dtbo
  DTCO    arch/arm64/boot/dts/overlays/mipi-dbi-spi.dtbo
  DTCO    arch/arm64/boot/dts/overlays/mlx90640.dtbo
  DTCO    arch/arm64/boot/dts/overlays/mm610x-spi.dtbo
  DTCO    arch/arm64/boot/dts/overlays/mm810x-spi.dtbo
  DTCO    arch/arm64/boot/dts/overlays/mm_wlan.dtbo
  DTCO    arch/arm64/boot/dts/overlays/mmc.dtbo
  DTCO    arch/arm64/boot/dts/overlays/mz61581.dtbo
  DTCO    arch/arm64/boot/dts/overlays/ov2311.dtbo
  DTCO    arch/arm64/boot/dts/overlays/ov5647.dtbo
  DTCO    arch/arm64/boot/dts/overlays/ov64a40.dtbo
  DTCO    arch/arm64/boot/dts/overlays/ov7251.dtbo
  DTCO    arch/arm64/boot/dts/overlays/ov9281.dtbo
  DTCO    arch/arm64/boot/dts/overlays/papirus.dtbo
  DTCO    arch/arm64/boot/dts/overlays/pca953x.dtbo
  DTCO    arch/arm64/boot/dts/overlays/pcf857x.dtbo
  DTCO    arch/arm64/boot/dts/overlays/pcie-32bit-dma.dtbo
  DTCO    arch/arm64/boot/dts/overlays/pcie-32bit-dma-pi5.dtbo
  DTCO    arch/arm64/boot/dts/overlays/pciex1-compat-pi5.dtbo
  DTCO    arch/arm64/boot/dts/overlays/pibell.dtbo
  DTCO    arch/arm64/boot/dts/overlays/pifacedigital.dtbo
  DTCO    arch/arm64/boot/dts/overlays/pifi-40.dtbo
  DTCO    arch/arm64/boot/dts/overlays/pifi-dac-hd.dtbo
  DTCO    arch/arm64/boot/dts/overlays/pifi-dac-zero.dtbo
  DTCO    arch/arm64/boot/dts/overlays/pifi-mini-210.dtbo
  DTCO    arch/arm64/boot/dts/overlays/piglow.dtbo
  DTCO    arch/arm64/boot/dts/overlays/pimidi.dtbo
  DTCO    arch/arm64/boot/dts/overlays/pineboards-hat-ai.dtbo
  DTCO    arch/arm64/boot/dts/overlays/pineboards-hatdrive-poe-plus.dtbo
  DTCO    arch/arm64/boot/dts/overlays/piscreen.dtbo
  DTCO    arch/arm64/boot/dts/overlays/piscreen2r.dtbo
  DTCO    arch/arm64/boot/dts/overlays/pisound.dtbo
  DTCO    arch/arm64/boot/dts/overlays/pisound-pi5.dtbo
  DTCO    arch/arm64/boot/dts/overlays/pitft28-capacitive.dtbo
  DTCO    arch/arm64/boot/dts/overlays/pitft22.dtbo
  DTCO    arch/arm64/boot/dts/overlays/pitft28-resistive.dtbo
  DTCO    arch/arm64/boot/dts/overlays/pitft35-resistive.dtbo
  DTCO    arch/arm64/boot/dts/overlays/pps-gpio.dtbo
  DTCO    arch/arm64/boot/dts/overlays/proto-codec.dtbo
  DTCO    arch/arm64/boot/dts/overlays/pwm.dtbo
  DTCO    arch/arm64/boot/dts/overlays/pwm-2chan.dtbo
  DTCO    arch/arm64/boot/dts/overlays/pwm-gpio.dtbo
  DTCO    arch/arm64/boot/dts/overlays/pwm-gpio-fan.dtbo
  DTCO    arch/arm64/boot/dts/overlays/pwm-ir-tx.dtbo
  DTCO    arch/arm64/boot/dts/overlays/pwm-pio.dtbo
  DTCO    arch/arm64/boot/dts/overlays/pwm1.dtbo
  DTCO    arch/arm64/boot/dts/overlays/qca7000.dtbo
  DTCO    arch/arm64/boot/dts/overlays/qca7000-uart0.dtbo
  DTCO    arch/arm64/boot/dts/overlays/ramoops.dtbo
  DTCO    arch/arm64/boot/dts/overlays/ramoops-pi4.dtbo
  DTCO    arch/arm64/boot/dts/overlays/rootmaster.dtbo
  DTCO    arch/arm64/boot/dts/overlays/rotary-encoder.dtbo
  DTCO    arch/arm64/boot/dts/overlays/rpi-backlight.dtbo
  DTCO    arch/arm64/boot/dts/overlays/rpi-codeczero.dtbo
  DTCO    arch/arm64/boot/dts/overlays/rpi-dacplus.dtbo
  DTCO    arch/arm64/boot/dts/overlays/rpi-dacpro.dtbo
  DTCO    arch/arm64/boot/dts/overlays/rpi-digiampplus.dtbo
  DTCO    arch/arm64/boot/dts/overlays/rpi-ft5406.dtbo
  GEN     arch/arm64/include/generated/asm/cpucaps.h
  DTCO    arch/arm64/boot/dts/overlays/rpi-fw-uart.dtbo
  GEN     arch/arm64/include/generated/asm/sysreg-defs.h
  DTCO    arch/arm64/boot/dts/overlays/rpi-poe.dtbo
  DTCO    arch/arm64/boot/dts/overlays/rpi-poe-plus.dtbo
  DTCO    arch/arm64/boot/dts/overlays/rpi-sense.dtbo
  DTCO    arch/arm64/boot/dts/overlays/rpi-sense-v2.dtbo
  DTCO    arch/arm64/boot/dts/overlays/rpi-tv.dtbo
  DTCO    arch/arm64/boot/dts/overlays/rra-digidac1-wm8741-audio.dtbo
  DTCO    arch/arm64/boot/dts/overlays/sainsmart18.dtbo
  DTCO    arch/arm64/boot/dts/overlays/sc16is750-i2c.dtbo
  DTCO    arch/arm64/boot/dts/overlays/sc16is750-spi0.dtbo
  DTCO    arch/arm64/boot/dts/overlays/sc16is752-i2c.dtbo
  DTCO    arch/arm64/boot/dts/overlays/sc16is752-spi0.dtbo
  DTCO    arch/arm64/boot/dts/overlays/sc16is752-spi1.dtbo
  DTCO    arch/arm64/boot/dts/overlays/sdhost.dtbo
  DTCO    arch/arm64/boot/dts/overlays/sdio.dtbo
  DTCO    arch/arm64/boot/dts/overlays/sdio-pi5.dtbo
  DTCO    arch/arm64/boot/dts/overlays/seeed-can-fd-hat-v1.dtbo
  DTCO    arch/arm64/boot/dts/overlays/seeed-can-fd-hat-v2.dtbo
  DTCO    arch/arm64/boot/dts/overlays/sh1106-spi.dtbo
  DTCO    arch/arm64/boot/dts/overlays/si446x-spi0.dtbo
  DTCO    arch/arm64/boot/dts/overlays/smi.dtbo
  DTCO    arch/arm64/boot/dts/overlays/smi-dev.dtbo
  DTCO    arch/arm64/boot/dts/overlays/smi-nand.dtbo
  CC      scripts/mod/empty.o
  DTCO    arch/arm64/boot/dts/overlays/spi-gpio35-39.dtbo
  HOSTCC  scripts/mod/mk_elfconfig
  DTCO    arch/arm64/boot/dts/overlays/spi-gpio40-45.dtbo
  DTCO    arch/arm64/boot/dts/overlays/spi-rtc.dtbo
  DTCO    arch/arm64/boot/dts/overlays/spi0-0cs.dtbo
  CC      scripts/mod/devicetable-offsets.s
  DTCO    arch/arm64/boot/dts/overlays/spi0-1cs.dtbo
  DTCO    arch/arm64/boot/dts/overlays/spi0-1cs-inverted.dtbo
  DTCO    arch/arm64/boot/dts/overlays/spi0-2cs.dtbo
  DTCO    arch/arm64/boot/dts/overlays/spi1-1cs.dtbo
  DTCO    arch/arm64/boot/dts/overlays/spi1-2cs.dtbo
  DTCO    arch/arm64/boot/dts/overlays/spi1-3cs.dtbo
  DTCO    arch/arm64/boot/dts/overlays/spi2-1cs.dtbo
  DTCO    arch/arm64/boot/dts/overlays/spi2-1cs-pi5.dtbo
  DTCO    arch/arm64/boot/dts/overlays/spi2-2cs.dtbo
  DTCO    arch/arm64/boot/dts/overlays/spi2-2cs-pi5.dtbo
  DTCO    arch/arm64/boot/dts/overlays/spi2-3cs.dtbo
  DTCO    arch/arm64/boot/dts/overlays/spi3-1cs.dtbo
  DTCO    arch/arm64/boot/dts/overlays/spi3-1cs-pi5.dtbo
  DTCO    arch/arm64/boot/dts/overlays/spi3-2cs.dtbo
  DTCO    arch/arm64/boot/dts/overlays/spi3-2cs-pi5.dtbo
  DTCO    arch/arm64/boot/dts/overlays/spi4-1cs.dtbo
  DTCO    arch/arm64/boot/dts/overlays/spi4-2cs.dtbo
  DTCO    arch/arm64/boot/dts/overlays/spi5-1cs.dtbo
  DTCO    arch/arm64/boot/dts/overlays/spi5-1cs-pi5.dtbo
  DTCO    arch/arm64/boot/dts/overlays/spi5-2cs.dtbo
  DTCO    arch/arm64/boot/dts/overlays/spi5-2cs-pi5.dtbo
  DTCO    arch/arm64/boot/dts/overlays/spi6-1cs.dtbo
  DTCO    arch/arm64/boot/dts/overlays/spi6-2cs.dtbo
  DTCO    arch/arm64/boot/dts/overlays/ssd1306.dtbo
  DTCO    arch/arm64/boot/dts/overlays/ssd1306-spi.dtbo
  DTCO    arch/arm64/boot/dts/overlays/ssd1331-spi.dtbo
  DTCO    arch/arm64/boot/dts/overlays/ssd1351-spi.dtbo
  DTCO    arch/arm64/boot/dts/overlays/sunfounder-pipower3.dtbo
  DTCO    arch/arm64/boot/dts/overlays/sunfounder-pironman5.dtbo
  DTCO    arch/arm64/boot/dts/overlays/superaudioboard.dtbo
  DTCO    arch/arm64/boot/dts/overlays/sx150x.dtbo
  DTCO    arch/arm64/boot/dts/overlays/sysinfo.dtbo
  DTCO    arch/arm64/boot/dts/overlays/tc358743.dtbo
  DTCO    arch/arm64/boot/dts/overlays/tc358743-audio.dtbo
  DTCO    arch/arm64/boot/dts/overlays/tinylcd35.dtbo
  DTCO    arch/arm64/boot/dts/overlays/tpm-slb9670.dtbo
  DTCO    arch/arm64/boot/dts/overlays/tpm-slb9673.dtbo
  DTCO    arch/arm64/boot/dts/overlays/uart0.dtbo
  DTCO    arch/arm64/boot/dts/overlays/uart0-pi5.dtbo
  DTCO    arch/arm64/boot/dts/overlays/uart1.dtbo
  DTCO    arch/arm64/boot/dts/overlays/uart1-pi5.dtbo
  DTCO    arch/arm64/boot/dts/overlays/uart2.dtbo
  DTCO    arch/arm64/boot/dts/overlays/uart2-pi5.dtbo
arch/arm64/boot/dts/overlays/sysinfo-overlay.dts:25.3-38: Warning (model_is_string): /__overrides__:model: property is not a string
  DTCO    arch/arm64/boot/dts/overlays/uart3.dtbo
  DTCO    arch/arm64/boot/dts/overlays/uart3-pi5.dtbo
  DTCO    arch/arm64/boot/dts/overlays/uart4.dtbo
  DTCO    arch/arm64/boot/dts/overlays/uart4-pi5.dtbo
  DTCO    arch/arm64/boot/dts/overlays/uart5.dtbo
  DTCO    arch/arm64/boot/dts/overlays/udrc.dtbo
  DTCO    arch/arm64/boot/dts/overlays/ugreen-dabboard.dtbo
  UPD     scripts/mod/devicetable-offsets.h
  DTCO    arch/arm64/boot/dts/overlays/upstream.dtbo
  MKELF   scripts/mod/elfconfig.h
  DTCO    arch/arm64/boot/dts/overlays/upstream-pi4.dtbo
  DTCO    arch/arm64/boot/dts/overlays/vc4-fkms-v3d.dtbo
  DTCO    arch/arm64/boot/dts/overlays/vc4-fkms-v3d-pi4.dtbo
  HOSTCC  scripts/mod/modpost.o
  DTCO    arch/arm64/boot/dts/overlays/vc4-kms-dpi-generic.dtbo
  HOSTCC  scripts/mod/file2alias.o
  DTCO    arch/arm64/boot/dts/overlays/vc4-kms-dpi-hyperpixel2r.dtbo
  DTCO    arch/arm64/boot/dts/overlays/vc4-kms-dpi-hyperpixel4.dtbo
  HOSTCC  scripts/mod/sumversion.o
  HOSTCC  scripts/mod/symsearch.o
  DTCO    arch/arm64/boot/dts/overlays/vc4-kms-dpi-hyperpixel4sq.dtbo
  DTCO    arch/arm64/boot/dts/overlays/vc4-kms-dpi-panel.dtbo
  DTCO    arch/arm64/boot/dts/overlays/vc4-kms-dsi-7inch.dtbo
  DTCO    arch/arm64/boot/dts/overlays/vc4-kms-dsi-generic.dtbo
  DTCO    arch/arm64/boot/dts/overlays/vc4-kms-dsi-ili9881-5inch.dtbo
  DTCO    arch/arm64/boot/dts/overlays/vc4-kms-dsi-ili9881-7inch.dtbo
  DTCO    arch/arm64/boot/dts/overlays/vc4-kms-dsi-lt070me05000.dtbo
  DTCO    arch/arm64/boot/dts/overlays/vc4-kms-dsi-lt070me05000-v2.dtbo
  DTCO    arch/arm64/boot/dts/overlays/vc4-kms-dsi-waveshare-800x480.dtbo
  DTCO    arch/arm64/boot/dts/overlays/vc4-kms-dsi-waveshare-panel.dtbo
  DTCO    arch/arm64/boot/dts/overlays/vc4-kms-kippah-7inch.dtbo
  DTCO    arch/arm64/boot/dts/overlays/vc4-kms-v3d.dtbo
  DTCO    arch/arm64/boot/dts/overlays/vc4-kms-v3d-pi4.dtbo
  DTCO    arch/arm64/boot/dts/overlays/vc4-kms-v3d-pi5.dtbo
  DTCO    arch/arm64/boot/dts/overlays/vc4-kms-vga666.dtbo
  DTCO    arch/arm64/boot/dts/overlays/vga666.dtbo
  DTCO    arch/arm64/boot/dts/overlays/vl805.dtbo
  DTCO    arch/arm64/boot/dts/overlays/w1-gpio.dtbo
  DTCO    arch/arm64/boot/dts/overlays/w1-gpio-pi5.dtbo
  DTCO    arch/arm64/boot/dts/overlays/w1-gpio-pullup.dtbo
  DTCO    arch/arm64/boot/dts/overlays/w1-gpio-pullup-pi5.dtbo
  DTCO    arch/arm64/boot/dts/overlays/w5500.dtbo
  DTCO    arch/arm64/boot/dts/overlays/watterott-display.dtbo
  DTCO    arch/arm64/boot/dts/overlays/waveshare-can-fd-hat-mode-a.dtbo
  DTCO    arch/arm64/boot/dts/overlays/waveshare-can-fd-hat-mode-b.dtbo
  DTCO    arch/arm64/boot/dts/overlays/wittypi.dtbo
  DTCO    arch/arm64/boot/dts/overlays/wm8960-soundcard.dtbo
  DTCO    arch/arm64/boot/dts/overlays/ws2812-pio.dtbo
  DTC     arch/arm64/boot/dts/overlays/overlay_map.dtb
  DTC     arch/arm64/boot/dts/overlays/hat_map.dtb
  HOSTLD  scripts/mod/modpost
  CC      kernel/bounds.s
  CHKSHA1 include/linux/atomic/atomic-arch-fallback.h
  CHKSHA1 include/linux/atomic/atomic-instrumented.h
  CHKSHA1 include/linux/atomic/atomic-long.h
  UPD     include/generated/timeconst.h
  UPD     include/generated/bounds.h
  CC      arch/arm64/kernel/asm-offsets.s
  UPD     include/generated/asm-offsets.h
  LDS     arch/arm64/kernel/vdso/vdso.lds
  CC      arch/arm64/kernel/vdso/vgettimeofday.o
  AS      arch/arm64/kernel/vdso/note.o
  AS      arch/arm64/kernel/vdso/sigreturn.o
  LD      arch/arm64/kernel/vdso/vdso.so.dbg
  VDSOSYM include/generated/vdso-offsets.h
  OBJCOPY arch/arm64/kernel/vdso/vdso.so
  LDS     scripts/module.lds
  AR      usr/built-in.a
  CC      init/main.o
  AR      certs/built-in.a
  CC      init/do_mounts.o
  CC      ipc/util.o
  CC      ipc/msgutil.o
  UPD     init/utsversion-tmp.h
  CC      mm/filemap.o
  AS      arch/arm64/lib/clear_page.o
  CC      io_uring/io_uring.o
  AS      arch/arm64/lib/clear_user.o
  AS      arch/arm64/lib/copy_from_user.o
  CC      security/keys/gc.o
  CC      block/partitions/core.o
  AR      arch/arm64/kernel/probes/built-in.a
  LDS     arch/arm64/kernel/vmlinux.lds
  CC      fs/notify/dnotify/dnotify.o
  CC      lib/math/div64.o
  CC      arch/arm64/kernel/debug-monitors.o
  CC      lib/math/gcd.o
  AS      arch/arm64/kernel/entry.o
  AS      arch/arm64/lib/copy_page.o
  CC      kernel/sched/core.o
  CC      crypto/api.o
  AS      arch/arm64/lib/copy_to_user.o
  CC      fs/crypto/crypto.o
  CC      arch/arm64/lib/csum.o
  CC      io_uring/xattr.o
  CC      lib/math/lcm.o
  CC      lib/math/int_log.o
  CC      lib/math/int_pow.o
  CC      lib/math/int_sqrt.o
  CC      arch/arm64/lib/delay.o
  CC      lib/math/reciprocal_div.o
  CC      lib/crypto/memneq.o
  CC      lib/math/rational.o
  AR      fs/notify/dnotify/built-in.a
  CC      fs/notify/inotify/inotify_fsnotify.o
  CC      security/keys/key.o
  CC      arch/arm64/kernel/irq.o
  CC      crypto/cipher.o
  CC      io_uring/nop.o
  CC      ipc/msg.o
  CC      arch/arm64/lib/insn.o
  CC      fs/crypto/fname.o
  AR      lib/math/built-in.a
  CC      io_uring/fs.o
  CC      block/partitions/mac.o
  CC      lib/crypto/utils.o
  CC      fs/notify/inotify/inotify_user.o
  CC      security/commoncap.o
  CC      init/do_mounts_rd.o
  CC      crypto/compress.o
  AS      arch/arm64/lib/memchr.o
  CC      arch/arm64/kernel/fpsimd.o
  AS      arch/arm64/lib/memcmp.o
  CC      lib/crypto/chacha.o
  AS      arch/arm64/lib/memcpy.o
  CC      security/keys/keyring.o
  AS      arch/arm64/lib/memset.o
  CC      arch/arm64/mm/dma-mapping.o
  AS      arch/arm64/lib/strchr.o
  CC      lib/crypto/aes.o
  CC      fs/crypto/hkdf.o
  AS      arch/arm64/lib/strcmp.o
  CC      block/partitions/msdos.o
  AR      drivers/cache/built-in.a
  CC      drivers/irqchip/irqchip.o
  AS      arch/arm64/lib/strlen.o
  AS      arch/arm64/lib/strncmp.o
  AS      arch/arm64/lib/strnlen.o
  CC      crypto/algapi.o
  AS      arch/arm64/lib/strrchr.o
  AS      arch/arm64/lib/tishift.o
  CC      ipc/sem.o
  AS      arch/arm64/lib/crc32.o
  CC      init/noinitramfs.o
  CC [M]  arch/arm64/lib/xor-neon.o
  CC      arch/arm64/mm/extable.o
  AR      fs/notify/inotify/built-in.a
  CC      fs/notify/fanotify/fanotify.o
  CC      mm/mempool.o
  CC      lib/crypto/arc4.o
  CC      drivers/irqchip/irq-bcm2835.o
  CC      fs/crypto/hooks.o
  CC      arch/arm64/kernel/entry-common.o
  AS      arch/arm64/kernel/entry-fpsimd.o
  CC      arch/arm64/mm/fault.o
  CC      kernel/sched/fair.o
  CC      block/partitions/of.o
  CC      init/calibrate.o
  CC      security/keys/keyctl.o
  CC      lib/crypto/gf128mul.o
  AR      arch/arm64/lib/lib.a
  AR      arch/arm64/lib/built-in.a
  CC      drivers/irqchip/irq-bcm2836.o
  CC      ipc/shm.o
  CC      init/init_task.o
  CC      fs/notify/fanotify/fanotify_user.o
  CC      mm/oom_kill.o
  CC      crypto/scatterwalk.o
  CC      io_uring/splice.o
  CC      fs/crypto/keyring.o
  CC      arch/arm64/kernel/process.o
  CC      lib/crypto/blake2s.o
  CC      block/partitions/efi.o
  CC      arch/arm64/mm/init.o
  CC      drivers/irqchip/irq-gic.o
  CC      init/version.o
  CC      drivers/irqchip/irq-gic-common.o
  CC      crypto/proc.o
  CC      security/keys/permission.o
  AR      init/built-in.a
  CC      lib/crypto/blake2s-generic.o
  CC      block/bdev.o
  CC      io_uring/sync.o
  CC      io_uring/advise.o
  CC      fs/nfs_common/nfs_ssc.o
  CC      arch/arm64/kernel/ptrace.o
  CC      ipc/syscall.o
  CC      fs/crypto/keysetup.o
  CC      crypto/aead.o
  AS      arch/arm64/mm/cache.o
  CC      security/keys/process_keys.o
  CC      mm/fadvise.o
  CC      arch/arm64/mm/copypage.o
  AR      block/partitions/built-in.a
  CC [M]  fs/nfs_common/grace.o
  AR      fs/notify/fanotify/built-in.a
  CC      fs/notify/fsnotify.o
  CC      lib/crypto/sha1.o
  CC      drivers/irqchip/irq-gic-v2m.o
  CC      lib/xz/xz_dec_syms.o
  CC      io_uring/filetable.o
  CC      ipc/ipc_sysctl.o
  CC      arch/arm64/mm/flush.o
  CC      lib/crypto/sha256.o
  CC      lib/xz/xz_dec_stream.o
  CC      block/fops.o
  CC [M]  lib/crypto/libchacha.o
  CC      crypto/geniv.o
  CC      fs/crypto/keysetup_v1.o
  CC      mm/maccess.o
  CC      arch/arm64/kernel/setup.o
  CC      fs/notify/notification.o
  AR      fs/nfs_common/built-in.a
  CC      security/min_addr.o
  CC      security/keys/request_key.o
  CC      drivers/irqchip/irq-gic-v3.o
  CC      ipc/mqueue.o
  CC      lib/xz/xz_dec_lzma2.o
  CC      security/keys/request_key_auth.o
  CC [M]  lib/crypto/chacha20poly1305.o
  CC      arch/arm64/mm/ioremap.o
  CC      io_uring/openclose.o
  CC      drivers/irqchip/irq-gic-v3-mbi.o
  CC      fs/notify/group.o
  CC      fs/crypto/policy.o
  CC      mm/page-writeback.o
  CC      crypto/skcipher.o
  CC      arch/arm64/kernel/signal.o
  CC      block/bio.o
  CC      arch/arm64/net/bpf_jit_comp.o
  CC      security/keys/user_defined.o
  CC      arch/arm64/mm/mmap.o
  CC      lib/xz/xz_dec_bcj.o
  CC      kernel/sched/build_policy.o
  CC [M]  lib/crypto/curve25519-hacl64.o
  CC      mm/folio-compat.o
  CC      fs/notify/mark.o
  CC      drivers/irqchip/irq-gic-v3-its.o
  AR      lib/xz/built-in.a
  CC      io_uring/uring_cmd.o
  CC      security/keys/proc.o
  CC      arch/arm64/mm/pgd.o
  CC [M]  sound/core/oss/mixer_oss.o
  CC      fs/crypto/bio.o
  CC      ipc/namespace.o
  CC      crypto/seqiv.o
  CC      fs/iomap/trace.o
  CC      fs/notify/fdinfo.o
  CC      arch/arm64/mm/mmu.o
  CC      security/keys/sysctl.o
  CC      ipc/mq_sysctl.o
  CC      crypto/ahash.o
  CC      mm/readahead.o
  AR      fs/crypto/built-in.a
  CC      security/device_cgroup.o
  CC      block/elevator.o
  CC      arch/arm64/kernel/sys.o
  CC      io_uring/epoll.o
  AR      security/keys/built-in.a
  CC [M]  drivers/bus/mhi/host/init.o
  CC      fs/iomap/iter.o
  AR      fs/notify/built-in.a
  AR      fs/quota/built-in.a
  AR      ipc/built-in.a
  CC [M]  lib/crypto/curve25519-generic.o
  CC      arch/arm64/crypto/sha1-ce-glue.o
  CC [M]  sound/core/oss/pcm_oss.o
  AR      arch/arm64/net/built-in.a
  CC      kernel/sched/build_utility.o
  CC      arch/arm64/kernel/stacktrace.o
  CC      drivers/bus/simple-pm-bus.o
  CC      crypto/shash.o
  CC      io_uring/statx.o
  AR      security/built-in.a
  CC      fs/iomap/buffered-io.o
  CC      fs/iomap/direct-io.o
  CC      arch/arm64/mm/context.o
  AS      arch/arm64/crypto/sha1-ce-core.o
  CC      arch/arm64/crypto/sha2-ce-glue.o
  CC      mm/swap.o
  CC [M]  lib/crypto/curve25519.o
  CC      block/blk-core.o
  CC      arch/arm64/kernel/time.o
  CC [M]  drivers/bus/mhi/host/main.o
  CC      io_uring/net.o
  CC [M]  lib/crypto/des.o
  AS      arch/arm64/crypto/sha2-ce-core.o
  CC      arch/arm64/crypto/sha512-ce-glue.o
  CC [M]  sound/core/seq/oss/seq_oss.o
  AS      arch/arm64/mm/proc.o
  CC      arch/arm64/mm/pageattr.o
  CC      drivers/irqchip/irq-gic-v3-its-platform-msi.o
  CC      arch/arm64/kernel/traps.o
  CC      crypto/algboss.o
  AR      drivers/phy/allwinner/built-in.a
  AR      drivers/phy/amlogic/built-in.a
  CC      drivers/phy/broadcom/phy-brcm-usb.o
  AR      drivers/pinctrl/actions/built-in.a
  CC      drivers/pinctrl/bcm/pinctrl-bcm2712.o
  AS      arch/arm64/crypto/sha512-ce-core.o
  CC [M]  sound/core/seq/oss/seq_oss_init.o
  CC      arch/arm64/crypto/sha3-ce-glue.o
  CC      drivers/irqchip/irq-gic-v4.o
  CC      arch/arm64/mm/fixmap.o
  LD [M]  lib/crypto/libchacha20poly1305.o
  LD [M]  lib/crypto/libcurve25519-generic.o
  LD [M]  lib/crypto/libcurve25519.o
  LD [M]  lib/crypto/libdes.o
  AR      lib/crypto/built-in.a
  CC      block/blk-sysfs.o
  CC      lib/lzma/LzFind.o
  CC      mm/truncate.o
  CC [M]  sound/core/oss/pcm_plugin.o
  CC      fs/iomap/fiemap.o
  CC      crypto/testmgr.o
  CC [M]  drivers/bus/mhi/host/pm.o
  AS      arch/arm64/crypto/sha3-ce-core.o
  CC      arch/arm64/crypto/sm3-ce-glue.o
  CC      drivers/pinctrl/bcm/pinctrl-bcm2835.o
  CC [M]  sound/core/seq/oss/seq_oss_timer.o
  CC      arch/arm64/kernel/io.o
  CC      drivers/phy/broadcom/phy-brcm-usb-init.o
  CC      drivers/irqchip/irq-gic-v3-its-pci-msi.o
  CC      lib/lzma/LzmaEnc.o
  CC      io_uring/msg_ring.o
  AR      arch/arm64/mm/built-in.a
  CC      lib/lzma/LzmaDec.o
  CC      crypto/hmac.o
  CC      arch/arm64/kernel/vdso.o
  AS      arch/arm64/crypto/sm3-ce-core.o
  CC      fs/iomap/seek.o
  CC      arch/arm64/crypto/sm4-ce-cipher-glue.o
  CC      block/blk-flush.o
  CC      drivers/phy/broadcom/phy-brcm-usb-init-synopsys.o
  CC [M]  sound/core/seq/oss/seq_oss_ioctl.o
  CC [M]  sound/core/oss/io.o
  CC      drivers/irqchip/irq-partition-percpu.o
  CC      mm/vmscan.o
  AS      arch/arm64/crypto/sm4-ce-cipher-core.o
  CC [M]  sound/core/oss/copy.o
  AR      drivers/pinctrl/bcm/built-in.a
  AR      drivers/pinctrl/cirrus/built-in.a
  AR      kernel/sched/built-in.a
  AR      drivers/pinctrl/freescale/built-in.a
  CC      kernel/locking/mutex.o
  AR      drivers/pinctrl/mediatek/built-in.a
  AR      drivers/pinctrl/mvebu/built-in.a
  AR      drivers/pinctrl/nomadik/built-in.a
  AS      arch/arm64/kernel/hyp-stub.o
  CC      arch/arm64/crypto/sm4-ce-glue.o
  AR      drivers/pinctrl/nuvoton/built-in.a
  AR      drivers/pinctrl/nxp/built-in.a
  AR      drivers/pinctrl/qcom/built-in.a
  AR      drivers/pinctrl/sprd/built-in.a
  CC      arch/arm64/kernel/psci.o
  AR      drivers/pinctrl/sunplus/built-in.a
  AR      drivers/pinctrl/ti/built-in.a
  AR      drivers/phy/broadcom/built-in.a
  CC      drivers/pinctrl/core.o
  AR      drivers/phy/cadence/built-in.a
  AR      drivers/phy/freescale/built-in.a
  CC      crypto/crypto_null.o
  AR      drivers/phy/hisilicon/built-in.a
  AR      drivers/phy/ingenic/built-in.a
  AR      drivers/phy/intel/built-in.a
  AR      drivers/phy/lantiq/built-in.a
  AR      drivers/phy/marvell/built-in.a
  AR      drivers/phy/mediatek/built-in.a
  AR      drivers/phy/microchip/built-in.a
  CC      io_uring/timeout.o
  AR      drivers/phy/motorola/built-in.a
  CC      fs/iomap/swapfile.o
  AR      drivers/phy/mscc/built-in.a
  CC      arch/arm64/kernel/cpu_ops.o
  AR      drivers/phy/qualcomm/built-in.a
  AR      drivers/phy/ralink/built-in.a
  AR      drivers/phy/renesas/built-in.a
  AR      drivers/phy/rockchip/built-in.a
  CC [M]  drivers/bus/mhi/host/boot.o
  AR      drivers/phy/samsung/built-in.a
  AR      drivers/phy/socionext/built-in.a
  AR      drivers/phy/st/built-in.a
  AR      drivers/phy/starfive/built-in.a
  CC      drivers/irqchip/irq-bcm2712-mip.o
  AR      drivers/phy/sunplus/built-in.a
  AR      drivers/phy/tegra/built-in.a
  AR      drivers/phy/ti/built-in.a
  AR      drivers/phy/xilinx/built-in.a
  CC      drivers/phy/phy-core.o
  CC      block/blk-settings.o
  CC [M]  sound/core/oss/linear.o
  CC [M]  sound/core/seq/oss/seq_oss_event.o
  CC      net/core/sock.o
  CC      crypto/sha1_generic.o
  AR      lib/lzma/built-in.a
  CC      lib/dim/dim.o
  CC      arch/arm64/kernel/return_address.o
  AS      arch/arm64/crypto/sm4-ce-core.o
  CC      kernel/locking/semaphore.o
  CC      arch/arm64/crypto/ghash-ce-glue.o
  AR      fs/iomap/built-in.a
  CC      drivers/irqchip/irq-bcm7038-l1.o
  CC [M]  sound/core/oss/mulaw.o
  CC      lib/dim/net_dim.o
  CC [M]  drivers/bus/mhi/host/debugfs.o
  CC      fs/proc/task_mmu.o
  CC [M]  sound/core/seq/oss/seq_oss_rw.o
  CC      crypto/sha256_generic.o
  CC      io_uring/sqpoll.o
  CC      drivers/pinctrl/pinctrl-utils.o
  CC      block/blk-ioc.o
  CC      arch/arm64/kernel/cpuinfo.o
  AR      drivers/phy/built-in.a
  CC      fs/kernfs/mount.o
  CC      kernel/locking/rwsem.o
  CC      lib/dim/rdma_dim.o
  CC      crypto/sha512_generic.o
  CC [M]  sound/core/oss/route.o
  CC      drivers/irqchip/irq-bcm7120-l2.o
  CC [M]  sound/core/seq/oss/seq_oss_synth.o
  CC      drivers/pinctrl/pinmux.o
  AS      arch/arm64/crypto/ghash-ce-core.o
  AS      arch/arm64/crypto/aes-ce-core.o
  CC      arch/arm64/crypto/aes-ce-glue.o
  LD [M]  drivers/bus/mhi/host/mhi.o
  AR      drivers/bus/mhi/built-in.a
  CC      arch/arm64/kernel/cpu_errata.o
  AR      drivers/bus/built-in.a
  CC      fs/kernfs/inode.o
  CC      block/blk-map.o
  AR      lib/dim/built-in.a
  CC      fs/proc/inode.o
  CC      lib/fonts/fonts.o
  CC      io_uring/fdinfo.o
  CC      lib/fonts/font_8x8.o
  CC [M]  sound/core/oss/rate.o
  AR      virt/lib/built-in.a
  AR      virt/built-in.a
  CC      kernel/power/qos.o
  CC      crypto/sha3_generic.o
  CC      drivers/irqchip/irq-brcmstb-l2.o
  CC      arch/arm64/crypto/aes-ce-ccm-glue.o
  CC      kernel/locking/percpu-rwsem.o
  CC      drivers/pinctrl/pinconf.o
  CC      lib/fonts/font_8x16.o
  CC      arch/arm64/kernel/cpufeature.o
  CC [M]  sound/core/seq/oss/seq_oss_midi.o
  CC      fs/kernfs/dir.o
  CC      fs/proc/root.o
  CC      crypto/sm3.o
  LD [M]  sound/core/oss/snd-mixer-oss.o
  LD [M]  sound/core/oss/snd-pcm-oss.o
  CC      kernel/power/main.o
  CC      kernel/locking/spinlock.o
  CC      drivers/pinctrl/pinconf-generic.o
  AR      lib/fonts/built-in.a
  CC [M]  lib/zlib_inflate/inffast.o
  CC      block/blk-merge.o
  AR      drivers/irqchip/built-in.a
  CC      io_uring/tctx.o
  CC [M]  lib/zlib_inflate/inflate.o
  AS      arch/arm64/crypto/aes-ce-ccm-core.o
  CC      fs/sysfs/file.o
  CC      arch/arm64/crypto/aes-glue-ce.o
  CC      fs/sysfs/dir.o
  CC      kernel/locking/osq_lock.o
  CC [M]  sound/core/seq/oss/seq_oss_readq.o
  CC      fs/proc/base.o
  CC      drivers/pinctrl/devicetree.o
  CC      net/core/request_sock.o
  CC [M]  lib/zlib_inflate/infutil.o
  CC      kernel/locking/qspinlock.o
  CC      io_uring/poll.o
  CC      fs/sysfs/symlink.o
  CC      fs/kernfs/file.o
  CC      kernel/power/console.o
  CC      arch/arm64/kernel/alternative.o
  CC      crypto/ecb.o
  CC [M]  sound/core/seq/seq.o
  CC [M]  sound/core/seq/oss/seq_oss_writeq.o
  AS      arch/arm64/crypto/aes-ce.o
  CC [M]  lib/zlib_inflate/inftrees.o
  CC      drivers/pinctrl/pinctrl-rp1.o
  CC      arch/arm64/crypto/aes-glue-neon.o
  CC [M]  lib/zlib_inflate/inflate_syms.o
  CC      block/blk-timeout.o
  CC      kernel/locking/rtmutex_api.o
  CC      mm/shmem.o
  CC      fs/sysfs/mount.o
  CC      crypto/cbc.o
  CC      net/core/skbuff.o
  CC      drivers/pinctrl/pinctrl-single.o
  LD [M]  sound/core/seq/oss/snd-seq-oss.o
  CC [M]  sound/core/seq/seq_lock.o
  CC      arch/arm64/kernel/cacheinfo.o
  CC      kernel/power/process.o
  LD [M]  lib/zlib_inflate/zlib_inflate.o
  CC [M]  lib/zlib_deflate/deflate.o
  CC      fs/kernfs/symlink.o
  CC      io_uring/cancel.o
  AS      arch/arm64/crypto/aes-neon.o
  CC      crypto/cts.o
  CC      arch/arm64/crypto/sha256-glue.o
  CC      block/blk-lib.o
  CC      fs/sysfs/group.o
  CC [M]  sound/core/seq/seq_clientmgr.o
  CC      net/llc/llc_core.o
  CC      arch/arm64/kernel/smp.o
  CC      fs/proc/generic.o
  AR      fs/kernfs/built-in.a
  CC      fs/configfs/inode.o
  CC      kernel/locking/qrwlock.o
  PERLASM arch/arm64/crypto/sha256-core.S
  CC [M]  lib/zlib_deflate/deftree.o
  CC      arch/arm64/crypto/sha512-glue.o
  CC      kernel/power/suspend.o
  CC      crypto/xts.o
  AR      drivers/pinctrl/built-in.a
  AR      fs/sysfs/built-in.a
  CC      io_uring/kbuf.o
  PERLASM arch/arm64/crypto/sha512-core.S
  CC      drivers/gpio/gpiolib.o
  CC      kernel/printk/printk.o
  CC      block/blk-mq.o
  CC      net/llc/llc_input.o
  AR      kernel/locking/built-in.a
  CC      fs/configfs/file.o
  AS      arch/arm64/crypto/aes-cipher-core.o
  CC [M]  sound/core/sound.o
  CC      arch/arm64/crypto/aes-cipher-glue.o
  CC [M]  lib/zlib_deflate/deflate_syms.o
  CC      arch/arm64/kernel/smp_spin_table.o
  CC      fs/proc/array.o
  CC      crypto/ctr.o
  CC      kernel/power/poweroff.o
  LD [M]  lib/zlib_deflate/zlib_deflate.o
  CC [M]  lib/reed_solomon/reed_solomon.o
  AS      arch/arm64/crypto/aes-neonbs-core.o
  CC      arch/arm64/crypto/aes-neonbs-glue.o
  CC      fs/configfs/dir.o
  CC      mm/util.o
  CC [M]  sound/core/seq/seq_memory.o
  CC [M]  sound/drivers/mpu401/mpu401_uart.o
  AR      kernel/power/built-in.a
  CC [M]  sound/core/init.o
  CC      net/llc/llc_output.o
  CC      arch/arm64/kernel/topology.o
  CC      io_uring/rsrc.o
  CC      crypto/gcm.o
  CC      fs/proc/fd.o
  AS      arch/arm64/kernel/smccc-call.o
  AS [M]  arch/arm64/crypto/chacha-neon-core.o
  CC      arch/arm64/kernel/syscall.o
  CC [M]  arch/arm64/crypto/chacha-neon-glue.o
  CC [M]  lib/lzo/lzo1x_compress.o
  CC [M]  sound/core/seq/seq_queue.o
  LD [M]  sound/drivers/mpu401/snd-mpu401-uart.o
  AR      net/llc/built-in.a
  CC [M]  sound/drivers/dummy.o
  CC      drivers/pwm/core.o
  CC      kernel/printk/printk_safe.o
  CC      mm/mmzone.o
  CC      fs/devpts/inode.o
  CC      drivers/gpio/gpiolib-devres.o
  CC      fs/configfs/symlink.o
  PERLASM arch/arm64/crypto/poly1305-core.S
  CC      crypto/ccm.o
  CC [M]  arch/arm64/crypto/poly1305-glue.o
  CC [M]  lib/lzo/lzo1x_compress_safe.o
  CC      fs/proc/proc_tty.o
  CC      arch/arm64/kernel/proton-pack.o
  CC      io_uring/rw.o
  CC      kernel/printk/printk_ringbuffer.o
  CC      mm/vmstat.o
  CC [M]  sound/core/seq/seq_fifo.o
  CC      drivers/pwm/sysfs.o
  AR      fs/devpts/built-in.a
  CC      fs/configfs/mount.o
  CC [M]  sound/drivers/virmidi.o
  CC      drivers/gpio/gpiolib-legacy.o
  CC      block/blk-mq-tag.o
  LD [M]  arch/arm64/crypto/chacha-neon.o
  AS [M]  arch/arm64/crypto/poly1305-core.o
  CC [M]  lib/lzo/lzo1x_decompress_safe.o
  AS      arch/arm64/crypto/sha256-core.o
  AS      arch/arm64/crypto/sha512-core.o
  CC      fs/proc/cmdline.o
  LD [M]  arch/arm64/crypto/poly1305-neon.o
  AR      arch/arm64/crypto/built-in.a
  CC      fs/ext4/balloc.o
  CC      net/core/datagram.o
  CC      kernel/printk/sysctl.o
  CC [M]  sound/core/seq/seq_prioq.o
  CC      crypto/pcrypt.o
  CC      drivers/pwm/pwm-bcm2835.o
  CC      drivers/gpio/gpiolib-of.o
  LD [M]  sound/drivers/snd-dummy.o
  LD [M]  sound/drivers/snd-virmidi.o
  CC      block/blk-stat.o
  CC      kernel/irq/irqdesc.o
  CC      fs/configfs/item.o
  CC      arch/arm64/kernel/idreg-override.o
  CC      fs/proc/consoles.o
  AR      kernel/printk/built-in.a
  CC      io_uring/opdef.o
  LD [M]  lib/lzo/lzo_compress.o
  LD [M]  lib/lzo/lzo_decompress.o
  CC [M]  lib/zstd/zstd_compress_module.o
  CC      drivers/pwm/pwm-brcmstb.o
  CC      kernel/irq/handle.o
  CC [M]  sound/core/seq/seq_timer.o
  CC      crypto/cryptd.o
  AR      fs/configfs/built-in.a
  CC      drivers/pci/msi/pcidev_msi.o
  CC      fs/proc/cpuinfo.o
  CC [M]  sound/core/memory.o
  CC [M]  lib/zstd/compress/fse_compress.o
  CC      mm/backing-dev.o
  CC      arch/arm64/kernel/idle.o
  CC      drivers/gpio/gpiolib-cdev.o
  CC      block/blk-mq-sysfs.o
  CC      fs/ext4/bitmap.o
  CC      block/blk-mq-cpumap.o
  CC      drivers/pwm/pwm-gpio.o
  CC      io_uring/notif.o
  CC      kernel/irq/manage.o
  CC [M]  lib/zstd/compress/hist.o
  CC      fs/proc/devices.o
  CC      arch/arm64/kernel/patching.o
  CC      drivers/pci/msi/api.o
  CC      net/core/stream.o
  CC [M]  lib/zstd/compress/huf_compress.o
  CC      drivers/gpio/gpiolib-sysfs.o
  CC [M]  sound/core/seq/seq_system.o
  CC      crypto/aes_generic.o
  CC      drivers/pwm/pwm-rp1.o
  CC      crypto/sm4.o
  CC      fs/ext4/block_validity.o
  CC      block/blk-mq-sched.o
  CC      drivers/pci/msi/msi.o
  CC      fs/proc/interrupts.o
  CC      arch/arm64/kernel/module.o
  CC [M]  sound/core/seq/seq_ports.o
  CC      io_uring/io-wq.o
  CC      mm/mm_init.o
  CC      kernel/rcu/update.o
  CC [M]  lib/zstd/compress/zstd_compress.o
  CC      drivers/gpio/gpiolib-swnode.o
  AR      drivers/pwm/built-in.a
  CC      drivers/gpio/gpio-mmio.o
  CC [M]  lib/raid6/algos.o
  CC      net/core/scm.o
  CC      fs/proc/loadavg.o
  CC      crypto/crc32c_generic.o
  CC      kernel/irq/spurious.o
  CC      fs/ext4/dir.o
  CC      arch/arm64/kernel/module-plts.o
  CC [M]  sound/core/seq/seq_info.o
  CC      block/ioctl.o
  CC      net/ethernet/eth.o
  CC      drivers/pci/msi/irqdomain.o
  CC      crypto/crc32_generic.o
  CC      fs/proc/meminfo.o
  CC [M]  lib/raid6/recov.o
  CC      drivers/gpio/gpio-bcm-virt.o
  CC      kernel/irq/resend.o
  CC [M]  sound/core/seq/seq_dummy.o
  AS      arch/arm64/kernel/sleep.o
  CC      crypto/rng.o
  CC      arch/arm64/kernel/suspend.o
  AR      io_uring/built-in.a
  AR      kernel/livepatch/built-in.a
  CC      fs/proc/stat.o
  CC      kernel/rcu/sync.o
  CC      mm/percpu.o
  AR      drivers/pci/msi/built-in.a
  CC      drivers/pci/pcie/portdrv.o
  CC      net/core/gen_stats.o
  HOSTCC  lib/raid6/mktables
  CC      fs/ext4/ext4_jbd2.o
  CC      drivers/gpio/gpio-brcmstb.o
  CC      drivers/gpio/gpio-raspberrypi-exp.o
  CC      kernel/irq/chip.o
  CC [M]  sound/core/seq/seq_midi.o
  UNROLL  lib/raid6/int1.c
  UNROLL  lib/raid6/int2.c
  UNROLL  lib/raid6/int4.c
  UNROLL  lib/raid6/int8.c
  UNROLL  lib/raid6/int16.c
  UNROLL  lib/raid6/int32.c
  CC [M]  lib/raid6/neon.o
  CC      kernel/rcu/srcutree.o
  CC      block/genhd.o
  AR      net/ethernet/built-in.a
  CC      arch/arm64/kernel/cpuidle.o
  CC [M]  sound/pci/ac97/ac97_codec.o
  CC      fs/proc/uptime.o
  CC      crypto/drbg.o
  CC [M]  drivers/gpio/gpio-74x164.o
  CC      drivers/pci/pcie/rcec.o
  CC [M]  sound/core/seq/seq_midi_event.o
  CC      crypto/jitterentropy.o
  UNROLL  lib/raid6/neon1.c
  UNROLL  lib/raid6/neon2.c
  UNROLL  lib/raid6/neon4.c
  UNROLL  lib/raid6/neon8.c
  CC [M]  lib/raid6/recov_neon.o
  CC      kernel/rcu/tree.o
  CC      fs/ext4/extents.o
  CC      arch/arm64/kernel/pci.o
  CC      net/core/gen_estimator.o
  CC      fs/proc/util.o
  CC [M]  lib/zstd/compress/zstd_compress_literals.o
  CC      kernel/irq/dummychip.o
  CC [M]  lib/zstd/compress/zstd_compress_sequences.o
  CC [M]  drivers/gpio/gpio-cascade.o
  CC      drivers/pci/pcie/aspm.o
  CC      arch/arm64/kernel/elfcore.o
  CC      fs/proc/version.o
  CC      crypto/jitterentropy-kcapi.o
  CC [M]  lib/zstd/compress/zstd_compress_superblock.o
  CC      block/ioprio.o
  CC [M]  sound/core/seq/seq_virmidi.o
  CC      kernel/dma/mapping.o
  CC [M]  lib/raid6/recov_neon_inner.o
  CC      kernel/irq/devres.o
  CC [M]  lib/zstd/compress/zstd_double_fast.o
  CC      fs/proc/softirqs.o
  CC [M]  drivers/gpio/gpio-pca953x.o
  CC      arch/arm64/kernel/pointer_auth.o
  TABLE   lib/raid6/tables.c
  CC [M]  lib/raid6/int1.o
  CC      net/core/net_namespace.o
  CC      mm/slab_common.o
  CC      crypto/ghash-generic.o
  CC      kernel/irq/generic-chip.o
  LD [M]  sound/core/seq/snd-seq.o
  LD [M]  sound/core/seq/snd-seq-dummy.o
  LD [M]  sound/core/seq/snd-seq-midi.o
  LD [M]  sound/core/seq/snd-seq-midi-event.o
  LD [M]  sound/core/seq/snd-seq-virmidi.o
  CC [M]  sound/core/control.o
  CC      block/badblocks.o
  AS      arch/arm64/kernel/vdso-wrap.o
  CC      fs/proc/namespaces.o
  AS      arch/arm64/kernel/head.o
  CC      kernel/dma/direct.o
  AR      arch/arm64/kernel/built-in.a
  CC      drivers/pci/pcie/aer.o
  CC      crypto/hash_info.o
  AR      arch/arm64/built-in.a
  CC [M]  crypto/kpp.o
  CC      drivers/pci/hotplug/pci_hotplug_core.o
  CC [M]  lib/raid6/int2.o
  CC      kernel/irq/autoprobe.o
  CC      block/blk-rq-qos.o
  CC      mm/compaction.o
  CC      fs/proc/self.o
  CC [M]  drivers/gpio/gpio-pcf857x.o
  CC      kernel/dma/ops_helpers.o
  CC [M]  lib/raid6/int4.o
  CC      drivers/pci/hotplug/shpchp_core.o
  CC [M]  crypto/acompress.o
  CC      net/core/secure_seq.o
  CC      drivers/pci/pcie/err.o
  CC      kernel/irq/irqdomain.o
  CC      fs/proc/thread_self.o
  CC      block/disk-events.o
  CC [M]  sound/pci/ac97/ac97_pcm.o
  CC      kernel/dma/dummy.o
  CC [M]  sound/core/misc.o
  CC      drivers/pci/hotplug/shpchp_ctrl.o
  AR      drivers/gpio/built-in.a
  CC [M]  lib/raid6/int8.o
  CC      fs/ext4/extents_status.o
  CC [M]  lib/raid6/int16.o
  CC      fs/proc/proc_sysctl.o
  CC [M]  crypto/scompress.o
  CC      drivers/pci/pcie/aer_inject.o
  CC [M]  lib/zstd/compress/zstd_fast.o
  CC      kernel/rcu/rcu_segcblist.o
  CC      kernel/dma/contiguous.o
  CC [M]  sound/core/device.o
  CC      kernel/irq/proc.o
  CC      net/core/flow_dissector.o
  CC      block/blk-ia-ranges.o
  CC [M]  sound/pci/ac97/ac97_proc.o
  CC      net/core/sysctl_net_core.o
  CC [M]  lib/raid6/int32.o
  CC      drivers/pci/hotplug/shpchp_pci.o
  CC [M]  crypto/crypto_user_base.o
  AR      kernel/rcu/built-in.a
  CC      fs/ext4/file.o
  CC      drivers/pci/pcie/pme.o
  CC [M]  sound/core/info.o
  CC      kernel/dma/coherent.o
  CC      mm/show_mem.o
  CC      kernel/irq/cpuhotplug.o
  CC      block/early-lookup.o
  CC [M]  lib/raid6/neon1.o
  CC      fs/ext4/fsmap.o
  CC      drivers/pci/hotplug/shpchp_sysfs.o
  LD [M]  sound/pci/ac97/snd-ac97-codec.o
  CC [M]  sound/pci/ens1371.o
  CC      kernel/dma/swiotlb.o
  CC [M]  lib/raid6/neon2.o
  CC      fs/proc/proc_net.o
  CC      drivers/pci/pcie/dpc.o
  CC      kernel/irq/pm.o
  CC [M]  sound/core/info_oss.o
  CC      fs/jbd2/transaction.o
  CC [M]  crypto/cmac.o
  CC      net/802/p8022.o
  CC      drivers/pci/hotplug/shpchp_hpc.o
  CC      block/blk-cgroup.o
  CC [M]  lib/raid6/neon4.o
  CC      mm/shmem_quota.o
  CC [M]  sound/core/sound_oss.o
  AR      drivers/pci/pcie/built-in.a
  CC      lib/argv_split.o
  CC      fs/ext4/fsync.o
  CC      net/core/dev.o
  CC      fs/proc/kmsg.o
  CC [M]  crypto/md5.o
  CC [M]  lib/raid6/neon8.o
  CC [M]  lib/zstd/compress/zstd_lazy.o
  CC      kernel/irq/msi.o
  CC      kernel/dma/pool.o
  AR      kernel/entry/built-in.a
  CC      mm/interval_tree.o
  CC      fs/squashfs/block.o
  CC      net/802/psnap.o
  CC [M]  sound/core/vmaster.o
  CC [M]  sound/pci/intel8x0.o
  AR      drivers/pci/hotplug/built-in.a
  CC      drivers/pci/controller/dwc/pcie-designware.o
  AR      fs/proc/built-in.a
  AR      drivers/pci/controller/mobiveil/built-in.a
  CC      drivers/pci/controller/dwc/pcie-designware-host.o
  CC [M]  lib/raid6/tables.o
  CC      fs/ext4/hash.o
  CC [M]  crypto/blake2b_generic.o
  CC      kernel/dma/remap.o
  CC      fs/jbd2/commit.o
  CC [M]  sound/core/ctljack.o
  CC      fs/squashfs/cache.o
  CC      net/802/stp.o
  CC      mm/list_lru.o
  CC      block/blk-cgroup-rwstat.o
  LD [M]  lib/raid6/raid6_pq.o
  CC      kernel/irq/ipi.o
  CC [M]  crypto/pcbc.o
  CC [M]  sound/core/jack.o
  AR      kernel/dma/built-in.a
  CC [M]  crypto/des_generic.o
  CC      drivers/pci/controller/dwc/pcie-designware-plat.o
  CC      fs/ext4/ialloc.o
  CC      kernel/irq/affinity.o
  CC      fs/squashfs/dir.o
  CC      mm/workingset.o
  CC [M]  sound/core/hwdep.o
  CC [M]  lib/zstd/compress/zstd_ldm.o
  AR      net/802/built-in.a
  CC      drivers/pci/controller/pci-host-common.o
  CC [M]  crypto/fcrypt.o
  CC [M]  sound/pci/via82xx.o
  CC      block/blk-throttle.o
  AR      kernel/irq/built-in.a
  AR      drivers/pci/controller/dwc/built-in.a
  CC      kernel/module/main.o
  CC      mm/debug.o
  CC      block/blk-mq-pci.o
  CC      fs/jbd2/recovery.o
  CC      fs/squashfs/export.o
  LD [M]  sound/pci/snd-ens1371.o
  CC      fs/jbd2/checkpoint.o
  CC      fs/ext4/indirect.o
  CC      drivers/pci/controller/pci-host-generic.o
  CC [M]  crypto/arc4.o
  CC [M]  sound/core/timer.o
  CC      fs/squashfs/file.o
  CC      fs/ramfs/inode.o
  CC [M]  crypto/michael_mic.o
  CC      mm/gup.o
  CC      lib/bug.o
  CC      net/sched/sch_generic.o
  CC      drivers/pci/controller/pcie-microchip-host.o
  CC      net/core/dev_addr_lists.o
  LD [M]  sound/pci/snd-intel8x0.o
  LD [M]  sound/pci/snd-via82xx.o
  CC      fs/jbd2/revoke.o
  CC      kernel/module/strict_rwx.o
  CC [M]  crypto/lzo.o
  CC      block/blk-pm.o
  CC      fs/ramfs/file-mmu.o
  CC      fs/ext4/inline.o
  AR      drivers/pci/switch/built-in.a
  CC      fs/squashfs/fragment.o
  CC [M]  lib/zstd/compress/zstd_opt.o
  CC      fs/exportfs/expfs.o
  CC [M]  crypto/lzo-rle.o
  CC      kernel/module/kmod.o
  CC      drivers/pci/controller/pcie-brcmstb.o
  AR      fs/ramfs/built-in.a
  CC [M]  crypto/xxhash_generic.o
  CC      fs/jbd2/journal.o
  AR      block/built-in.a
  CC [M]  crypto/af_alg.o
  CC      fs/squashfs/id.o
  CC [M]  sound/core/pcm.o
  CC [M]  crypto/algif_hash.o
  CC      fs/ext4/inode.o
  AR      fs/exportfs/built-in.a
  CC      lib/buildid.o
  CC      kernel/time/time.o
  CC      mm/mmap_lock.o
  CC      fs/squashfs/inode.o
  CC      kernel/module/kallsyms.o
  CC      net/sched/sch_mq.o
  AR      drivers/pci/controller/built-in.a
  CC      drivers/pci/access.o
  CC      kernel/time/timer.o
  CC [M]  sound/core/pcm_native.o
  CC      mm/highmem.o
  CC [M]  sound/core/pcm_lib.o
  CC      kernel/module/procfs.o
  CC      fs/squashfs/namei.o
  CC      drivers/video/console/dummycon.o
  CC [M]  crypto/algif_skcipher.o
  CC      net/core/dst.o
  AR      fs/jbd2/built-in.a
  CC      net/netlink/af_netlink.o
  CC      kernel/module/sysfs.o
  CC      mm/memory.o
  CC      fs/squashfs/super.o
  AR      drivers/video/console/built-in.a
  CC      net/sched/sch_frag.o
  CC      drivers/video/logo/logo.o
  CC      fs/ext4/ioctl.o
  CC      drivers/pci/bus.o
  HOSTCC  drivers/video/logo/pnmtologo
  AR      drivers/idle/built-in.a
  CC      kernel/time/hrtimer.o
  AR      kernel/module/built-in.a
  CC [M]  sound/core/pcm_misc.o
  CC [M]  crypto/algif_rng.o
  CC      fs/nls/nls_base.o
  LOGO    drivers/video/logo/logo_linux_clut224.c
  CC      drivers/video/logo/logo_linux_clut224.o
  CC      fs/squashfs/symlink.o
  AR      drivers/video/logo/built-in.a
  AR      drivers/video/backlight/built-in.a
  CC      drivers/video/fbdev/core/fb_notify.o
  CC      net/core/netevent.o
  AR      drivers/video/fbdev/omap/built-in.a
  AR      fs/unicode/built-in.a
  CC      lib/cmdline.o
  CC      drivers/pci/probe.o
  CC      fs/ext4/mballoc.o
  CC      net/sched/sch_api.o
  CC [M]  sound/usb/card.o
  CC      fs/nls/nls_ascii.o
  CC      fs/squashfs/decompressor.o
  CC      drivers/video/fbdev/core/fb_info.o
  CC [M]  sound/usb/clock.o
  CC      net/core/neighbour.o
  CC [M]  crypto/algif_aead.o
  CC      kernel/time/timekeeping.o
  CC [M]  fs/nls/nls_cp437.o
  CC [M]  sound/usb/endpoint.o
  CC      fs/squashfs/page_actor.o
  CC [M]  sound/core/pcm_memory.o
  CC [M]  fs/nls/nls_iso8859-1.o
  CC      fs/squashfs/file_direct.o
  CC      kernel/futex/core.o
  CC      drivers/video/fbdev/core/fbmem.o
  CC      net/netlink/genetlink.o
  CC      drivers/pci/host-bridge.o
  CC [M]  sound/core/memalloc.o
  CC [M]  fs/nls/nls_utf8.o
  CC      drivers/pci/remove.o
  CC      mm/mincore.o
  CC [M]  crypto/zstd.o
  CC      fs/squashfs/decompressor_multi_percpu.o
  CC      kernel/time/ntp.o
  CC      net/sched/sch_blackhole.o
  CC [M]  sound/usb/format.o
  CC [M]  fs/nls/nls_ucs2_utils.o
  AR      drivers/char/ipmi/built-in.a
  CC      mm/mlock.o
  CC      kernel/futex/syscalls.o
  CC [M]  sound/core/pcm_timer.o
  CC      drivers/pci/pci.o
  CC [M]  crypto/ecc.o
  AR      fs/nls/built-in.a
  CC      drivers/video/fbdev/core/fbcmap.o
  CC      fs/ext4/migrate.o
  CC      net/bpf/test_run.o
  CC      fs/squashfs/xz_wrapper.o
  CC      kernel/time/clocksource.o
  CC      net/sched/cls_api.o
  CC [M]  sound/usb/helper.o
  CC [M]  sound/core/seq_device.o
  CC      kernel/futex/pi.o
  AR      fs/squashfs/built-in.a
  CC      kernel/futex/requeue.o
  CC      net/netlink/policy.o
  CC [M]  sound/usb/implicit.o
  CC      drivers/video/fbdev/core/modedb.o
  AR      drivers/video/fbdev/omap2/omapfb/dss/built-in.a
  CC      kernel/time/jiffies.o
  AR      drivers/video/fbdev/omap2/omapfb/displays/built-in.a
  AR      drivers/video/fbdev/omap2/omapfb/built-in.a
  AR      drivers/video/fbdev/omap2/built-in.a
  CC      drivers/video/aperture.o
  CC [M]  sound/core/rawmidi.o
  CC      net/core/rtnetlink.o
  CC      mm/mmap.o
  CC      drivers/video/fbdev/bcm2708_fb.o
  CC      kernel/futex/waitwake.o
  CC      fs/ext4/mmp.o
  CC      kernel/time/timer_list.o
  CC [M]  lib/zstd/zstd_decompress_module.o
  AR      net/netlink/built-in.a
  CC      drivers/pci/pci-driver.o
  CC [M]  crypto/ecdh.o
  CC [M]  sound/usb/mixer.o
  CC      drivers/video/fbdev/core/fbcvt.o
  CC      drivers/amba/bus.o
  CC [M]  lib/zstd/decompress/huf_decompress.o
  AR      kernel/futex/built-in.a
  CC      net/bpf/bpf_dummy_struct_ops.o
  CC      net/sched/act_api.o
  CC      kernel/time/timeconv.o
  CC [M]  crypto/ecdh_helper.o
  CC [M]  crypto/xor.o
  CC      fs/ext4/move_extent.o
  CC      drivers/video/fbdev/core/fb_cmdline.o
  CC      mm/mmu_gather.o
  CC      kernel/time/timecounter.o
  CC      net/core/utils.o
  AR      drivers/amba/built-in.a
  CC      kernel/time/alarmtimer.o
  CC [M]  sound/usb/mixer_quirks.o
  CC      drivers/pci/search.o
  CC      lib/cpumask.o
  CC [M]  sound/core/compress_offload.o
  AR      net/bpf/built-in.a
  LD [M]  sound/core/snd.o
  LD [M]  crypto/crypto_acompress.o
  LD [M]  crypto/crypto_user.o
  LD [M]  crypto/ecdh_generic.o
  CC      fs/jffs2/compr.o
  AR      crypto/built-in.a
  CC      fs/jffs2/dir.o
  CC      fs/jffs2/file.o
  CC [M]  lib/zstd/decompress/zstd_ddict.o
  CC      drivers/video/fbdev/core/fb_backlight.o
  CC      fs/ext4/namei.o
  CC      net/ethtool/ioctl.o
  CC      drivers/pci/pci-sysfs.o
  CC      kernel/time/posix-timers.o
  CC [M]  lib/zstd/decompress/zstd_decompress.o
  CC      mm/mprotect.o
  CC [M]  net/netfilter/ipset/ip_set_core.o
  CC      kernel/time/posix-cpu-timers.o
  LD [M]  sound/core/snd-hwdep.o
  LD [M]  sound/core/snd-timer.o
  LD [M]  sound/core/snd-pcm.o
  LD [M]  sound/core/snd-seq-device.o
  LD [M]  sound/core/snd-rawmidi.o
  LD [M]  sound/core/snd-compress.o
  CC      net/ethtool/common.o
  CC      kernel/time/posix-clock.o
  CC      kernel/cgroup/cgroup.o
  CC      fs/jffs2/ioctl.o
  CC      net/sched/sch_fifo.o
  CC      drivers/video/fbdev/core/fbmon.o
  CC [M]  lib/zstd/decompress/zstd_decompress_block.o
  CC [M]  sound/usb/mixer_scarlett.o
  CC      fs/jffs2/nodelist.o
  CC      drivers/video/fbdev/simplefb.o
  CC      drivers/pci/rom.o
  CC      fs/overlayfs/super.o
  CC      mm/mremap.o
  CC      drivers/video/fbdev/core/fb_chrdev.o
  CC      kernel/time/itimer.o
  CC [M]  lib/zstd/zstd_common_module.o
  CC      net/core/link_watch.o
  CC      net/sched/sch_fq_codel.o
  CC [M]  sound/usb/mixer_scarlett2.o
  CC      drivers/pci/setup-res.o
  CC      fs/jffs2/malloc.o
  CC      drivers/video/cmdline.o
  AR      drivers/clk/actions/built-in.a
  AR      drivers/clk/analogbits/built-in.a
  CC      drivers/clk/bcm/clk-bcm2711-dvp.o
  CC      kernel/time/clockevents.o
  CC      drivers/video/fbdev/core/fb_procfs.o
  CC [M]  net/netfilter/ipset/ip_set_getport.o
  CC      fs/overlayfs/namei.o
  CC [M]  lib/zstd/common/debug.o
  CC      mm/msync.o
  CC      fs/ext4/page-io.o
  CC      fs/jffs2/read.o
  CC [M]  lib/zstd/common/entropy_common.o
  CC      net/core/filter.o
  AR      drivers/clk/imgtec/built-in.a
  CC      drivers/clk/bcm/clk-bcm2835.o
  CC      drivers/clk/bcm/clk-bcm2835-aux.o
  CC      drivers/pci/irq.o
  CC [M]  lib/zstd/common/error_private.o
  CC      net/ethtool/netlink.o
  CC [M]  lib/zstd/common/fse_decompress.o
  CC      drivers/video/fbdev/core/fbsysfs.o
  CC      kernel/time/tick-common.o
  CC      net/sched/ematch.o
  AR      drivers/dma/idxd/built-in.a
  AR      drivers/dma/mediatek/built-in.a
  AR      drivers/dma/qcom/built-in.a
  AR      drivers/dma/ti/built-in.a
  AR      drivers/dma/xilinx/built-in.a
  CC      fs/jffs2/nodemgmt.o
  CC      drivers/dma/dmaengine.o
  CC [M]  sound/usb/mixer_us16x08.o
  CC [M]  lib/zstd/common/zstd_common.o
  CC      mm/page_vma_mapped.o
  CC      drivers/pci/vpd.o
  CC      fs/overlayfs/util.o
  LD [M]  lib/zstd/zstd_compress.o
  LD [M]  lib/zstd/zstd_decompress.o
  LD [M]  lib/zstd/zstd_common.o
  CC      lib/ctype.o
  CC [M]  net/netfilter/ipset/pfxlen.o
  CC      lib/dec_and_lock.o
  CC      fs/ext4/readpage.o
  CC      drivers/clk/bcm/clk-raspberrypi.o
  CC      net/ethtool/bitset.o
  CC      lib/decompress.o
  CC      kernel/time/tick-broadcast.o
  CC      drivers/video/fbdev/core/fbcon.o
  CC      lib/dump_stack.o
  CC      mm/pagewalk.o
  CC      fs/jffs2/readinode.o
  CC [M]  sound/usb/mixer_s1810c.o
  CC [M]  net/sched/act_police.o
  CC      drivers/pci/setup-bus.o
  AR      drivers/clk/bcm/built-in.a
  AR      drivers/clk/imx/built-in.a
  AR      drivers/clk/ingenic/built-in.a
  AR      drivers/clk/mediatek/built-in.a
  AR      drivers/clk/microchip/built-in.a
  AR      drivers/clk/mstar/built-in.a
  AR      drivers/clk/mvebu/built-in.a
  AR      drivers/clk/ralink/built-in.a
  AR      drivers/clk/renesas/built-in.a
  AR      drivers/clk/socfpga/built-in.a
  AR      drivers/clk/sprd/built-in.a
  AR      drivers/clk/starfive/built-in.a
  AR      drivers/clk/sunxi-ng/built-in.a
  CC      drivers/dma/virt-dma.o
  CC      fs/ext4/resize.o
  AR      drivers/clk/ti/built-in.a
  AR      drivers/clk/versatile/built-in.a
  AR      drivers/clk/xilinx/built-in.a
  CC      drivers/clk/clk-devres.o
  CC      kernel/cgroup/rstat.o
  CC      lib/earlycpio.o
  CC      fs/overlayfs/inode.o
  CC [M]  net/netfilter/ipset/ip_set_bitmap_ip.o
  CC [M]  sound/usb/pcm.o
  CC      mm/pgtable-generic.o
  CC      lib/extable.o
  CC      kernel/time/tick-broadcast-hrtimer.o
  CC      drivers/clk/clk-bulk.o
  CC [M]  net/sched/act_gact.o
  CC      net/ethtool/strset.o
  CC      drivers/dma/of-dma.o
  CC      fs/jffs2/write.o
  CC      lib/fdt.o
  CC      kernel/time/sched_clock.o
  CC      lib/fdt_addresses.o
  CC      mm/rmap.o
  CC      kernel/cgroup/namespace.o
  CC      fs/overlayfs/file.o
  CC      lib/fdt_empty_tree.o
  CC      drivers/clk/clkdev.o
  CC      drivers/pci/vc.o
  CC      lib/fdt_ro.o
  CC      drivers/dma/bcm2708-dmaengine.o
  CC      kernel/time/tick-oneshot.o
  CC [M]  sound/usb/power.o
  CC      drivers/video/fbdev/core/bitblit.o
  CC      lib/fdt_rw.o
  CC      fs/jffs2/scan.o
  CC [M]  net/sched/act_mirred.o
  CC      kernel/cgroup/cgroup-v1.o
  CC [M]  net/netfilter/ipset/ip_set_bitmap_ipmac.o
  CC      drivers/clk/clk.o
  CC      net/ethtool/linkinfo.o
  CC      fs/ext4/super.o
  CC      drivers/pci/mmap.o
  CC      fs/overlayfs/dir.o
  CC      lib/fdt_strerror.o
  CC      kernel/time/tick-sched.o
  CC      drivers/dma/bcm2835-dma.o
  CC      lib/fdt_sw.o
  CC [M]  sound/usb/proc.o
  CC      lib/fdt_wip.o
  CC      drivers/video/fbdev/core/softcursor.o
  CC      lib/flex_proportions.o
  CC      drivers/pci/setup-irq.o
  CC      mm/vmalloc.o
  CC      net/ethtool/linkmodes.o
  CC [M]  net/sched/act_sample.o
  CC      kernel/cgroup/freezer.o
  CC      kernel/time/vsyscall.o
  CC [M]  sound/usb/quirks.o
  CC      lib/idr.o
  CC      fs/overlayfs/readdir.o
  CC      fs/jffs2/gc.o
  CC      drivers/pci/proc.o
  AR      drivers/dma/built-in.a
  CC [M]  net/netfilter/ipset/ip_set_bitmap_port.o
  CC      kernel/time/timekeeping_debug.o
  CC      drivers/video/fbdev/core/fbcon_rotate.o
  CC      kernel/cgroup/pids.o
  CC [M]  net/sched/act_ipt.o
  CC      lib/irq_regs.o
  CC      lib/is_single_threaded.o
  CC      net/ethtool/rss.o
  CC      kernel/cgroup/rdma.o
  AR      kernel/time/built-in.a
  CC      drivers/pci/slot.o
  CC      fs/overlayfs/copy_up.o
  CC      net/core/dev_ioctl.o
  CC      kernel/bpf/core.o
  CC [M]  sound/usb/stream.o
  CC      drivers/clk/clk-divider.o
  CC      fs/jffs2/symlink.o
  CC      drivers/video/fbdev/core/fbcon_cw.o
  CC      lib/klist.o
  CC [M]  net/netfilter/ipset/ip_set_hash_ip.o
  CC      fs/jffs2/build.o
  CC      drivers/pci/of.o
  CC      lib/kobject.o
  CC      kernel/cgroup/cpuset.o
  CC      drivers/clk/clk-fixed-factor.o
  CC      net/ethtool/linkstate.o
  CC [M]  net/netfilter/ipset/ip_set_hash_ipmac.o
  CC [M]  net/sched/act_pedit.o
  CC      drivers/video/fbdev/core/fbcon_ud.o
  CC      fs/overlayfs/export.o
  CC [M]  sound/usb/validate.o
  CC      net/core/tso.o
  CC      lib/kobject_uevent.o
  CC      drivers/clk/clk-fixed-rate.o
  CC      fs/jffs2/erase.o
  CC      fs/ext4/symlink.o
  CC      drivers/pci/quirks.o
  CC      mm/page_alloc.o
  CC [M]  sound/usb/media.o
  CC      drivers/clk/clk-gate.o
  CC      net/ethtool/debug.o
  CC      drivers/video/fbdev/core/fbcon_ccw.o
  CC      fs/overlayfs/params.o
  CC      fs/ext4/sysfs.o
  CC      fs/jffs2/background.o
  CC [M]  net/sched/act_simple.o
  CC      net/core/sock_reuseport.o
  CC      drivers/clk/clk-multiplier.o
  CC [M]  sound/usb/midi.o
  CC      lib/logic_pio.o
  CC      kernel/bpf/syscall.o
  CC      net/ethtool/wol.o
  CC      fs/ext4/xattr.o
  CC      fs/jffs2/fs.o
  AR      fs/overlayfs/built-in.a
  AR      kernel/cgroup/built-in.a
  CC      fs/ext4/xattr_hurd.o
  CC      drivers/video/fbdev/core/cfbfillrect.o
  AR      fs/hostfs/built-in.a
  CC      drivers/clk/clk-mux.o
  CC [M]  net/netfilter/ipvs/ip_vs_conn.o
  CC      lib/maple_tree.o
  CC [M]  net/sched/act_skbedit.o
  CC      drivers/clk/clk-composite.o
  CC      drivers/clk/clk-fractional-divider.o
  CC      net/core/fib_notifier.o
  CC      drivers/pci/syscall.o
  AR      net/ipv4/netfilter/built-in.a
  CC [M]  net/ipv4/netfilter/nf_defrag_ipv4.o
  CC      net/ethtool/features.o
  CC      fs/jffs2/writev.o
  CC      drivers/video/fbdev/core/cfbcopyarea.o
  CC [M]  net/netfilter/ipset/ip_set_hash_ipmark.o
  LD [M]  sound/usb/snd-usb-audio.o
  LD [M]  sound/usb/snd-usbmidi-lib.o
  CC      net/ipv4/route.o
  CC [M]  sound/soc/codecs/ac97.o
  CC      drivers/clk/clk-gpio.o
  CC      drivers/pci/pci-stub.o
  CC      fs/jffs2/super.o
  CC [M]  net/sched/act_csum.o
  CC      net/core/xdp.o
  CC      drivers/clk/clk-conf.o
  CC [M]  net/netfilter/ipvs/ip_vs_core.o
  CC      drivers/video/fbdev/core/cfbimgblt.o
  CC      net/ethtool/privflags.o
  CC [M]  sound/soc/codecs/dmic.o
  CC      fs/ext4/xattr_trusted.o
  CC [M]  net/ipv4/netfilter/nf_reject_ipv4.o
  CC      drivers/pci/ecam.o
  CC      mm/init-mm.o
  CC      fs/jffs2/debug.o
  CC      drivers/clk/clk-rp1.o
  CC [M]  sound/soc/codecs/spdif_receiver.o
  AR      drivers/pci/built-in.a
  CC      fs/ext4/xattr_user.o
  CC      net/core/flow_offload.o
  CC      drivers/video/fbdev/core/fb_io_fops.o
  CC      net/ethtool/rings.o
  CC      mm/memblock.o
  CC      fs/debugfs/inode.o
  CC      fs/jffs2/wbuf.o
  CC [M]  net/sched/act_vlan.o
  CC [M]  sound/soc/codecs/spdif_transmitter.o
  CC      drivers/clk/clk-rp1-sdio.o
  CC [M]  net/ipv4/netfilter/nft_reject_ipv4.o
  CC      kernel/bpf/verifier.o
  CC      fs/ext4/fast_commit.o
  AR      drivers/video/fbdev/core/built-in.a
  AR      drivers/video/fbdev/built-in.a
  CC [M]  net/netfilter/ipset/ip_set_hash_ipport.o
  AR      drivers/video/built-in.a
  CC      mm/madvise.o
  CC      net/core/gro.o
  CC      fs/debugfs/file.o
  CC      net/ethtool/channels.o
  CC      drivers/clk/clk-xgene.o
  CC [M]  sound/soc/codecs/wm8960.o
  CC [M]  net/netfilter/ipvs/ip_vs_ctl.o
  CC      lib/memcat_p.o
  CC [M]  net/sched/act_bpf.o
  CC      net/netfilter/core.o
  CC      kernel/fork.o
  CC      fs/jffs2/xattr.o
  CC [M]  net/ipv4/netfilter/nft_fib_ipv4.o
  CC      lib/nmi_backtrace.o
  AR      drivers/clk/built-in.a
  AR      drivers/soc/apple/built-in.a
  AR      drivers/soc/aspeed/built-in.a
  CC      drivers/soc/bcm/brcmstb/common.o
  AR      fs/debugfs/built-in.a
  CC      fs/jffs2/xattr_trusted.o
  CC      net/ethtool/coalesce.o
  CC      mm/page_io.o
  CC      lib/plist.o
  CC      fs/ext4/orphan.o
  CC      lib/radix-tree.o
  CC      drivers/soc/bcm/brcmstb/biuctrl.o
  LD [M]  sound/soc/codecs/snd-soc-ac97.o
  LD [M]  sound/soc/codecs/snd-soc-dmic.o
  LD [M]  sound/soc/codecs/snd-soc-spdif-rx.o
  LD [M]  sound/soc/codecs/snd-soc-spdif-tx.o
  CC [M]  net/sched/act_connmark.o
  LD [M]  sound/soc/codecs/snd-soc-wm8960.o
  CC [M]  net/ipv4/netfilter/ip_tables.o
  CC      net/core/netdev-genl.o
  CC [M]  net/netfilter/ipvs/ip_vs_sched.o
  CC      net/unix/af_unix.o
  CC      fs/jffs2/xattr_user.o
  AR      drivers/soc/bcm/brcmstb/built-in.a
  AR      drivers/soc/bcm/built-in.a
  CC [M]  sound/soc/soc-core.o
  AR      drivers/soc/fsl/built-in.a
  AR      drivers/soc/fujitsu/built-in.a
  AR      drivers/soc/hisilicon/built-in.a
  AR      drivers/soc/imx/built-in.a
  AR      drivers/soc/ixp4xx/built-in.a
  AR      drivers/soc/loongson/built-in.a
  AR      drivers/soc/mediatek/built-in.a
  AR      drivers/soc/microchip/built-in.a
  AR      drivers/soc/nuvoton/built-in.a
  AR      drivers/soc/pxa/built-in.a
  AR      drivers/soc/amlogic/built-in.a
  CC      mm/swap_state.o
  AR      drivers/soc/qcom/built-in.a
  AR      drivers/soc/renesas/built-in.a
  CC      fs/ext4/acl.o
  AR      drivers/soc/rockchip/built-in.a
  CC      net/ethtool/pause.o
  AR      drivers/soc/sifive/built-in.a
  AR      drivers/soc/sunxi/built-in.a
  CC [M]  net/netfilter/ipset/ip_set_hash_ipportip.o
  CC      fs/jffs2/security.o
  AR      drivers/soc/ti/built-in.a
  AR      drivers/soc/xilinx/built-in.a
  AR      drivers/soc/built-in.a
  CC      lib/ratelimit.o
  AR      drivers/pmdomain/actions/built-in.a
  AR      drivers/pmdomain/amlogic/built-in.a
  AR      drivers/pmdomain/apple/built-in.a
  CC      drivers/pmdomain/bcm/bcm2835-power.o
  CC      net/core/netdev-genl-gen.o
  CC [M]  net/sched/act_ctinfo.o
  CC      mm/swapfile.o
  CC      lib/rbtree.o
  CC      net/ethtool/eee.o
  CC      fs/jffs2/acl.o
  CC [M]  net/netfilter/ipvs/ip_vs_xmit.o
  CC [M]  net/ipv4/netfilter/iptable_filter.o
  CC      lib/seq_buf.o
  CC      fs/ext4/xattr_security.o
  CC      drivers/pmdomain/bcm/raspberrypi-power.o
  CC      net/core/gso.o
  CC      kernel/bpf/inode.o
  CC      net/ipv4/inetpeer.o
  CC      fs/jffs2/compr_rtime.o
  CC      lib/siphash.o
  AR      drivers/pmdomain/bcm/built-in.a
  AR      drivers/pmdomain/imx/built-in.a
  CC [M]  sound/soc/soc-dapm.o
  AR      drivers/pmdomain/mediatek/built-in.a
  AR      drivers/pmdomain/qcom/built-in.a
  AR      drivers/pmdomain/renesas/built-in.a
  AR      drivers/pmdomain/rockchip/built-in.a
  AR      drivers/pmdomain/samsung/built-in.a
  AR      drivers/pmdomain/st/built-in.a
  CC      fs/ext4/crypto.o
  CC      net/ethtool/tsinfo.o
  CC [M]  net/sched/act_skbmod.o
  AR      drivers/pmdomain/starfive/built-in.a
  AR      drivers/pmdomain/sunxi/built-in.a
  AR      drivers/pmdomain/tegra/built-in.a
  AR      drivers/pmdomain/ti/built-in.a
  AR      drivers/pmdomain/xilinx/built-in.a
  AR      drivers/pmdomain/built-in.a
  AR      drivers/virtio/built-in.a
  CC      drivers/regulator/core.o
  CC [M]  net/ipv4/netfilter/iptable_mangle.o
  CC      fs/jffs2/compr_lzma.o
  TEST    lib/test_fortify/read_overflow-memchr.log
  CC      net/core/sock_diag.o
  TEST    lib/test_fortify/read_overflow-memchr_inv.log
  CC      net/unix/garbage.o
  CC      mm/swap_slots.o
  CC [M]  sound/soc/soc-jack.o
  AR      fs/ext4/built-in.a
  AR      net/ipv6/netfilter/built-in.a
  CC [M]  net/ipv6/netfilter/ip6_tables.o
  TEST    lib/test_fortify/read_overflow-memcmp.log
  CC      fs/jffs2/summary.o
  CC [M]  net/ipv6/netfilter/ip6table_filter.o
  CC      net/ethtool/cabletest.o
  CC [M]  net/netfilter/ipvs/ip_vs_app.o
  TEST    lib/test_fortify/read_overflow-memscan.log
  CC [M]  net/ipv4/netfilter/iptable_nat.o
  CC [M]  net/sched/sch_htb.o
  CC [M]  net/netfilter/ipset/ip_set_hash_ipportnet.o
  CC      mm/dmapool.o
  TEST    lib/test_fortify/read_overflow2-memcmp.log
  CC      net/core/net-sysfs.o
  CC [M]  net/netfilter/ipvs/ip_vs_sync.o
  CC      net/unix/sysctl_net_unix.o
  TEST    lib/test_fortify/read_overflow2-memcpy.log
  AR      fs/jffs2/built-in.a
  CC      fs/f2fs/dir.o
  CC      mm/mempolicy.o
  CC [M]  net/ipv4/netfilter/ipt_ECN.o
  TEST    lib/test_fortify/read_overflow2-memmove.log
  CC [M]  net/netfilter/ipset/ip_set_hash_mac.o
  CC      net/ethtool/tunnels.o
  CC [M]  sound/soc/soc-utils.o
  CC      net/unix/unix_bpf.o
  TEST    lib/test_fortify/read_overflow2_field-memcpy.log
  CC [M]  net/ipv6/netfilter/ip6table_mangle.o
  CC [M]  net/netfilter/ipvs/ip_vs_est.o
  TEST    lib/test_fortify/read_overflow2_field-memmove.log
  CC [M]  net/sched/sch_hfsc.o
  CC      drivers/regulator/dummy.o
  CC [M]  sound/soc/soc-dai.o
  TEST    lib/test_fortify/write_overflow-memcpy.log
  CC [M]  net/ipv4/netfilter/ipt_REJECT.o
  CC      fs/f2fs/file.o
  TEST    lib/test_fortify/write_overflow-memmove.log
  CC      net/core/page_pool.o
  CC      net/ethtool/fec.o
  CC [M]  net/netfilter/ipset/ip_set_hash_net.o
  AR      net/unix/built-in.a
  CC      kernel/exec_domain.o
  CC      drivers/regulator/fixed-helper.o
  TEST    lib/test_fortify/write_overflow-memset.log
  CC [M]  net/ipv6/netfilter/ip6table_nat.o
  TEST    lib/test_fortify/write_overflow-strcpy-lit.log
  CC [M]  sound/soc/soc-component.o
  CC      mm/sparse.o
  CC [M]  net/netfilter/ipvs/ip_vs_proto.o
  CC      kernel/bpf/helpers.o
  CC [M]  net/netfilter/ipvs/ip_vs_pe.o
  CC      net/ipv4/protocol.o
  CC      drivers/regulator/helpers.o
  TEST    lib/test_fortify/write_overflow-strcpy.log
  CC      net/ethtool/eeprom.o
  CC [M]  net/sched/sch_red.o
  CC      net/ipv4/ip_input.o
  CC      net/core/net-procfs.o
  TEST    lib/test_fortify/write_overflow-strlcpy-src.log
  CC      mm/sparse-vmemmap.o
  CC [M]  net/ipv6/netfilter/nf_defrag_ipv6_hooks.o
  TEST    lib/test_fortify/write_overflow-strlcpy.log
  CC [M]  sound/soc/soc-pcm.o
  CC      drivers/regulator/devres.o
  CC [M]  fs/netfs/buffered_read.o
  CC      fs/f2fs/inode.o
  CC      net/ethtool/stats.o
  TEST    lib/test_fortify/write_overflow-strncpy-src.log
  CC [M]  net/netfilter/ipvs/ip_vs_proto_tcp.o
  CC      net/core/fib_rules.o
  CC      mm/slub.o
  CC [M]  net/sched/sch_gred.o
  TEST    lib/test_fortify/write_overflow-strncpy.log
  CC      net/ipv4/ip_fragment.o
  CC      net/netfilter/nf_log.o
  CC      kernel/bpf/tnum.o
  CC [M]  net/ipv6/netfilter/nf_conntrack_reasm.o
  TEST    lib/test_fortify/write_overflow-strscpy.log
  CC [M]  fs/netfs/io.o
  CC      drivers/regulator/irq_helpers.o
  CC      kernel/bpf/log.o
  TEST    lib/test_fortify/write_overflow_field-memcpy.log
  CC [M]  net/netfilter/ipset/ip_set_hash_netport.o
  CC      net/ethtool/phc_vclocks.o
  TEST    lib/test_fortify/write_overflow_field-memmove.log
  CC      net/packet/af_packet.o
  CC [M]  net/netfilter/ipvs/ip_vs_proto_udp.o
  CC      drivers/regulator/of_regulator.o
  CC [M]  fs/netfs/iterator.o
  CC [M]  sound/soc/soc-devres.o
  TEST    lib/test_fortify/write_overflow_field-memset.log
  CC      net/core/selftests.o
  CC [M]  sound/soc/soc-ops.o
  CC      fs/f2fs/namei.o
  CC      net/ipv4/ip_forward.o
  CC      lib/timerqueue.o
  CC [M]  net/sched/sch_ingress.o
  CC      kernel/bpf/bpf_iter.o
  CC      net/ethtool/mm.o
  CC [M]  net/ipv6/netfilter/nf_reject_ipv6.o
  CC      lib/vsprintf.o
  CC [M]  net/netfilter/ipset/ip_set_hash_netiface.o
  CC [M]  fs/netfs/main.o
  CC [M]  sound/soc/soc-link.o
  CC      drivers/regulator/fixed.o
  CC [M]  net/netfilter/ipvs/ip_vs_proto_ah_esp.o
  CC      mm/migrate.o
  CC [M]  net/sched/sch_sfq.o
  CC [M]  fs/netfs/objects.o
  CC      net/core/ptp_classifier.o
  CC      net/ipv4/ip_options.o
  CC      net/ethtool/module.o
  CC      fs/f2fs/hash.o
  CC [M]  sound/soc/soc-card.o
  CC      kernel/bpf/map_iter.o
  CC      drivers/regulator/gpio-regulator.o
  CC [M]  net/ipv6/netfilter/nft_reject_ipv6.o
  CC [M]  fs/netfs/stats.o
  CC [M]  net/netfilter/ipvs/ip_vs_proto_sctp.o
  CC      fs/f2fs/super.o
  CC [M]  net/netfilter/ipvs/ip_vs_nfct.o
  CC [M]  sound/soc/soc-ac97.o
  CC      net/ethtool/pse-pd.o
  CC      net/core/netclassid_cgroup.o
  AR      drivers/regulator/built-in.a
  AR      drivers/reset/hisilicon/built-in.a
  AR      drivers/reset/starfive/built-in.a
  CC      drivers/reset/core.o
  CC      kernel/bpf/task_iter.o
  CC      net/ipv4/ip_output.o
  CC [M]  net/sched/sch_tbf.o
  CC [M]  net/ipv6/netfilter/nft_fib_ipv6.o
  LD [M]  fs/netfs/netfs.o
  CC      drivers/tty/vt/vt_ioctl.o
  CC      mm/memory-tiers.o
  LD [M]  sound/soc/snd-soc-core.o
  AR      net/packet/built-in.a
  AR      sound/built-in.a
  CC [M]  sound/sound_core.o
  CC      lib/win_minmax.o
  CC      drivers/char/hw_random/core.o
  CC      net/core/lwtunnel.o
  CC      net/ethtool/plca.o
  CC [M]  net/netfilter/ipvs/ip_vs_rr.o
  CC [M]  net/netfilter/ipset/ip_set_hash_netnet.o
  AR      drivers/iommu/amd/built-in.a
  AR      drivers/iommu/intel/built-in.a
  CC      lib/xarray.o
  AR      drivers/iommu/arm/arm-smmu/built-in.a
  AR      drivers/iommu/arm/arm-smmu-v3/built-in.a
  AR      drivers/iommu/arm/built-in.a
  AR      drivers/iommu/iommufd/built-in.a
  CC      drivers/iommu/iommu.o
  CC      drivers/reset/reset-brcmstb.o
  CC [M]  sound/ac97_bus.o
  CC [M]  net/sched/sch_teql.o
  CC      kernel/bpf/prog_iter.o
  CC      mm/page_counter.o
  CC      drivers/char/hw_random/iproc-rng200.o
  CC [M]  net/ipv6/netfilter/ip6t_NPT.o
  CC      drivers/reset/reset-brcmstb-rescal.o
  CC      drivers/tty/vt/vc_screen.o
  CC      mm/memcontrol.o
  AR      net/ethtool/built-in.a
  CC      kernel/bpf/link_iter.o
  CC      net/core/dst_cache.o
  CC [M]  net/netfilter/ipvs/ip_vs_wrr.o
  CC      fs/f2fs/inline.o
  LD [M]  sound/soundcore.o
  CC      net/ipv4/ip_sockglue.o
  AR      drivers/char/hw_random/built-in.a
  CC      lib/lockref.o
  AR      drivers/char/agp/built-in.a
  CC      drivers/char/broadcom/vc_mem.o
  CC      drivers/reset/reset-raspberrypi.o
  CC      drivers/char/broadcom/vcio.o
  CC      lib/bcd.o
  CC [M]  net/sched/sch_prio.o
  CC [M]  drivers/char/broadcom/bcm2835_smi_dev.o
  CC      lib/sort.o
  CC      lib/parser.o
  CC      drivers/tty/vt/selection.o
  CC      drivers/reset/reset-simple.o
  CC      drivers/iommu/iommu-traces.o
  CC [M]  net/ipv6/netfilter/ip6t_REJECT.o
  CC      kernel/bpf/hashtab.o
  CC      kernel/bpf/arraymap.o
  CC      net/core/gro_cells.o
  CC      net/ipv4/inet_hashtables.o
  CC      lib/debug_locks.o
  CC [M]  net/netfilter/ipvs/ip_vs_lc.o
  CC      drivers/iommu/iommu-sysfs.o
  CC      lib/random32.o
  AR      drivers/reset/built-in.a
  CC      fs/f2fs/checkpoint.o
  AR      drivers/char/broadcom/built-in.a
  CC [M]  drivers/char/tpm/tpm-chip.o
  CC      drivers/tty/vt/keyboard.o
  CC [M]  net/sched/sch_multiq.o
  CC      lib/bust_spinlocks.o
  CC      net/core/skmsg.o
  CC      kernel/panic.o
  CC      mm/vmpressure.o
  CC      drivers/iommu/dma-iommu.o
  LD [M]  net/ipv6/netfilter/nf_defrag_ipv6.o
  CC      net/ipv6/af_inet6.o
  CC [M]  net/netfilter/ipset/ip_set_hash_netportnet.o
  CC      lib/kasprintf.o
  CC [M]  net/netfilter/ipvs/ip_vs_wlc.o
  CC [M]  drivers/char/tpm/tpm-dev-common.o
  CC [M]  fs/fscache/cache.o
  CC      lib/bitmap.o
  AR      net/bridge/netfilter/built-in.a
  CC      net/bridge/br.o
  CC      net/netfilter/nf_queue.o
  CC [M]  net/sched/sch_drr.o
  CC      net/ipv4/inet_timewait_sock.o
  CC [M]  drivers/char/tpm/tpm-dev.o
  CC      drivers/tty/vt/consolemap.o
  CC      fs/f2fs/gc.o
  CC      kernel/bpf/percpu_freelist.o
  CC      drivers/iommu/iova.o
  CC [M]  fs/fscache/cookie.o
  CC [M]  net/netfilter/ipvs/ip_vs_fo.o
  CC      kernel/bpf/bpf_lru_list.o
  CC      lib/scatterlist.o
  CC      net/core/sock_map.o
  CC      net/bridge/br_device.o
  CC      net/ipv6/anycast.o
  CC      kernel/bpf/lpm_trie.o
  CC [M]  drivers/char/tpm/tpm-interface.o
  CC      mm/swap_cgroup.o
  CC [M]  net/sched/sch_ets.o
  CC      drivers/tty/serial/8250/8250_core.o
  CC      drivers/iommu/of_iommu.o
  HOSTCC  drivers/tty/vt/conmakehash
  CC      net/ipv4/inet_connection_sock.o
  CC      drivers/tty/vt/vt.o
  CC [M]  net/netfilter/ipvs/ip_vs_ovf.o
  CC [M]  fs/fscache/io.o
  CC      mm/page_isolation.o
  CC      lib/list_sort.o
  CC [M]  drivers/char/tpm/tpm1-cmd.o
  CC      drivers/iommu/bcm2712-iommu.o
  CC      lib/uuid.o
  CC      net/bridge/br_fdb.o
  CC      net/ipv6/ip6_output.o
  CC      lib/iov_iter.o
  CC      kernel/bpf/map_in_map.o
  CC      drivers/tty/serial/8250/8250_port.o
  CC [M]  net/netfilter/ipset/ip_set_list_set.o
  CC [M]  net/sched/sch_mqprio.o
  CC [M]  fs/fscache/main.o
  CC [M]  net/netfilter/ipvs/ip_vs_lblc.o
  CC      drivers/iommu/bcm2712-iommu-cache.o
  CC      mm/early_ioremap.o
  CC      net/core/bpf_sk_storage.o
  CC [M]  drivers/char/tpm/tpm2-cmd.o
  CC      fs/f2fs/data.o
  CC      kernel/bpf/bloom_filter.o
  CC [M]  fs/fscache/volume.o
  AR      drivers/iommu/built-in.a
  CC      drivers/char/mem.o
  CC      net/ipv4/tcp.o
  CC      mm/cma.o
  CC [M]  net/sched/sch_mqprio_lib.o
  CC [M]  drivers/char/tpm/tpmrm-dev.o
  LD [M]  net/netfilter/ipset/ip_set.o
  CC [M]  fs/reiserfs/bitmap.o
  CC      kernel/bpf/local_storage.o
  CC      net/bridge/br_forward.o
  CC [M]  net/netfilter/ipvs/ip_vs_lblcr.o
  CC      net/core/of_net.o
  CC [M]  fs/fscache/proc.o
  COPY    drivers/tty/vt/defkeymap.c
  CONMK   drivers/tty/vt/consolemap_deftbl.c
  CC      drivers/tty/serial/8250/8250_pcilib.o
  CC      drivers/tty/vt/defkeymap.o
  CC      net/ipv4/tcp_input.o
  CC [M]  drivers/char/tpm/tpm2-space.o
  CC      lib/clz_ctz.o
  CC      mm/usercopy.o
  CC      drivers/tty/vt/consolemap_deftbl.o
  CC      lib/bsearch.o
  CC      net/ipv6/ip6_input.o
  AR      drivers/tty/vt/built-in.a
  CC [M]  fs/reiserfs/do_balan.o
  CC [M]  net/sched/sch_skbprio.o
  CC      drivers/tty/serial/8250/8250_bcm2835aux.o
  AR      net/core/built-in.a
  CC      net/ipv4/tcp_output.o
  CC [M]  fs/fscache/stats.o
  CC      lib/find_bit.o
  CC      mm/memfd.o
  CC      kernel/bpf/queue_stack_maps.o
  CC      drivers/tty/serdev/core.o
  CC [M]  drivers/char/tpm/tpm-sysfs.o
  CC [M]  net/netfilter/ipvs/ip_vs_dh.o
  CC      net/bridge/br_if.o
  CC      lib/llist.o
  CC      lib/memweight.o
  CC      drivers/tty/serial/8250/8250_early.o
  CC      lib/kfifo.o
  LD [M]  fs/fscache/fscache.o
  CC      mm/ioremap.o
  CC [M]  fs/reiserfs/namei.o
  CC [M]  net/sched/sch_codel.o
  AR      drivers/tty/serdev/built-in.a
  CC      kernel/bpf/ringbuf.o
  CC      kernel/bpf/bpf_local_storage.o
  CC      fs/f2fs/node.o
  CC [M]  drivers/char/tpm/eventlog/common.o
  CC      net/ipv6/addrconf.o
  CC      net/devlink/core.o
  CC      drivers/tty/serial/8250/8250_fsl.o
  CC [M]  mm/zsmalloc.o
  CC      lib/percpu-refcount.o
  CC [M]  net/netfilter/ipvs/ip_vs_sh.o
  CC      net/bridge/br_input.o
  CC [M]  drivers/char/tpm/eventlog/tpm1.o
  CC      drivers/tty/serial/8250/8250_bcm7271.o
  CC      net/netfilter/nf_sockopt.o
  CC [M]  fs/reiserfs/inode.o
  CC [M]  net/sched/sch_cake.o
  CC      kernel/bpf/bpf_task_storage.o
  CC      lib/rhashtable.o
  CC [M]  drivers/char/tpm/eventlog/tpm2.o
  CC      net/devlink/netlink.o
  CC      net/devlink/netlink_gen.o
  CC      drivers/tty/serial/8250/8250_of.o
  AR      mm/built-in.a
  CC [M]  fs/cramfs/inode.o
  AR      drivers/tty/ipwireless/built-in.a
  CC [M]  fs/cramfs/uncompress.o
  CC [M]  net/netfilter/ipvs/ip_vs_sed.o
  CC      net/bridge/br_ioctl.o
  CC [M]  drivers/char/tpm/eventlog/of.o
  CC      kernel/cpu.o
  CC      kernel/bpf/disasm.o
  AR      net/dsa/built-in.a
  CC      drivers/tty/serial/serial_core.o
  AR      drivers/gpu/host1x/built-in.a
  AR      drivers/gpu/drm/tests/built-in.a
  AR      drivers/gpu/drm/arm/built-in.a
  CC [M]  drivers/tty/serial/8250/8250_pci.o
  CC      lib/base64.o
  AR      drivers/gpu/drm/display/built-in.a
  AR      drivers/gpu/drm/renesas/rcar-du/built-in.a
  AR      drivers/gpu/drm/renesas/built-in.a
  AR      drivers/gpu/drm/omapdrm/built-in.a
  AR      drivers/gpu/drm/tilcdc/built-in.a
  AR      drivers/gpu/drm/imx/built-in.a
  AR      drivers/gpu/drm/i2c/built-in.a
  CC      lib/once.o
  AR      drivers/gpu/drm/panel/built-in.a
  AR      drivers/gpu/drm/bridge/analogix/built-in.a
  AR      drivers/gpu/drm/bridge/cadence/built-in.a
  AR      drivers/gpu/drm/bridge/imx/built-in.a
  AR      drivers/gpu/drm/bridge/synopsys/built-in.a
  AR      drivers/gpu/drm/bridge/built-in.a
  AR      drivers/gpu/drm/hisilicon/built-in.a
  CC      net/devlink/dev.o
  AR      drivers/gpu/drm/mxsfb/built-in.a
  CC      net/ipv4/tcp_timer.o
  AR      drivers/gpu/drm/tiny/built-in.a
  AR      drivers/gpu/drm/xlnx/built-in.a
  LD [M]  fs/cramfs/cramfs.o
  CC [M]  fs/reiserfs/file.o
  AR      drivers/gpu/drm/gud/built-in.a
  AR      drivers/gpu/drm/solomon/built-in.a
  AR      drivers/gpu/drm/rp1/built-in.a
  AR      drivers/gpu/drm/built-in.a
  AR      drivers/gpu/vga/built-in.a
  CC [M]  drivers/char/tpm/tpm_i2c_atmel.o
  AR      drivers/gpu/built-in.a
  CC [M]  drivers/tty/serial/8250/8250_exar.o
  CC      kernel/bpf/mprog.o
  CC      fs/f2fs/segment.o
  CC [M]  net/netfilter/ipvs/ip_vs_nq.o
  CC      lib/refcount.o
  CC      kernel/bpf/trampoline.o
  CC      net/bridge/br_stp.o
  CC      lib/rcuref.o
  CC      lib/usercopy.o
  CC [M]  fs/reiserfs/dir.o
  CC      lib/errseq.o
  CC [M]  drivers/char/tpm/tpm_i2c_infineon.o
  AR      drivers/tty/serial/8250/built-in.a
  CC      drivers/char/random.o
  CC      drivers/char/misc.o
  CC      net/netfilter/utils.o
  CC [M]  net/sched/sch_fq.o
  CC      net/netfilter/nf_bpf_link.o
  CC      lib/bucket_locks.o
  CC      net/ipv4/tcp_ipv4.o
  LD [M]  net/netfilter/ipvs/ip_vs.o
  CC      drivers/tty/tty_io.o
  CC      net/devlink/port.o
  CC      drivers/tty/serial/serial_base_bus.o
  CC [M]  fs/reiserfs/fix_node.o
  CC      lib/generic-radix-tree.o
  CC [M]  fs/minix/bitmap.o
  CC      kernel/bpf/btf.o
  LD [M]  drivers/char/tpm/tpm.o
  CC [M]  fs/minix/itree_v1.o
  CC      net/ipv6/addrlabel.o
  CC      net/bridge/br_stp_bpdu.o
  CC      drivers/tty/serial/serial_ctrl.o
  CC      lib/string_helpers.o
  CC      drivers/base/power/sysfs.o
  CC      net/netfilter/nf_hooks_lwtunnel.o
  CC      drivers/char/raspberrypi-gpiomem.o
  CC [M]  net/netfilter/nfnetlink.o
  CC [M]  net/sched/sch_pie.o
  CC      drivers/tty/serial/serial_port.o
  CC [M]  fs/minix/itree_v2.o
  CC      drivers/base/power/generic_ops.o
  CC      net/devlink/sb.o
  CC      lib/hexdump.o
  CC [M]  fs/reiserfs/super.o
  CC [M]  drivers/char/ppdev.o
  CC      net/bridge/br_stp_if.o
  CC      net/ipv6/route.o
  CC      drivers/base/power/common.o
  CC      lib/kstrtox.o
  CC      net/ipv6/ip6_fib.o
  CC      drivers/tty/serial/earlycon.o
  CC [M]  fs/minix/namei.o
  CC      lib/debug_info.o
  CC [M]  net/netfilter/nf_conntrack_core.o
  CC      drivers/base/power/qos.o
  CC [M]  net/sched/sch_fq_pie.o
  CC      net/ipv4/tcp_minisocks.o
  CC      kernel/bpf/memalloc.o
  AR      drivers/char/built-in.a
  CC [M]  fs/fat/cache.o
  CC      drivers/tty/serial/amba-pl011.o
  CC [M]  fs/minix/inode.o
  CC [M]  fs/reiserfs/prints.o
  CC      net/bridge/br_stp_timer.o
  CC      net/devlink/dpipe.o
  CC      fs/f2fs/recovery.o
  CC      drivers/base/power/runtime.o
  CC      lib/pci_iomap.o
  CC [M]  fs/fat/dir.o
  CC [M]  net/sched/cls_u32.o
  CC [M]  fs/minix/file.o
  CC      kernel/bpf/dispatcher.o
  CC [M]  fs/reiserfs/objectid.o
  CC      net/ipv4/tcp_cong.o
  CC      net/bridge/br_netlink.o
  CC      drivers/tty/n_tty.o
  CC      lib/iomap_copy.o
  CC [M]  fs/minix/dir.o
  CC      net/devlink/resource.o
  CC      drivers/tty/serial/serial_mctrl_gpio.o
  CC      lib/devres.o
  CC [M]  fs/reiserfs/lbalance.o
  CC      drivers/base/power/wakeirq.o
  CC [M]  net/netfilter/nf_conntrack_standalone.o
  CC [M]  net/netfilter/nf_conntrack_expect.o
  CC      fs/f2fs/shrinker.o
  CC [M]  fs/fat/fatent.o
  CC [M]  net/sched/cls_route.o
  AR      drivers/tty/serial/built-in.a
  CC      lib/hweight.o
  CC      drivers/tty/tty_ioctl.o
  LD [M]  fs/minix/minix.o
  CC      net/strparser/strparser.o
  CC      kernel/bpf/devmap.o
  CC      drivers/base/power/main.o
  CC      net/ipv4/tcp_metrics.o
  CC      lib/assoc_array.o
  CC      net/ipv4/tcp_fastopen.o
  CC      net/bridge/br_netlink_tunnel.o
  CC [M]  fs/reiserfs/ibalance.o
  CC      fs/f2fs/extent_cache.o
  CC      net/devlink/param.o
  CC      net/ipv6/ipv6_sockglue.o
  CC      drivers/base/firmware_loader/builtin/main.o
  CC      lib/list_debug.o
  CC [M]  fs/fat/file.o
  CC      drivers/tty/tty_ldisc.o
  CC [M]  net/netfilter/nf_conntrack_helper.o
  AR      drivers/base/firmware_loader/builtin/built-in.a
  CC      drivers/base/firmware_loader/fallback_table.o
  AR      net/strparser/built-in.a
  CC      lib/bitrev.o
  CC [M]  drivers/block/zram/zcomp.o
  CC      lib/linear_ranges.o
  CC [M]  net/sched/cls_fw.o
  CC      drivers/base/power/wakeup.o
  CC [M]  fs/reiserfs/stree.o
  CC      kernel/bpf/cpumap.o
  CC      net/bridge/br_arp_nd_proxy.o
  CC [M]  drivers/block/zram/zram_drv.o
  CC      drivers/tty/tty_buffer.o
  CC      lib/crc16.o
  CC      drivers/base/firmware_loader/main.o
  CC      fs/f2fs/sysfs.o
  CC [M]  net/netfilter/nf_conntrack_proto.o
  CC      net/devlink/region.o
  CC [M]  fs/fat/inode.o
  CC      net/ipv4/tcp_rate.o
  HOSTCC  lib/gen_crc32table
  CC      lib/genalloc.o
  CC      net/ipv6/ndisc.o
  CC [M]  net/sched/cls_basic.o
  CC      drivers/tty/tty_port.o
  CC      net/ipv4/tcp_recovery.o
  CC      drivers/base/power/wakeup_stats.o
  CC      net/bridge/br_sysfs_if.o
  CC      kernel/bpf/offload.o
  CC      drivers/base/firmware_loader/fallback.o
  LD [M]  drivers/block/zram/zram.o
  CC [M]  fs/reiserfs/hashes.o
  CC      drivers/block/brd.o
  CC      fs/f2fs/debug.o
  CC      lib/textsearch.o
  CC      drivers/base/power/domain.o
  CC [M]  net/netfilter/nf_conntrack_proto_generic.o
  CC [M]  fs/fat/misc.o
  CC      net/ipv6/udp.o
  CC      drivers/tty/tty_mutex.o
  CC [M]  net/sched/cls_flow.o
  CC      net/devlink/health.o
  CC      drivers/base/firmware_loader/sysfs.o
  CC      lib/percpu_counter.o
  CC [M]  fs/reiserfs/tail_conversion.o
  CC      net/ipv4/tcp_ulp.o
  CC      drivers/tty/tty_ldsem.o
  CC      drivers/block/loop.o
  CC [M]  fs/fat/nfs.o
  CC      net/bridge/br_sysfs_br.o
  CC      lib/syscall.o
  AR      drivers/base/firmware_loader/built-in.a
  CC      fs/f2fs/xattr.o
  CC      drivers/tty/tty_baudrate.o
  CC [M]  net/netfilter/nf_conntrack_proto_tcp.o
  CC      kernel/bpf/net_namespace.o
  CC [M]  fs/exfat/inode.o
  CC [M]  fs/reiserfs/journal.o
  CC      kernel/exit.o
  CC [M]  fs/fat/namei_vfat.o
  CC      lib/errname.o
  CC      drivers/tty/tty_jobctrl.o
  CC      lib/nlattr.o
  CC [M]  net/sched/cls_bpf.o
  CC      drivers/base/power/domain_governor.o
  CC      net/devlink/trap.o
  CC      net/ipv4/tcp_offload.o
  CC [M]  fs/exfat/namei.o
  CC      net/bridge/br_nf_core.o
  CC      net/ipv6/udplite.o
  CC      kernel/bpf/tcx.o
  AR      drivers/block/built-in.a
  CC      net/8021q/vlan_core.o
  CC      drivers/base/power/clock_ops.o
  CC      fs/f2fs/acl.o
  CC      drivers/tty/n_null.o
  CC      lib/checksum.o
  CC [M]  fs/fat/namei_msdos.o
  CC [M]  net/netfilter/nf_conntrack_proto_udp.o
  CC      lib/cpu_rmap.o
  CC      drivers/tty/pty.o
  CC      lib/dynamic_queue_limits.o
  CC [M]  net/sched/cls_flower.o
  AR      drivers/base/power/built-in.a
  CC      drivers/base/regmap/regmap.o
  CC [M]  fs/exfat/dir.o
  CC      net/bridge/br_multicast.o
  CC      net/bridge/br_mdb.o
  CC      net/ipv6/raw.o
  AR      fs/f2fs/built-in.a
  CC      drivers/base/regmap/regcache.o
  CC      kernel/bpf/cgroup_iter.o
  CC      lib/glob.o
  CC      net/devlink/rate.o
  LD [M]  fs/fat/fat.o
  LD [M]  fs/fat/vfat.o
  LD [M]  fs/fat/msdos.o
  CC      net/ipv4/tcp_plb.o
  CC      net/ipv6/icmp.o
  CC [M]  fs/reiserfs/resize.o
  CC      net/8021q/vlan.o
  CC      drivers/tty/sysrq.o
  CC      lib/strncpy_from_user.o
  CC      net/bridge/br_multicast_eht.o
  CC [M]  net/netfilter/nf_conntrack_proto_icmp.o
  CC      kernel/bpf/bpf_cgrp_storage.o
  CC [M]  fs/reiserfs/item_ops.o
  CC [M]  fs/exfat/super.o
  CC      lib/strnlen_user.o
  CC      net/ipv4/datagram.o
  CC      drivers/base/regmap/regcache-rbtree.o
  CC      net/8021q/vlan_dev.o
  AR      drivers/misc/eeprom/built-in.a
  CC [M]  drivers/misc/eeprom/eeprom_93cx6.o
  CC      net/devlink/linecard.o
  AR      drivers/tty/built-in.a
  CC      kernel/softirq.o
  CC [M]  fs/reiserfs/ioctl.o
  AR      net/wireless/built-in.a
  CC [M]  net/sched/cls_matchall.o
  CC      net/ipv6/mcast.o
  CC      lib/net_utils.o
  CC      kernel/bpf/cgroup.o
  AR      drivers/misc/cb710/built-in.a
  AR      drivers/misc/ti-st/built-in.a
  CC [M]  net/netfilter/nf_conntrack_extend.o
  AR      drivers/misc/lis3lv02d/built-in.a
  AR      drivers/misc/cardreader/built-in.a
  CC [M]  fs/exfat/fatent.o
  CC      drivers/misc/bcm2835_smi.o
  CC [M]  fs/isofs/namei.o
  CC      drivers/base/regmap/regcache-flat.o
  CC      lib/sg_pool.o
  CC [M]  fs/reiserfs/xattr.o
  CC      net/ipv6/reassembly.o
  CC      net/8021q/vlan_netlink.o
  CC      net/ipv4/raw.o
  CC      drivers/mfd/bcm2835-pm.o
  CC      drivers/base/regmap/regcache-maple.o
  CC [M]  fs/isofs/inode.o
  AR      net/devlink/built-in.a
  CC      net/ipv6/tcp_ipv6.o
  CC [M]  fs/exfat/cache.o
  CC [M]  net/sched/em_cmp.o
  CC      lib/sbitmap.o
  CC [M]  net/netfilter/nf_conntrack_acct.o
  CC      drivers/misc/sram.o
  CC      drivers/mfd/mfd-core.o
  CC      net/8021q/vlanproc.o
  CC      drivers/base/regmap/regmap-debugfs.o
  CC [M]  fs/reiserfs/lock.o
  CC [M]  fs/exfat/nls.o
  CC      net/bridge/br_vlan.o
  CC [M]  net/sched/em_nbyte.o
  AR      drivers/base/test/built-in.a
  CC [M]  fs/hfsplus/super.o
  AR      drivers/misc/built-in.a
  CC [M]  fs/isofs/dir.o
  CC      lib/group_cpus.o
  CC      kernel/resource.o
  CC      drivers/mfd/syscon.o
  CC      kernel/bpf/reuseport_array.o
  CC [M]  fs/reiserfs/xattr_user.o
  CC [M]  net/netfilter/nf_conntrack_seqadj.o
  CC      net/ipv4/udp.o
  AR      net/8021q/built-in.a
  CC      drivers/base/regmap/regmap-mmio.o
  CC [M]  fs/exfat/misc.o
  CC [M]  net/sched/em_u32.o
  CC      lib/devmem_is_allowed.o
  CC      net/bridge/br_vlan_tunnel.o
  CC [M]  fs/isofs/util.o
  CC [M]  fs/hfs/bitmap.o
  CC      drivers/mfd/rp1.o
  CC [M]  fs/reiserfs/xattr_trusted.o
  CC [M]  fs/hfsplus/options.o
  CC      net/ipv6/ping.o
  CC      drivers/base/component.o
  CC [M]  drivers/base/regmap/regmap-i2c.o
  CC [M]  fs/exfat/file.o
  CC [M]  lib/crc-ccitt.o
  CC      kernel/bpf/bpf_struct_ops.o
  CC [M]  fs/isofs/rock.o
  CC [M]  net/sched/em_meta.o
  CC [M]  fs/hfs/bfind.o
  LD [M]  fs/reiserfs/reiserfs.o
  AR      drivers/nfc/built-in.a
  CC [M]  lib/crc-itu-t.o
  CC [M]  net/netfilter/nf_conntrack_proto_icmpv6.o
  CC      net/ipv4/udplite.o
  CC [M]  fs/hfsplus/inode.o
  CC      net/l3mdev/l3mdev.o
  AR      drivers/mfd/built-in.a
  CC      kernel/sysctl.o
  CC [M]  drivers/base/regmap/regmap-spi.o
  CC [M]  fs/exfat/balloc.o
  CC      kernel/bpf/cpumask.o
  CC      net/bridge/br_vlan_options.o
  CC [M]  lib/crc7.o
  CC [M]  fs/hfs/bnode.o
  CC      net/ipv6/exthdrs.o
  CC [M]  fs/isofs/export.o
  CC [M]  lib/libcrc32c.o
  AR      drivers/base/regmap/built-in.a
  CC      drivers/base/core.o
  CC [M]  fs/hfsplus/ioctl.o
  AR      net/l3mdev/built-in.a
  CC      net/mptcp/protocol.o
  CC [M]  net/sched/em_text.o
  CC [M]  fs/nfs/filelayout/filelayout.o
  CC      net/handshake/alert.o
  LD [M]  fs/exfat/exfat.o
  CC [M]  fs/nfs/filelayout/filelayoutdev.o
  CC      kernel/bpf/relo_core.o
  CC [M]  lib/crc8.o
  CC [M]  net/netfilter/nf_conntrack_timeout.o
  CC [M]  fs/isofs/joliet.o
  CC [M]  fs/hfs/brec.o
  CC [M]  fs/hfsplus/extents.o
  CC [M]  lib/xxhash.o
  CC      net/bridge/br_mst.o
  CC [M]  net/sched/em_ipset.o
  CC      net/ipv4/udp_offload.o
  AR      drivers/dax/hmem/built-in.a
  AR      drivers/dax/built-in.a
  LD [M]  fs/isofs/isofs.o
  CC      net/ipv6/datagram.o
  CC      drivers/base/bus.o
  CC      net/mptcp/subflow.o
  CC      net/handshake/genl.o
  CC [M]  net/netfilter/nf_log_syslog.o
  CC [M]  net/tls/tls_main.o
  CC [M]  fs/hfs/btree.o
  CC [M]  lib/ts_kmp.o
  LD [M]  fs/nfs/filelayout/nfs_layout_nfsv41_files.o
  CC [M]  fs/nfs/flexfilelayout/flexfilelayout.o
  CC [M]  fs/hfsplus/catalog.o
  AR      kernel/bpf/built-in.a
  CC      kernel/capability.o
  CC [M]  fs/hfsplus/dir.o
  CC [M]  lib/ts_bm.o
  CC      net/handshake/netlink.o
  CC [M]  net/bridge/br_netfilter_hooks.o
  CC [M]  fs/hfs/catalog.o
  AR      net/sched/built-in.a
  CC [M]  net/bridge/br_netfilter_ipv6.o
  CC      net/ipv4/arp.o
  CC      net/ipv6/ip6_flowlabel.o
  CC      drivers/base/dd.o
  CC [M]  lib/ts_fsm.o
  CC [M]  lib/asn1_decoder.o
  CC      kernel/ptrace.o
  CC [M]  fs/hfsplus/btree.o
  CC [M]  fs/hfs/dir.o
  CC [M]  net/netfilter/nf_nat_core.o
  CC      net/handshake/request.o
  CC [M]  fs/hfs/extent.o
  GEN     lib/oid_registry_data.c
  CC [M]  lib/oid_registry.o
  CC [M]  net/tls/tls_sw.o
  CC      drivers/base/syscore.o
  CC [M]  fs/nfsd/trace.o
  CC      net/mptcp/options.o
  CC [M]  fs/hfsplus/bnode.o
  CC [M]  fs/hfsplus/brec.o
  CC [M]  fs/nfs/flexfilelayout/flexfilelayoutdev.o
  GEN     lib/test_fortify.log
  GEN     lib/crc32table.h
  CC      net/ipv4/icmp.o
  CC      lib/string.o
  AR      net/bridge/built-in.a
  LD [M]  net/bridge/br_netfilter.o
  CC      net/ipv6/inet6_connection_sock.o
  CC      lib/crc32.o
  CC [M]  fs/hfs/inode.o
  CC      kernel/user.o
  CC      net/handshake/tlshd.o
  CC      drivers/base/driver.o
  CC [M]  net/netfilter/nf_nat_proto.o
  CC [M]  fs/lockd/clntlock.o
  CC [M]  fs/nfsd/nfssvc.o
  CC      net/mptcp/token.o
  AR      drivers/dma-buf/heaps/built-in.a
  CC      drivers/dma-buf/dma-buf.o
  AR      lib/lib.a
  AR      lib/built-in.a
  CC      kernel/signal.o
  CC [M]  net/tls/tls_proc.o
  CC      drivers/base/class.o
  CC [M]  fs/hfsplus/bfind.o
  CC      net/ipv6/udp_offload.o
  CC [M]  fs/hfs/attr.o
  LD [M]  fs/nfs/flexfilelayout/nfs_layout_flexfiles.o
  CC [M]  fs/nfs/client.o
  CC      net/handshake/trace.o
  CC [M]  fs/lockd/clntproc.o
  CC      net/ipv4/devinet.o
  CC      drivers/base/platform.o
  CC [M]  fs/hfsplus/tables.o
  CC [M]  fs/hfs/mdb.o
  CC [M]  fs/smb/common/cifs_arc4.o
  CC      drivers/dma-buf/dma-fence.o
  CC [M]  net/netfilter/nf_nat_helper.o
  CC [M]  net/tls/trace.o
  CC [M]  fs/ntfs/aops.o
  CC      net/mptcp/crypto.o
  CC [M]  fs/nfsd/nfsctl.o
  CC [M]  fs/smb/common/cifs_md4.o
  CC      net/ipv6/seg6.o
  CC [M]  fs/hfsplus/unicode.o
  AR      net/handshake/built-in.a
  CC [M]  net/bluetooth/rfcomm/core.o
  CC [M]  net/tls/tls_strp.o
  CC      drivers/dma-buf/dma-fence-array.o
  CC [M]  fs/hfs/part_tbl.o
  CC      drivers/base/cpu.o
  CC [M]  fs/smb/client/trace.o
  CC [M]  fs/lockd/clntxdr.o
  CC [M]  fs/nfs/dir.o
  CC [M]  net/netfilter/nf_nat_redirect.o
  CC [M]  fs/ntfs/attrib.o
  CC      drivers/dma-buf/dma-fence-chain.o
  CC      net/mptcp/ctrl.o
  CC      kernel/sys.o
  CC [M]  fs/hfs/string.o
  CC      net/ipv6/fib6_notifier.o
  CC      drivers/base/firmware.o
  CC [M]  fs/hfsplus/wrapper.o
  CC [M]  fs/smb/client/cifsfs.o
  CC [M]  fs/nfsd/nfsfh.o
  CC      drivers/base/init.o
  CC      drivers/dma-buf/dma-fence-unwrap.o
  CC      net/ipv4/af_inet.o
  CC [M]  fs/hfs/super.o
  CC [M]  fs/lockd/host.o
  CC [M]  net/tls/tls_device.o
  CC [M]  fs/ntfs/collate.o
  CC [M]  fs/hfsplus/bitmap.o
  CC      net/ipv6/rpl.o
  CC [M]  net/netfilter/nf_nat_masquerade.o
  CC      drivers/dma-buf/dma-resv.o
  CC [M]  net/bluetooth/rfcomm/sock.o
  CC      drivers/base/map.o
  CC      net/mptcp/pm.o
  CC [M]  fs/ntfs/compress.o
  CC [M]  fs/hfs/sysdep.o
  CC [M]  fs/hfsplus/part_tbl.o
  CC      drivers/base/devres.o
  CC [M]  fs/nfsd/vfs.o
  CC      drivers/dma-buf/dma-heap.o
  CC [M]  fs/smb/client/cifs_debug.o
  CC      kernel/umh.o
  CC [M]  fs/nfs/file.o
  CC [M]  fs/lockd/svc.o
  CC      net/ipv6/ioam6.o
  CC [M]  fs/hfs/trans.o
  CC [M]  net/netfilter/nf_conncount.o
  CC [M]  fs/hfsplus/attributes.o
  CC [M]  net/bluetooth/rfcomm/tty.o
  CC [M]  fs/ntfs/debug.o
  CC      drivers/base/attribute_container.o
  AR      drivers/dma-buf/built-in.a
  CC [M]  fs/hfsplus/xattr.o
  CC      net/mptcp/diag.o
  LD [M]  fs/hfs/hfs.o
  CC [M]  net/tls/tls_device_fallback.o
  CC      net/ipv4/igmp.o
  CC      net/ipv4/fib_frontend.o
  CC      kernel/workqueue.o
  CC [M]  fs/ntfs/dir.o
  CC [M]  fs/hfsplus/xattr_user.o
  CC [M]  fs/lockd/svclock.o
  CC      drivers/base/transport_class.o
  CC [M]  fs/smb/client/connect.o
  CC [M]  fs/nfs/getroot.o
  CC      net/ipv6/sysctl_net_ipv6.o
  CC [M]  fs/nfsd/export.o
  CC [M]  net/netfilter/nf_tables_core.o
  CC      drivers/base/topology.o
  CC      net/ipv4/fib_semantics.o
  CC [M]  fs/hfsplus/xattr_security.o
  CC      net/mptcp/mib.o
  LD [M]  net/bluetooth/rfcomm/rfcomm.o
  CC [M]  net/bluetooth/bnep/core.o
  CC [M]  fs/ntfs/file.o
  LD [M]  net/tls/tls.o
  CC      net/ipv4/fib_trie.o
  CC      drivers/base/container.o
  CC [M]  fs/hfsplus/xattr_trusted.o
  CC [M]  fs/nfs/inode.o
  CC      net/ipv6/ip6mr.o
  CC [M]  fs/lockd/svcshare.o
  CC [M]  fs/lockd/svcproc.o
  CC [M]  net/netfilter/nf_tables_api.o
  CC      drivers/base/property.o
  CC [M]  fs/ntfs/index.o
  CC      net/mptcp/pm_netlink.o
  LD [M]  fs/hfsplus/hfsplus.o
  CC      net/ipv6/netfilter.o
  CC [M]  fs/nfsd/auth.o
  CC [M]  net/bluetooth/bnep/sock.o
  CC      net/ipv4/fib_notifier.o
  CC [M]  fs/smb/server/unicode.o
  CC [M]  fs/ntfs/inode.o
  CC      kernel/pid.o
  CC [M]  fs/lockd/svcsubs.o
  CC [M]  fs/nfsd/lockd.o
  CC [M]  fs/smb/client/dir.o
  CC      drivers/base/cacheinfo.o
  CC [M]  fs/smb/server/auth.o
  CC [M]  net/bluetooth/bnep/netdev.o
  AR      drivers/cxl/core/built-in.a
  CC      drivers/base/swnode.o
  AR      drivers/cxl/built-in.a
  CC [M]  net/netfilter/nft_chain_filter.o
  CC [M]  net/sunrpc/auth_gss/auth_gss.o
  CC      net/ipv4/inet_fragment.o
  CC [M]  fs/nfs/super.o
  CC [M]  fs/nfsd/nfscache.o
  CC [M]  fs/nfsd/stats.o
  CC [M]  fs/ntfs/mft.o
  CC [M]  fs/lockd/mon.o
  CC      kernel/task_work.o
  CC      net/ipv6/fib6_rules.o
  CC      drivers/base/node.o
  CC      net/mptcp/sockopt.o
  CC [M]  fs/smb/client/file.o
  LD [M]  net/bluetooth/bnep/bnep.o
  CC [M]  net/bluetooth/hidp/core.o
  CC [M]  fs/ntfs/mst.o
  CC      kernel/extable.o
  CC [M]  fs/smb/server/vfs.o
  CC [M]  net/rxrpc/af_rxrpc.o
  AR      drivers/macintosh/built-in.a
  CC [M]  net/sunrpc/auth_gss/gss_generic_token.o
  CC [M]  fs/nfs/io.o
  CC [M]  fs/lockd/trace.o
  CC      net/ipv4/ping.o
  CC [M]  fs/nfsd/filecache.o
  CC      drivers/base/module.o
  CC      net/ipv6/proc.o
  CC [M]  fs/ntfs/namei.o
  CC      net/mptcp/pm_userspace.o
  CC      drivers/base/soc.o
  CC      kernel/params.o
  CC [M]  net/sunrpc/auth_gss/gss_mech_switch.o
  CC [M]  fs/lockd/xdr.o
  CC [M]  fs/ntfs/runlist.o
  CC [M]  net/bluetooth/hidp/sock.o
  CC [M]  fs/nfs/direct.o
  CC      drivers/base/pinctrl.o
  CC [M]  net/rxrpc/call_accept.o
  CC      net/ipv4/ip_tunnel_core.o
  CC      net/ipv6/syncookies.o
  CC      kernel/kthread.o
  CC [M]  fs/nfsd/nfs3proc.o
  CC [M]  fs/smb/server/vfs_cache.o
  CC      drivers/base/platform-msi.o
  CC [M]  fs/lockd/clnt4xdr.o
  CC      net/mptcp/fastopen.o
  CC [M]  net/sunrpc/auth_gss/svcauth_gss.o
  CC [M]  fs/ntfs/super.o
  CC [M]  fs/smb/client/inode.o
  LD [M]  net/bluetooth/hidp/hidp.o
  CC [M]  net/bluetooth/af_bluetooth.o
  CC      drivers/base/arch_topology.o
  CC [M]  net/rxrpc/call_event.o
  CC [M]  fs/nfs/pagelist.o
  CC      kernel/sys_ni.o
  CC      net/ipv6/seg6_iptunnel.o
  CC [M]  fs/nfsd/nfs3xdr.o
  CC [M]  net/netfilter/nf_tables_trace.o
  CC [M]  fs/lockd/xdr4.o
  CC      net/mptcp/sched.o
  CC      net/ipv4/gre_offload.o
  CC      kernel/nsproxy.o
  CC [M]  fs/smb/server/server.o
  CC [M]  fs/ntfs/sysctl.o
  CC [M]  fs/ntfs/unistr.o
  CC      drivers/base/arch_numa.o
  CC [M]  net/bluetooth/hci_core.o
  CC [M]  net/sunrpc/auth_gss/gss_rpc_upcall.o
  CC [M]  net/bluetooth/hci_conn.o
  CC [M]  net/rxrpc/call_object.o
  CC [M]  fs/ntfs/upcase.o
  CC [M]  net/netfilter/nft_immediate.o
  CC      kernel/notifier.o
  CC [M]  fs/lockd/svc4proc.o
  CC [M]  fs/smb/client/link.o
  CC      drivers/base/numa_emulation.o
  CC      net/ipv4/metrics.o
  CC      net/mptcp/syncookies.o
  CC      net/ipv6/seg6_local.o
  CC [M]  fs/nfs/read.o
  CC [M]  fs/nfsd/nfs4proc.o
  CC [M]  fs/smb/server/ndr.o
  LD [M]  fs/ntfs/ntfs.o
  CC      drivers/scsi/scsi.o
  AR      drivers/base/built-in.a
  CC [M]  net/sunrpc/auth_gss/gss_rpc_xdr.o
  CC      drivers/scsi/hosts.o
  CC      kernel/ksysfs.o
  CC [M]  fs/lockd/procfs.o
  CC [M]  fs/smb/server/misc.o
  CC [M]  net/netfilter/nft_cmp.o
  CC [M]  fs/smb/client/misc.o
  CC [M]  net/rxrpc/call_state.o
  CC      net/ipv4/netlink.o
  CC      net/mptcp/bpf.o
  CC      kernel/cred.o
  CC [M]  fs/smb/client/netmisc.o
  CC [M]  fs/nfs/symlink.o
  CC      drivers/scsi/scsi_ioctl.o
  CC [M]  net/sunrpc/auth_gss/trace.o
  CC [M]  net/atm/addr.o
  LD [M]  fs/lockd/lockd.o
  CC [M]  net/sunrpc/clnt.o
  CC      net/ipv6/addrconf_core.o
  CC [M]  net/rxrpc/conn_client.o
  CC [M]  net/netfilter/nft_range.o
  CC      net/ipv4/nexthop.o
  CC [M]  net/bluetooth/hci_event.o
  CC      kernel/reboot.o
  CC [M]  fs/smb/server/oplock.o
  CC [M]  fs/nfs/unlink.o
  CC      drivers/scsi/scsicam.o
  CC [M]  net/sunrpc/auth_gss/gss_krb5_mech.o
  CC [M]  net/mptcp/mptcp_diag.o
  CC [M]  fs/smb/client/smbencrypt.o
  CC [M]  fs/nfsd/nfs4xdr.o
  CC [M]  fs/ntfs3/attrib.o
  CC [M]  net/atm/pvc.o
  CC      net/ipv6/exthdrs_core.o
  CC      drivers/scsi/scsi_error.o
  CC [M]  net/netfilter/nft_bitwise.o
  CC      kernel/async.o
  CC [M]  net/sunrpc/auth_gss/gss_krb5_seal.o
  CC [M]  net/rxrpc/conn_event.o
  CC [M]  fs/smb/client/transport.o
  CC [M]  fs/nfs/write.o
  CC [M]  net/atm/signaling.o
  AR      net/mptcp/built-in.a
  CC [M]  fs/nfsd/nfs4state.o
  CC [M]  net/sunrpc/auth_gss/gss_krb5_unseal.o
  CC      kernel/range.o
  CC      net/ipv6/ip6_checksum.o
  CC      kernel/smpboot.o
  CC      net/ipv4/udp_tunnel_stub.o
  CC [M]  fs/smb/server/connection.o
  CC [M]  net/netfilter/nft_byteorder.o
  CC [M]  fs/ntfs3/attrlist.o
  CC [M]  net/sunrpc/auth_gss/gss_krb5_wrap.o
  CC [M]  net/rxrpc/conn_object.o
  CC      kernel/ucount.o
  CC [M]  net/rxrpc/conn_service.o
  CC [M]  net/atm/svc.o
  CC      drivers/scsi/scsi_lib.o
  CC      net/ipv6/ip6_icmp.o
  CC      net/ipv4/sysctl_net_ipv4.o
  CC [M]  net/sunrpc/auth_gss/gss_krb5_crypto.o
  CC      kernel/regset.o
  CC [M]  fs/ntfs3/bitfunc.o
  CC [M]  fs/smb/client/cached_dir.o
  CC [M]  net/netfilter/nft_payload.o
  CC      kernel/ksyms_common.o
  CC [M]  fs/nfs/namespace.o
  CC      drivers/nvme/host/core.o
  CC [M]  fs/smb/server/ksmbd_work.o
  CC      net/ipv6/output_core.o
  CC [M]  net/rxrpc/input.o
  CC [M]  net/atm/ioctl.o
  CC [M]  fs/ntfs3/bitmap.o
  CC [M]  fs/ntfs3/dir.o
  CC [M]  net/bluetooth/mgmt.o
  CC      kernel/groups.o
  CC [M]  net/sunrpc/auth_gss/gss_krb5_keys.o
  CC      drivers/scsi/scsi_lib_dma.o
  CC      net/ipv4/proc.o
  CC [M]  fs/nfs/mount_clnt.o
  CC [M]  net/netfilter/nft_lookup.o
  CC [M]  fs/smb/client/cifs_unicode.o
  CC      net/ipv6/protocol.o
  CC [M]  fs/smb/server/crypto_ctx.o
  CC      kernel/vhost_task.o
  CC [M]  net/atm/common.o
  CC      drivers/scsi/scsi_scan.o
  LD [M]  net/sunrpc/auth_gss/auth_rpcgss.o
  LD [M]  net/sunrpc/auth_gss/rpcsec_gss_krb5.o
  CC [M]  net/sunrpc/xprt.o
  CC [M]  fs/ntfs3/fsntfs.o
  CC [M]  net/atm/atm_misc.o
  CC [M]  net/rxrpc/insecure.o
  CC      kernel/freezer.o
  CC [M]  fs/smb/server/mgmt/ksmbd_ida.o
  CC      net/ipv6/ip6_offload.o
  CC [M]  net/netfilter/nft_dynset.o
  CC [M]  fs/nfs/nfstrace.o
  CC [M]  fs/smb/client/nterr.o
  CC      net/ipv4/fib_rules.o
  CC [M]  fs/smb/server/mgmt/user_config.o
  CC      kernel/smp.o
  CC [M]  net/rxrpc/io_thread.o
  GEN     drivers/scsi/scsi_devinfo_tbl.c
  CC      drivers/scsi/scsi_devinfo.o
  CC      net/ipv4/ipmr.o
  CC [M]  fs/smb/client/cifsencrypt.o
  CC [M]  net/atm/raw.o
  CC [M]  fs/smb/server/mgmt/share_config.o
  CC      drivers/nvme/host/ioctl.o
  CC [M]  fs/ntfs3/frecord.o
  CC [M]  fs/nfs/export.o
  CC [M]  fs/nfsd/nfs4idmap.o
  CC [M]  net/netfilter/nft_meta.o
  CC [M]  net/sunrpc/socklib.o
  CC      kernel/kallsyms.o
  CC      drivers/scsi/scsi_sysctl.o
  CC      net/ipv6/tcpv6_offload.o
  CC [M]  fs/nfsd/nfs4acl.o
  CC [M]  net/atm/resources.o
  CC [M]  net/rxrpc/key.o
  CC [M]  fs/smb/client/readdir.o
  CC      drivers/scsi/scsi_trace.o
  CC      drivers/nvme/host/sysfs.o
  CC [M]  fs/smb/server/mgmt/tree_connect.o
  CC [M]  fs/nfs/sysfs.o
  CC [M]  net/sunrpc/xprtsock.o
  CC      kernel/utsname.o
  CC      drivers/mtd/parsers/ofpart_core.o
  CC [M]  net/netfilter/nft_rt.o
  CC      net/ipv6/exthdrs_offload.o
  CC [M]  fs/ntfs3/file.o
  CC [M]  fs/nfsd/nfs4callback.o
  CC      drivers/scsi/scsi_logging.o
  CC      kernel/user_namespace.o
  CC [M]  net/atm/atm_sysfs.o
  AR      drivers/mtd/parsers/built-in.a
  CC [M]  net/rxrpc/local_event.o
  CC      drivers/nvme/host/pr.o
  CC      drivers/mtd/mtdsplit/mtdsplit.o
  CC [M]  net/bluetooth/hci_sock.o
  CC      net/ipv4/ipmr_base.o
  CC [M]  fs/smb/server/mgmt/user_session.o
  CC [M]  fs/smb/client/ioctl.o
  CC [M]  fs/nfs/fs_context.o
  CC      drivers/mtd/mtdsplit/mtdsplit_squashfs.o
  CC      net/ipv6/inet6_hashtables.o
  CC [M]  net/netfilter/nft_exthdr.o
  CC      drivers/scsi/scsi_pm.o
  CC      drivers/nvme/host/pci.o
  CC [M]  net/atm/proc.o
  CC      kernel/pid_namespace.o
  CC [M]  fs/ntfs3/fslog.o
  CC [M]  net/rxrpc/local_object.o
  AR      drivers/mtd/mtdsplit/built-in.a
  CC      drivers/mtd/chips/chipreg.o
  CC [M]  fs/nfsd/nfs4recover.o
  CC      drivers/scsi/scsi_common.o
  CC      net/ipv4/syncookies.o
  CC [M]  net/sunrpc/sched.o
  CC      drivers/mtd/chips/cfi_probe.o
  CC [M]  fs/smb/server/smb_common.o
  CC      kernel/stop_machine.o
  CC [M]  fs/smb/client/sess.o
  CC [M]  fs/nfs/sysctl.o
  CC [M]  net/bluetooth/hci_sysfs.o
  CC      drivers/scsi/sd.o
  CC [M]  net/atm/br2684.o
  CC      net/ipv6/mcast_snoop.o
  CC [M]  net/netfilter/nft_last.o
  CC      drivers/mtd/chips/cfi_util.o
  CC [M]  net/rxrpc/misc.o
  CC      kernel/seccomp.o
  CC      net/ipv4/netfilter.o
  CC [M]  fs/nfs/nfs3super.o
  AR      drivers/nvme/host/built-in.a
  AR      drivers/nvme/target/built-in.a
  AR      drivers/nvme/built-in.a
  CC [M]  net/bluetooth/l2cap_core.o
  CC      drivers/mtd/chips/cfi_cmdset_0002.o
  LD [M]  fs/nfsd/nfsd.o
  CC [M]  net/sctp/sm_statetable.o
  CC [M]  net/sunrpc/auth.o
  CC      net/ipv4/tcp_cubic.o
  CC [M]  net/ipv6/tunnel6.o
  CC [M]  net/netfilter/nft_counter.o
  CC [M]  fs/smb/server/transport_tcp.o
  CC [M]  net/rxrpc/net_ns.o
  LD [M]  net/atm/atm.o
  CC [M]  net/ipv6/sit.o
  CC [M]  fs/smb/client/export.o
  CC [M]  net/sctp/sm_statefuns.o
  CC [M]  fs/ntfs3/inode.o
  CC [M]  fs/nfs/nfs3client.o
  CC [M]  net/rxrpc/output.o
  CC      kernel/relay.o
  CC [M]  net/sunrpc/auth_null.o
  CC [M]  net/netfilter/nft_objref.o
  CC [M]  net/rxrpc/peer_event.o
  CC      net/ipv4/tcp_bpf.o
  CC [M]  drivers/scsi/st.o
  CC [M]  fs/ntfs3/index.o
  CC [M]  fs/smb/server/transport_ipc.o
  CC [M]  fs/smb/client/unc.o
  CC      drivers/mtd/chips/cfi_cmdset_0001.o
  CC [M]  fs/nfs/nfs3proc.o
  CC [M]  net/sunrpc/auth_tls.o
  CC [M]  drivers/scsi/sr.o
  CC [M]  net/netfilter/nft_inner.o
  CC [M]  net/ipv6/ip6_tunnel.o
  CC [M]  net/netfilter/nft_chain_route.o
  CC [M]  net/rxrpc/peer_object.o
  CC      kernel/utsname_sysctl.o
  CC [M]  fs/smb/client/winucase.o
  CC [M]  fs/smb/client/smb2ops.o
  CC      kernel/irq_work.o
  CC [M]  fs/smb/server/smbacl.o
  CC [M]  fs/ntfs3/lznt.o
  CC      net/ipv4/udp_bpf.o
  CC      drivers/mtd/chips/gen_probe.o
  CC [M]  fs/nfs/nfs3xdr.o
  CC [M]  net/bluetooth/l2cap_sock.o
  CC [M]  net/sunrpc/auth_unix.o
  CC      drivers/spi/spi.o
  CC      kernel/cpu_pm.o
  CC [M]  net/netfilter/nf_tables_offload.o
  CC [M]  net/rxrpc/recvmsg.o
